1.24E-06,1.24E-06,7.01E-07,7.01E-07,5.58E-07,6.40E-07,6.40E-07,6.00E-07,6.00E-07,5.74E-07,6.66E-07,6.66E-07,6.76E-07,6.76E-07,5.16E-07,1.76E-05,1.76E-05,2.68E-06,2.68E-06,1.56E-06,1.78E-06,1.78E-06,2.20E-06,2.20E-06,1.39E-06,1.90E-06,1.90E-06,1.29E-06,1.29E-06,1.88E-06,1.66E-06,1.66E-06,1.81E-05,1.81E-05,3.25E-06,1.59E-06,1.59E-06,1.46E-06,1.46E-06,1.44E-06,1.27E-06,1.27E-06,1.25E-06,1.25E-06,0.46675092,6.34E-06,6.34E-06,7.06E-06,7.06E-06,1.28E-05,1.21E-06,1.21E-06,4.93E-07,4.93E-07,5.48E-07,5.28E-07,5.28E-07,7.28E-07,7.28E-07,5.61E-07,5.92E-07,5.92E-07,8.04E-07,8.04E-07,1.04E-06,1.62E-05,1.62E-05,2.09E-06,2.09E-06,1.64E-06,1.71E-06,1.71E-06,1.11E-06,1.11E-06,1.21E-06,1.36E-06,1.36E-06,1.46E-06,1.46E-06,1.23E-06,0.7200412,0.7200412,0.745569,0.745569,1.78E-05,1.63E-06,1.63E-06,9.73E-07,9.73E-07,7.20E-07,6.05E-07,6.05E-07,5.27E-07,5.27E-07,4.70E-07,4.52E-07,4.52E-07,3.91E-07,3.91E-07,8.43E-06,1.05E-06,1.05E-06,6.20E-07,6.20E-07,7.07E-07,6.73E-07,6.73E-07,6.90E-07,6.90E-07,6.84E-07,6.78E-07,6.78E-07,5.50E-07,5.50E-07,0.31374243,0.19003054,0.19003054,0.118343174,0.118343174,4.42E-06,8.15E-07,8.15E-07,5.22E-07,5.22E-07,3.21E-07,3.36E-07,3.36E-07,3.35E-07,3.35E-07,3.68E-07,5.90E-07,5.90E-07,0.8218104,0.8218104,0.96014565,0.000321183,0.000321183,0.000369974,0.000369974,8.09E-07,3.60E-07,3.60E-07,2.44E-07,2.44E-07,2.43E-07,2.92E-07,2.92E-07,2.88E-07,2.88E-07,7.71E-06,9.63E-07,9.63E-07,0.3003213,0.3003213,0.9686366,0.99113244,0.99113244,0.9872519,0.9872519,0.8175418,0.34810245,0.34810245,1.27E-06,1.27E-06,3.08E-07,8.18E-06,8.18E-06,8.44E-07,8.44E-07,4.47E-07,3.96E-07,3.96E-07,1.17E-06,1.17E-06,0.95546323,0.000250553,0.000250553,0.000673452,0.000673452,1.34E-06,5.48E-07,5.48E-07,8.22E-06,8.22E-06,7.81E-07,5.16E-07,5.16E-07,4.55E-07,4.55E-07,3.79E-07,3.32E-07,3.32E-07,3.75E-07,3.75E-07,2.70E-07,3.01E-07,3.01E-07,3.00E-07,3.00E-07,8.53E-06,7.17E-07,7.17E-07,4.18E-07,4.18E-07,3.17E-07,2.96E-07,2.96E-07,2.84E-07,2.84E-07,2.75E-07,2.49E-07,2.49E-07,0.41202,0.41202,0.47927684,7.99E-05,7.99E-05,1.24E-05,1.24E-05,1.75E-06,8.43E-07,8.43E-07,6.75E-07,6.75E-07,6.38E-07,0
6.40E-07,6.40E-07,6.98E-07,6.98E-07,5.89E-07,4.88E-07,4.88E-07,6.93E-06,6.93E-06,6.83E-07,4.21E-07,4.21E-07,3.79E-07,3.79E-07,3.91E-07,3.54E-07,3.54E-07,3.75E-07,3.75E-07,3.20E-07,3.18E-07,3.18E-07,2.58E-07,2.58E-07,7.35E-06,7.04E-07,7.04E-07,5.45E-07,5.45E-07,0.08666554,0.13171658,0.13171658,0.12941232,0.12941232,4.60E-06,5.20E-07,5.20E-07,3.38E-07,3.38E-07,3.15E-07,6.52E-06,6.52E-06,6.66E-07,6.66E-07,3.96E-07,3.53E-07,3.53E-07,3.99E-07,3.99E-07,3.53E-07,3.10E-07,3.10E-07,2.98E-07,2.98E-07,2.76E-07,2.53E-07,2.53E-07,6.78E-06,6.78E-06,5.80E-07,3.32E-07,3.32E-07,2.78E-07,2.78E-07,2.91E-07,2.81E-07,2.81E-07,2.36E-07,2.36E-07,2.34E-07,2.77E-07,2.77E-07,3.17E-07,3.17E-07,1.17E-05,0.9520567,0.9520567,0.98583907,0.98583907,0.00243894,7.87E-06,7.87E-06,5.67E-06,5.67E-06,1.15E-06,7.25E-07,7.25E-07,5.45E-07,5.45E-07,5.68E-07,7.72E-06,7.72E-06,7.96E-07,7.96E-07,4.71E-07,3.00E-07,3.00E-07,3.24E-07,3.24E-07,2.94E-07,2.54E-07,2.54E-07,2.50E-07,2.50E-07,2.68E-07,2.38E-07,2.38E-07,9.17E-06,9.17E-06,7.92E-07,4.32E-07,4.32E-07,3.79E-07,3.79E-07,0.11019048,0.8777789,0.8777789,0.5195452,0.5195452,3.48E-05,1.14E-06,1.14E-06,8.31E-07,8.31E-07,1.13E-05,1.10E-06,1.10E-06,6.66E-07,6.66E-07,3.86E-07,3.02E-07,3.02E-07,2.99E-07,2.99E-07,3.51E-07,3.04E-07,3.04E-07,3.70E-07,3.70E-07,3.44E-07,8.92E-06,8.92E-06,1.02E-06,1.02E-06,5.07E-07,4.57E-07,4.57E-07,3.85E-07,3.85E-07,3.98E-07,4.06E-07,4.06E-07,3.91E-07,3.91E-07,3.58E-07,3.09E-07,3.09E-07,7.82E-06,7.82E-06,6.32E-07,3.81E-07,3.81E-07,2.91E-07,2.91E-07,2.82E-07,2.79E-07,2.79E-07,3.06E-07,3.06E-07,2.76E-07,0.83098525,0.83098525,0.95577633,0.95577633,0.89778924,0.000207927,0.000207927,1.43E-06,1.43E-06,6.17E-07,4.02E-07,4.02E-07,3.44E-07,3.44E-07,3.89E-07,3.83E-07,3.83E-07,3.73E-07,3.73E-07,3.78E-07,7.40E-06,7.40E-06,7.58E-07,7.58E-07,4.83E-07,3.54E-07,3.54E-07,3.24E-07,3.24E-07,3.43E-07,3.64E-07,3.64E-07,2.54E-07,2.54E-07,7.57E-07,0.001971106,0.001971106,0.000584112,0.000584112,3.31E-06,1.32E-06,1.32E-06,1.11E-06,1.11E-06,8.08E-07,4.95E-07,4.95E-07,3.63E-07,3.63E-07,2.98E-07,3.17E-07,3.17E-07,2.79E-07,2.79E-07,7.70E-06,0
5.96E-07,5.96E-07,3.79E-07,3.79E-07,3.24E-07,2.98E-07,2.98E-07,3.46E-07,3.46E-07,3.36E-07,2.99E-07,2.99E-07,3.33E-07,3.33E-07,2.70E-07,5.72E-06,5.72E-06,6.05E-07,6.05E-07,3.47E-07,3.19E-07,3.19E-07,3.28E-07,3.28E-07,0.9468352,0.9378034,0.9378034,0.96794933,0.96794933,2.96E-06,3.61E-07,3.61E-07,6.10E-06,6.10E-06,6.76E-07,3.70E-07,3.70E-07,3.49E-07,3.49E-07,3.50E-07,2.04E-06,2.04E-06,0.5433092,0.5433092,0.03897777,2.26E-06,2.26E-06,2.41E-06,2.41E-06,1.78E-05,1.86E-06,1.86E-06,9.75E-07,9.75E-07,6.63E-07,4.14E-07,4.14E-07,4.11E-07,4.11E-07,2.96E-07,2.60E-07,2.60E-07,2.86E-07,2.86E-07,3.08E-07,7.99E-06,7.99E-06,7.64E-07,7.64E-07,4.30E-07,3.98E-07,3.98E-07,2.91E-07,2.91E-07,3.16E-07,3.40E-07,3.40E-07,3.36E-07,3.36E-07,2.83E-07,6.38E-07,6.38E-07,0.8679586,0.8679586,0.114117816,5.17E-06,5.17E-06,2.03E-06,2.03E-06,8.25E-07,6.38E-07,6.38E-07,4.37E-07,4.37E-07,3.81E-07,3.29E-07,3.29E-07,3.34E-07,3.34E-07,8.48E-06,6.79E-07,6.79E-07,4.42E-07,4.42E-07,3.49E-07,3.54E-07,3.54E-07,3.41E-07,3.41E-07,3.62E-07,3.99E-07,3.99E-07,3.97E-07,3.97E-07,4.14E-07,7.91E-06,7.91E-06,7.64E-07,7.64E-07,4.62E-07,4.48E-07,4.48E-07,3.72E-07,3.72E-07,3.48E-07,3.26E-07,3.26E-07,3.10E-07,3.10E-07,3.40E-07,3.66E-07,3.66E-07,8.21E-06,8.21E-06,8.88E-07,4.70E-07,4.70E-07,3.59E-07,3.59E-07,2.16E-06,0.044466246,0.044466246,0.000563836,0.000563836,9.80E-07,8.57E-07,8.57E-07,7.88E-07,7.88E-07,1.17E-05,9.20E-07,9.20E-07,4.30E-07,4.30E-07,3.91E-07,5.76E-07,5.76E-07,6.94E-07,6.94E-07,0.17769608,0.17226689,0.17226689,2.73E-06,2.73E-06,7.82E-07,1.79E-05,1.79E-05,2.28E-06,2.28E-06,1.44E-06,7.51E-07,7.51E-07,5.02E-07,5.02E-07,6.50E-07,4.79E-07,4.79E-07,6.09E-07,6.09E-07,4.99E-07,3.60E-07,3.60E-07,1.11E-05,1.11E-05,8.62E-07,4.66E-07,4.66E-07,3.49E-07,3.49E-07,3.23E-07,3.59E-07,3.59E-07,4.02E-07,4.02E-07,3.94E-07,4.09E-07,4.09E-07,3.63E-07,3.63E-07,1.05E-05,0.000875163,0.000875163,0.82581705,0.82581705,0.3911059,2.15E-05,2.15E-05,1.27E-05,1.27E-05,1.54E-06,6.73E-07,6.73E-07,6.12E-07,6.12E-07,4.45E-07,7.53E-06,7.53E-06,6.93E-07,6.93E-07,4.03E-07,3.32E-07,3.32E-07,3.59E-07,3.59E-07,0.8058553,0
0.9787667,0.9787667,0.9746923,0.9746923,0.9187044,6.23E-06,6.23E-06,1.78E-05,1.78E-05,1.00E-06,5.48E-07,5.48E-07,4.94E-07,4.94E-07,4.37E-07,5.26E-07,5.26E-07,4.79E-07,4.79E-07,4.27E-07,4.89E-07,4.89E-07,4.98E-07,4.98E-07,1.04E-05,1.28E-06,1.28E-06,8.83E-07,8.83E-07,8.51E-07,8.69E-07,8.69E-07,1.21E-06,1.21E-06,1.07E-06,1.01E-06,1.01E-06,0.000609989,0.000609989,0.29112196,0.000473819,0.000473819,0.000101506,0.000101506,1.81E-06,7.31E-07,7.31E-07,6.51E-07,6.51E-07,4.08E-07,4.08E-07,4.08E-07,3.68E-07,3.68E-07,3.14E-07,3.29E-07,3.29E-07,6.72E-06,6.72E-06,6.80E-07,3.87E-07,3.87E-07,2.96E-07,2.96E-07,3.12E-07,3.16E-07,3.16E-07,3.43E-07,3.43E-07,3.25E-07,3.03E-07,3.03E-07,3.05E-07,3.05E-07,8.13E-06,1.05E-06,1.05E-06,6.36E-06,6.36E-06,0.39479935,1.14E-05,1.14E-05,9.06E-06,9.06E-06,7.81E-07,6.23E-07,6.23E-07,4.42E-07,4.42E-07,3.12E-07,1.17E-05,1.17E-05,1.02E-06,1.02E-06,5.48E-07,3.91E-07,3.91E-07,3.21E-07,3.21E-07,2.88E-07,3.00E-07,3.00E-07,2.78E-07,2.78E-07,2.77E-07,2.96E-07,2.96E-07,9.62E-06,9.62E-06,9.52E-07,5.85E-06,5.85E-06,3.86E-06,3.86E-06,0.25673836,0.12951946,0.12951946,1.10E-05,1.10E-05,1.09E-06,8.28E-07,8.28E-07,7.85E-07,7.85E-07,1.28E-05,1.31E-06,1.31E-06,6.18E-07,6.18E-07,5.49E-07,3.64E-07,3.64E-07,3.84E-07,3.84E-07,3.94E-07,5.44E-07,5.44E-07,4.88E-07,4.88E-07,4.56E-07,1.05E-05,1.05E-05,1.12E-06,1.12E-06,7.12E-07,5.93E-07,5.93E-07,5.90E-07,5.90E-07,4.95E-07,4.50E-07,4.50E-07,4.23E-07,4.23E-07,4.28E-07,3.69E-07,3.69E-07,7.31E-06,7.31E-06,9.98E-07,1.30E-06,1.30E-06,1.45E-06,1.45E-06,2.51E-06,5.37E-06,5.37E-06,7.13E-05,7.13E-05,8.49E-05,0.57503206,0.57503206,0.16245796,0.16245796,0.000176552,0.004465589,0.004465589,1.87E-05,1.87E-05,0.000854717,0.11511963,0.11511963,0.10706889,0.10706889,0.000572698,0.002647013,0.002647013,0.008133137,0.008133137,3.83E-05,0.001014845,0.001014845,0.000153373,0.000153373,0.00023891,0.001389409,0.001389409,8.41E-05,8.41E-05,7.34E-05,6.35E-05,6.35E-05,0.00018203,0.00018203,0.00161792,0.000621562,0.000621562,0.000621907,0.000621907,8.96E-05,0.000131965,0.000131965,0.000121966,0.000121966,2.33E-05,9.26E-05,9.26E-05,0.000184893,0.000184893,0.000148695,0.001328935,0.001328935,0.000640226,0.000640226,0.015725024,0
4.11E-06,4.11E-06,1.15E-06,1.15E-06,9.92E-07,1.18E-06,1.18E-06,1.07E-06,1.07E-06,1.29E-06,1.18E-06,1.18E-06,1.05E-06,1.05E-06,1.58E-06,1.61E-05,1.61E-05,2.67E-06,2.67E-06,1.99E-06,1.54E-06,1.54E-06,1.03E-06,1.03E-06,1.17E-06,1.48E-06,1.48E-06,1.20E-06,1.20E-06,9.83E-07,9.59E-07,9.59E-07,1.55E-05,1.55E-05,1.82E-06,1.16E-06,1.16E-06,1.08E-06,1.08E-06,1.31E-06,2.80E-06,2.80E-06,0.9558543,0.9558543,0.9548931,0.95724446,0.95724446,0.030421492,0.030421492,8.66E-05,2.06E-05,2.06E-05,2.35E-06,2.35E-06,2.48E-06,2.09E-06,2.09E-06,1.34E-06,1.34E-06,1.06E-06,9.66E-07,9.66E-07,1.13E-06,1.13E-06,9.90E-07,1.62E-05,1.62E-05,1.87E-06,1.87E-06,1.63E-06,1.16E-06,1.16E-06,1.09E-06,1.09E-06,1.09E-06,1.25E-06,1.25E-06,1.27E-06,1.27E-06,1.23E-06,1.13E-06,1.13E-06,1.41E-05,1.41E-05,1.81E-06,1.17E-06,1.17E-06,1.10E-06,1.10E-06,8.77E-07,9.07E-07,9.07E-07,9.13E-07,9.13E-07,8.62E-07,7.66E-07,7.66E-07,7.26E-07,7.26E-07,1.43E-05,0.049800776,0.049800776,0.9401556,0.9401556,0.39929676,3.10E-06,3.10E-06,1.24E-06,1.24E-06,9.52E-07,5.95E-07,5.95E-07,5.57E-07,5.57E-07,6.38E-07,1.26E-05,1.26E-05,1.56E-06,1.56E-06,1.25E-06,1.18E-06,1.18E-06,1.38E-06,1.38E-06,1.39E-06,1.62E-06,1.62E-06,2.94E-06,2.94E-06,0.9786234,0.9945866,0.9945866,0.8092792,0.8092792,4.89E-05,2.96E-06,2.96E-06,1.92E-06,1.92E-06,1.30E-06,1.02E-06,1.02E-06,6.98E-07,6.98E-07,6.47E-07,7.45E-07,7.45E-07,1.15E-06,1.15E-06,1.69E-05,2.68E-06,2.68E-06,1.85E-06,1.85E-06,1.48E-06,1.52E-06,1.52E-06,2.05E-06,2.05E-06,1.39E-06,1.31E-06,1.31E-06,1.25E-06,1.25E-06,1.46E-06,1.38E-05,1.38E-05,2.16E-06,2.16E-06,1.17E-06,1.15E-06,1.15E-06,7.58E-07,7.58E-07,7.03E-07,7.14E-07,7.14E-07,1.16E-06,1.16E-06,8.16E-07,8.06E-07,8.06E-07,1.24E-05,1.24E-05,1.70E-06,8.28E-07,8.28E-07,9.50E-07,9.50E-07,0.005473447,0.21463743,0.21463743,0.003532721,0.003532721,1.98E-06,1.05E-06,1.05E-06,5.50E-07,5.50E-07,1.31E-05,1.66E-06,1.66E-06,9.13E-07,9.13E-07,8.11E-07,1.08E-06,1.08E-06,1.34E-06,1.34E-06,9.37E-07,1.14E-06,1.14E-06,8.39E-07,8.39E-07,8.67E-07,9.93E-06,9.93E-06,1.40E-06,1.40E-06,7.39E-07,6.19E-07,6.19E-07,6.74E-07,6.74E-07,7.94E-07,0
8.50E-07,8.50E-07,7.28E-07,7.28E-07,7.67E-07,9.25E-07,9.25E-07,1.23E-05,1.23E-05,0.44430068,0.9831834,0.9831834,0.9100788,0.9100788,3.09E-05,1.25E-06,1.25E-06,5.81E-07,5.81E-07,4.79E-07,5.31E-07,5.31E-07,6.04E-07,6.04E-07,2.18E-05,2.59E-06,2.59E-06,1.66E-06,1.66E-06,1.64E-06,1.95E-06,1.95E-06,1.20E-06,1.20E-06,1.27E-06,9.24E-07,9.24E-07,9.69E-07,9.69E-07,9.51E-07,1.64E-05,1.64E-05,1.72E-06,1.72E-06,1.19E-06,1.07E-06,1.07E-06,1.15E-06,1.15E-06,1.02E-06,1.14E-06,1.14E-06,1.18E-06,1.18E-06,1.16E-06,1.16E-06,1.16E-06,1.21E-05,1.21E-05,1.64E-06,1.11E-06,1.11E-06,8.04E-07,8.04E-07,1.29E-06,7.94E-07,7.94E-07,8.66E-07,8.66E-07,1.02E-06,8.67E-07,8.67E-07,1.02E-06,1.02E-06,1.10E-05,1.56E-06,1.56E-06,8.12E-07,8.12E-07,8.46E-07,7.17E-07,7.17E-07,0.00565144,0.00565144,0.9454088,0.6476416,0.6476416,1.37E-05,1.37E-05,1.81E-06,2.26E-05,2.26E-05,1.83E-06,1.83E-06,1.14E-06,9.28E-07,9.28E-07,9.87E-07,9.87E-07,9.54E-07,1.07E-06,1.07E-06,9.46E-07,9.46E-07,1.64E-06,1.05E-06,1.05E-06,1.40E-05,1.40E-05,1.28E-06,8.57E-07,8.57E-07,8.66E-07,8.66E-07,6.89E-07,6.57E-07,6.57E-07,8.56E-07,8.56E-07,8.99E-07,7.12E-07,7.12E-07,7.30E-07,7.30E-07,1.53E-05,2.63E-06,2.63E-06,1.39E-06,1.39E-06,9.78E-07,9.64E-07,9.64E-07,9.96E-07,9.96E-07,7.98E-07,7.17E-07,7.17E-07,8.47E-07,8.47E-07,7.90E-07,1.09E-05,1.09E-05,1.28E-06,1.28E-06,8.05E-07,7.04E-07,7.04E-07,7.03E-07,7.03E-07,7.66E-07,0.030954449,0.030954449,0.8429432,0.8429432,0.005080384,8.92E-06,8.92E-06,3.15E-05,3.15E-05,2.32E-06,1.09E-06,1.09E-06,8.75E-07,8.75E-07,8.90E-07,1.20E-06,1.20E-06,1.11E-06,1.11E-06,1.15E-06,1.16E-06,1.16E-06,1.14E-06,1.14E-06,1.27E-05,1.81E-06,1.81E-06,1.16E-06,1.16E-06,1.20E-06,1.16E-06,1.16E-06,1.12E-06,1.12E-06,1.08E-06,1.13E-06,1.13E-06,1.46E-06,1.46E-06,0.7732713,0.98252845,0.98252845,0.9718013,0.9718013,0.001769605,9.04E-06,9.04E-06,2.48E-06,2.48E-06,2.37E-06,1.17E-06,1.17E-06,7.68E-07,7.68E-07,6.28E-07,4.89E-07,4.89E-07,1.63E-05,1.63E-05,2.56E-06,1.79E-06,1.79E-06,1.78E-06,1.78E-06,1.66E-06,1.72E-06,1.72E-06,1.35E-06,1.35E-06,1.03E-06,1.43E-06,1.43E-06,1.11E-06,1.11E-06,2.04E-05,0
8.63E-06,8.63E-06,3.61E-06,3.61E-06,3.21E-06,3.21E-06,3.05E-06,3.05E-06,2.05E-06,2.05E-06,1.51E-06,1.51E-06,1.70E-06,1.70E-06,1.29E-06,1.29E-06,1.11E-06,1.11E-06,1.14E-05,1.14E-05,1.59E-06,1.59E-06,1.10E-06,1.10E-06,6.62E-07,6.62E-07,4.68E-07,4.68E-07,5.14E-07,5.14E-07,5.42E-07,5.42E-07,6.68E-07,6.68E-07,7.60E-07,7.60E-07,7.66E-07,7.66E-07,8.98E-06,8.98E-06,1.55E-06,1.55E-06,8.54E-07,8.54E-07,6.90E-07,6.90E-07,7.08E-07,7.08E-07,6.75E-07,6.75E-07,6.89E-07,6.89E-07,6.25E-07,6.25E-07,5.57E-07,5.57E-07,5.89E-07,5.89E-07,9.74E-06,9.74E-06,1.22E-06,1.22E-06,1.10E-06,1.10E-06,1.18E-06,1.18E-06,1.15E-06,1.15E-06,1.02E-06,1.02E-06,1.06E-06,1.06E-06,6.12E-07,6.12E-07,5.17E-07,5.17E-07,4.90E-07,4.90E-07,7.40E-06,7.40E-06,1.00E-06,1.00E-06,7.32E-07,7.32E-07,7.08E-07,7.08E-07,6.14E-07,6.14E-07,6.47E-07,6.47E-07,6.11E-07,6.11E-07,6.37E-07,6.37E-07,6.26E-07,6.26E-07,6.18E-07,6.18E-07,9.01E-06,9.01E-06,1.21E-06,1.21E-06,7.81E-07,7.81E-07,7.55E-07,7.55E-07,6.93E-07,6.93E-07,7.18E-07,7.18E-07,6.69E-07,6.69E-07,6.62E-07,6.62E-07,7.18E-07,7.18E-07,6.30E-07,6.30E-07,9.77E-06,9.77E-06,1.22E-06,1.22E-06,1.09E-06,1.09E-06,0.048181493,0.048181493,0.97945833,0.97945833,0.97310174,0.97310174,0.9863511,0.9863511,0.9902256,0.9902256,0.9572103,0.9572103,0.9521396,0.9521396,0.91401607,0.91401607,0.52685255,0.52685255,0.7752713,0.7752713,0.74847674,0.74847674,0.6670084,0.6670084,0.44815013,0.44815013,0.58234453,0.58234453,0.47877556,0.47877556,0.35661808,0.35661808,0.0994463,0.0994463,0.5171141,0.5171141,0.48861396,0.48861396,0.06568641,0.06568641,0.13277414,0.13277414,0.069288254,0.069288254,0.07611651,0.07611651,0.08515397,0.08515397,0.05588133,0.05588133,0.013576574,0.013576574,0.007744133,0.007744133,0.15166967,0.15166967,0.016566122,0.016566122,0.12169398,0.12169398,0.001937306,0.001937306,2.12E-06,2.12E-06,4.94E-07,4.94E-07,5.87E-07,5.87E-07,5.52E-07,5.52E-07,6.31E-07,6.31E-07,5.36E-07,5.36E-07,1.78E-05,1.78E-05,0.5032989,0.5032989,0.8373605,0.8373605,0.8436208,0.8436208,0.9344787,0.9344787,0.93928504,0.93928504,0.9257066,0.9257066,0.3734134,0.3734134,0.30067506,0.30067506,0.25368983,0.25368983,0.7629575,0.7629575,0.7514852,0.7514852,0.927286,0.927286,0.81756616,0
0.81756616,0.91236275,0.91236275,0.8911421,0.8911421,0.23799217,0.23799217,0.90240353,0.90240353,0.92277265,0.92277265,0.8979951,0.8979951,0.95805776,0.95805776,0.9687206,0.9687206,0.64720416,0.64720416,0.42459735,0.42459735,0.8265196,0.8265196,0.55927956,0.55927956,0.58456856,0.58456856,0.5540605,0.5540605,0.5277929,0.5277929,0.106667414,0.106667414,0.62458855,0.62458855,0.63685906,0.63685906,0.8888287,0.8888287,0.7718204,0.7718204,0.48061454,0.48061454,0.5593688,0.5593688,0.19709918,0.19709918,0.30085385,0.30085385,3.15E-06,3.15E-06,4.83E-07,4.83E-07,1.05E-05,1.05E-05,1.33E-06,1.33E-06,1.33E-06,1.33E-06,1.29E-06,1.29E-06,8.22E-07,8.22E-07,1.04E-06,1.04E-06,6.47E-07,6.47E-07,5.42E-07,5.42E-07,6.60E-07,6.60E-07,7.90E-07,7.90E-07,1.27E-05,1.27E-05,1.60E-06,1.60E-06,1.29E-06,1.29E-06,1.05E-06,1.05E-06,5.98E-06,5.98E-06,0.3324524,0.3324524,0.9170167,0.9170167,0.9173794,0.9173794,0.9298011,0.9298011,0.9741554,0.9741554,0.50573206,0.50573206,6.66E-06,6.66E-06,1.15E-06,1.15E-06,1.84E-06,1.84E-06,1.68E-06,1.68E-06,7.01E-07,7.01E-07,1.36E-06,1.36E-06,1.21E-06,1.21E-06,5.95E-07,5.95E-07,4.85E-07,4.85E-07,8.37E-06,8.37E-06,1.02E-06,1.02E-06,1.34E-06,1.34E-06,7.31E-07,7.31E-07,5.38E-07,5.38E-07,7.33E-07,7.33E-07,5.64E-07,5.64E-07,7.13E-07,7.13E-07,7.54E-07,7.54E-07,7.54E-07,7.54E-07,8.06E-06,8.06E-06,1.34E-06,1.34E-06,1.59E-05,1.59E-05,6.44E-05,6.44E-05,1.11E-05,1.11E-05,4.09E-06,4.09E-06,6.67E-05,6.67E-05,0.06889846,0.06889846,0.003866004,0.003866004,4.45E-05,4.45E-05,5.13E-05,5.13E-05,3.98E-06,3.98E-06,1.69E-06,1.69E-06,1.42E-06,1.42E-06,1.69E-06,1.69E-06,9.41E-07,9.41E-07,7.60E-07,7.60E-07,8.82E-07,8.82E-07,9.08E-07,9.08E-07,8.28E-07,8.28E-07,1.30E-05,1.30E-05,1.43E-06,1.43E-06,1.15E-06,1.15E-06,1.20E-06,1.20E-06,4.93E-07,4.93E-07,6.04E-07,6.04E-07,6.68E-07,6.68E-07,7.56E-07,7.56E-07,7.97E-07,7.97E-07,8.21E-07,8.21E-07,1.11E-05,1.11E-05,2.20E-06,2.20E-06,1.20E-06,1.20E-06,1.23E-06,1.23E-06,8.55E-07,8.55E-07,9.78E-07,9.78E-07,6.97E-07,6.97E-07,7.54E-07,7.54E-07,6.40E-07,6.40E-07,9.54E-07,9.54E-07,7.87E-06,7.87E-06,7.69E-07,7.69E-07,6.18E-07,6.18E-07,1.10E-06,1.10E-06,1.61E-06,1.61E-06,0.016365355,0.016365355,0
0.137012,0.137012,1.76E-05,1.76E-05,2.30E-06,2.30E-06,8.81E-07,8.81E-07,2.08E-05,2.08E-05,2.76E-06,2.76E-06,1.15E-06,1.15E-06,8.80E-07,8.80E-07,7.46E-07,7.46E-07,1.06E-06,1.06E-06,1.01E-06,1.01E-06,7.65E-07,7.65E-07,8.56E-07,8.56E-07,5.57E-07,5.57E-07,1.02E-05,1.02E-05,1.08E-06,1.08E-06,7.41E-07,7.41E-07,7.83E-07,7.83E-07,6.42E-07,6.42E-07,6.65E-07,6.65E-07,6.13E-07,6.13E-07,6.31E-07,6.31E-07,7.64E-07,7.64E-07,7.19E-07,7.19E-07,1.37E-05,1.37E-05,2.57E-06,2.57E-06,1.50E-06,1.50E-06,1.27E-06,1.27E-06,1.34E-06,1.34E-06,1.39E-06,1.39E-06,2.12E-06,2.12E-06,7.70E-05,7.70E-05,0.000376251,0.000376251,8.57E-05,8.57E-05,3.45E-05,3.45E-05,2.13E-06,2.13E-06,2.04E-06,2.04E-06,1.57E-06,1.57E-06,2.01E-06,2.01E-06,1.82E-06,1.82E-06,4.13E-06,4.13E-06,0.08006318,0.08006318,0.11217703,0.11217703,0.32558987,0.32558987,0.082181126,0.082181126,0.020276697,0.020276697,0.000883985,0.000883985,5.47E-05,5.47E-05,3.81E-05,3.81E-05,5.04E-06,5.04E-06,2.31E-06,2.31E-06,1.52E-06,1.52E-06,2.04E-06,2.04E-06,2.03E-06,2.03E-06,3.34E-05,3.34E-05,0.0055697,0.0055697,0.004552266,0.004552266,2.68E-05,2.68E-05,2.01E-06,2.01E-06,1.58E-06,1.58E-06,1.47E-06,1.47E-06,6.90E-07,6.90E-07,7.23E-07,7.23E-07,7.73E-07,7.73E-07,1.11E-05,1.11E-05,1.26E-06,1.26E-06,8.76E-07,8.76E-07,7.06E-07,7.06E-07,7.02E-07,7.02E-07,7.08E-07,7.08E-07,6.77E-07,6.77E-07,5.96E-07,5.96E-07,5.77E-07,5.77E-07,5.35E-07,5.35E-07,6.38E-06,6.38E-06,9.81E-07,9.81E-07,5.67E-07,5.67E-07,8.80E-07,8.80E-07,7.44E-07,7.44E-07,4.41E-07,4.41E-07,4.49E-07,4.49E-07,3.93E-07,3.93E-07,4.04E-07,4.04E-07,4.15E-07,4.15E-07,8.64E-06,8.64E-06,1.24E-06,1.24E-06,5.41E-07,5.41E-07,4.59E-07,4.59E-07,4.11E-07,4.11E-07,3.84E-07,3.84E-07,3.98E-07,3.98E-07,3.65E-07,3.65E-07,3.73E-07,3.73E-07,4.93E-07,4.93E-07,1.07E-05,1.07E-05,1.68E-06,1.68E-06,1.14E-06,1.14E-06,5.01E-07,5.01E-07,5.27E-07,5.27E-07,9.08E-07,9.08E-07,4.54E-07,4.54E-07,4.81E-07,4.81E-07,5.19E-07,5.19E-07,5.77E-07,5.77E-07,1.30E-05,1.30E-05,1.28E-06,1.28E-06,1.35E-06,1.35E-06,1.22E-06,1.22E-06,6.66E-07,6.66E-07,1.09E-06,1.09E-06,6.25E-07,6.25E-07,9.71E-07,9.71E-07,9.90E-07,0
4.30E-06,4.30E-06,2.09E-06,2.09E-06,1.83E-06,1.83E-06,1.31E-06,1.31E-06,1.35E-06,1.35E-06,1.08E-06,1.08E-06,9.67E-07,9.67E-07,1.05E-06,1.05E-06,1.11E-06,1.11E-06,2.60E-05,2.60E-05,2.49E-06,2.49E-06,1.00E-06,1.00E-06,1.45E-06,1.45E-06,2.03E-06,2.03E-06,1.17E-06,1.17E-06,3.24E-06,3.24E-06,2.31E-06,2.31E-06,1.83E-06,1.83E-06,1.43E-06,1.43E-06,3.02E-05,3.02E-05,6.26E-06,6.26E-06,0.46493286,0.46493286,0.5779886,0.5779886,0.006716509,0.006716509,9.87E-05,9.87E-05,5.72E-06,5.72E-06,2.98E-06,2.98E-06,1.89E-06,1.89E-06,1.43E-06,1.43E-06,2.89E-05,2.89E-05,3.19E-06,3.19E-06,2.77E-06,2.77E-06,1.27E-06,1.27E-06,2.38E-06,2.38E-06,1.05E-06,1.05E-06,1.98E-06,1.98E-06,8.29E-07,8.29E-07,1.41E-06,1.41E-06,5.07E-07,5.07E-07,3.60E-05,3.60E-05,3.09E-06,3.09E-06,1.56E-06,1.56E-06,1.51E-06,1.51E-06,1.47E-06,1.47E-06,1.31E-06,1.31E-06,3.24E-06,3.24E-06,1.29E-06,1.29E-06,1.17E-06,1.17E-06,1.14E-06,1.14E-06,2.49E-05,2.49E-05,2.25E-06,2.25E-06,2.38E-06,2.38E-06,1.49E-06,1.49E-06,6.53E-07,6.53E-07,1.13E-06,1.13E-06,7.78E-07,7.78E-07,8.18E-07,8.18E-07,7.25E-07,7.25E-07,7.47E-07,7.47E-07,3.00E-05,3.00E-05,2.95E-06,2.95E-06,9.29E-07,9.29E-07,1.05E-06,1.05E-06,1.74E-06,1.74E-06,9.94E-07,9.94E-07,9.69E-07,9.69E-07,6.95E-07,6.95E-07,5.90E-07,5.90E-07,6.83E-07,6.83E-07,1.81E-05,1.81E-05,2.60E-06,2.60E-06,1.24E-06,1.24E-06,8.23E-07,8.23E-07,7.36E-07,7.36E-07,7.21E-07,7.21E-07,7.11E-07,7.11E-07,5.93E-07,5.93E-07,5.70E-07,5.70E-07,9.08E-07,9.08E-07,1.97E-05,1.97E-05,1.68E-06,1.68E-06,6.92E-07,6.92E-07,6.83E-07,6.83E-07,1.13E-06,1.13E-06,9.57E-07,9.57E-07,1.18E-06,1.18E-06,4.85E-07,4.85E-07,4.73E-07,4.73E-07,8.53E-07,8.53E-07,4.54E-05,4.54E-05,4.79E-06,4.79E-06,1.96E-06,1.96E-06,8.39E-07,8.39E-07,6.72E-07,6.72E-07,1.28E-06,1.28E-06,1.27E-06,1.27E-06,9.29E-07,9.29E-07,9.84E-07,9.84E-07,5.57E-07,5.57E-07,1.82E-05,1.82E-05,1.46E-06,1.46E-06,1.13E-06,1.13E-06,8.44E-07,8.44E-07,7.89E-07,7.89E-07,1.10E-06,1.10E-06,5.20E-07,5.20E-07,4.34E-07,4.34E-07,5.31E-07,5.31E-07,3.10E-07,3.10E-07,1.36E-05,1.36E-05,1.18E-06,1.18E-06,5.97E-07,5.97E-07,2.17E-06,0
2.17E-06,0.9444808,0.9444808,0.98629355,0.98629355,0.983116,0.983116,0.8994472,0.8994472,0.000802533,0.000802533,8.84E-06,8.84E-06,0.000196206,0.000196206,8.39E-06,8.39E-06,4.00E-06,4.00E-06,3.30E-06,3.30E-06,0.03076982,0.03076982,0.881639,0.881639,0.9409762,0.9409762,0.2040242,0.2040242,0.000539103,0.000539103,5.68E-06,5.68E-06,5.37E-05,5.37E-05,4.17E-06,4.17E-06,3.31E-06,3.31E-06,7.61E-07,7.61E-07,7.62E-07,7.62E-07,8.07E-07,8.07E-07,1.22E-06,1.22E-06,1.13E-06,1.13E-06,1.11E-06,1.11E-06,1.79E-06,1.79E-06,2.74E-05,2.74E-05,2.69E-06,2.69E-06,1.78E-06,1.78E-06,1.26E-06,1.26E-06,1.03E-06,1.03E-06,1.67E-06,1.67E-06,8.34E-07,8.34E-07,1.06E-06,1.06E-06,9.49E-07,9.49E-07,9.26E-07,9.26E-07,3.02E-05,3.02E-05,2.43E-06,2.43E-06,9.37E-07,9.37E-07,8.13E-07,8.13E-07,7.50E-07,7.50E-07,1.02E-06,1.02E-06,8.04E-07,8.04E-07,7.82E-07,7.82E-07,9.52E-07,9.52E-07,5.56E-07,5.56E-07,2.74E-05,2.74E-05,2.07E-06,2.07E-06,1.15E-06,1.15E-06,8.77E-07,8.77E-07,1.31E-06,1.31E-06,1.13E-06,1.13E-06,9.76E-07,9.76E-07,1.04E-06,1.04E-06,9.25E-07,9.25E-07,9.23E-07,9.23E-07,2.63E-05,2.63E-05,2.37E-06,2.37E-06,2.04E-06,2.04E-06,7.65E-07,7.65E-07,9.22E-07,9.22E-07,7.98E-07,7.98E-07,6.85E-07,6.85E-07,8.92E-07,8.92E-07,8.27E-07,8.27E-07,6.04E-07,6.04E-07,1.75E-05,1.75E-05,1.66E-06,1.66E-06,1.02E-06,1.02E-06,8.75E-07,8.75E-07,9.31E-07,9.31E-07,9.31E-07,9.31E-07,1.32E-06,1.32E-06,1.34E-06,1.34E-06,1.61E-06,1.61E-06,1.07E-06,1.07E-06,2.35E-05,2.35E-05,1.44E-06,1.44E-06,2.21E-06,2.21E-06,1.15E-06,1.15E-06,1.18E-06,1.18E-06,1.22E-06,1.22E-06,2.03E-06,2.03E-06,1.09E-06,1.09E-06,1.76E-06,1.76E-06,1.10E-06,1.10E-06,3.55E-05,3.55E-05,4.53E-06,4.53E-06,0.5263941,0.5263941,0.91573894,0.91573894,0.022756804,0.022756804,0.00063371,0.00063371,0.000184974,0.000184974,1.03E-05,1.03E-05,1.22E-05,1.22E-05,1.28E-05,1.28E-05,0.000153219,0.000153219,3.63E-05,3.63E-05,5.47E-06,5.47E-06,2.49E-06,2.49E-06,1.57E-06,1.57E-06,1.55E-06,1.55E-06,9.73E-07,9.73E-07,1.92E-06,1.92E-06,8.03E-07,8.03E-07,9.73E-07,9.73E-07,4.19E-05,4.19E-05,4.36E-06,4.36E-06,4.27E-06,4.27E-06,1.33E-06,1.33E-06,9.31E-07,9.31E-07,1.13E-06,1.13E-06,0
9.65E-07,9.65E-07,9.51E-07,9.51E-07,1.02E-06,1.02E-06,1.00E-06,1.00E-06,7.05E-05,7.05E-05,7.70E-06,7.70E-06,7.19E-06,7.19E-06,1.42E-06,1.42E-06,1.35E-06,1.35E-06,1.07E-06,1.07E-06,1.15E-06,1.15E-06,1.05E-06,1.05E-06,2.62E-06,2.62E-06,1.63E-06,1.63E-06,6.88E-05,6.88E-05,3.36E-06,3.36E-06,1.80E-06,1.80E-06,1.68E-06,1.68E-06,1.80E-06,1.80E-06,4.42E-06,4.42E-06,1.67E-06,1.67E-06,1.58E-06,1.58E-06,1.70E-06,1.70E-06,1.44E-06,1.44E-06,2.48E-05,2.48E-05,2.83E-06,2.83E-06,1.81E-06,1.81E-06,1.78E-06,1.78E-06,0.8362277,0.8362277,0.9591948,0.9591948,0.013889683,0.013889683,0.000809637,0.000809637,4.23E-05,4.23E-05,1.98E-06,1.98E-06,0.000102414,0.000102414,7.19E-06,7.19E-06,0.7990668,0.7990668,0.5941825,0.5941825,0.64667714,0.64667714,0.049669415,0.049669415,0.000211317,0.000211317,2.96E-05,2.96E-05,2.97E-06,2.97E-06,7.59E-06,7.59E-06,0.000125403,0.000125403,7.27E-06,7.27E-06,5.11E-06,5.11E-06,1.63E-06,1.63E-06,5.86E-06,5.86E-06,2.77E-06,2.77E-06,1.36E-06,1.36E-06,1.95E-06,1.95E-06,1.06E-06,1.06E-06,1.40E-06,1.40E-06,9.61E-05,9.61E-05,5.51E-06,5.51E-06,3.22E-06,3.22E-06,3.11E-06,3.11E-06,2.29E-06,2.29E-06,1.87E-06,1.87E-06,3.25E-06,3.25E-06,2.59E-06,2.59E-06,1.35E-06,1.35E-06,2.01E-06,2.01E-06,0.000102245,0.000102245,2.45E-06,2.45E-06,1.48E-06,1.48E-06,1.04E-06,1.04E-06,7.26E-07,7.26E-07,5.81E-07,5.81E-07,1.79E-06,1.79E-06,1.22E-06,1.22E-06,7.15E-07,7.15E-07,8.45E-07,8.45E-07,3.69E-05,3.69E-05,2.62E-06,2.62E-06,1.92E-06,1.92E-06,1.88E-06,1.88E-06,1.22E-06,1.22E-06,1.60E-06,1.60E-06,1.53E-06,1.53E-06,1.59E-06,1.59E-06,8.22E-07,8.22E-07,1.53E-06,1.53E-06,2.11E-05,2.11E-05,1.94E-06,1.94E-06,1.26E-06,1.26E-06,9.69E-07,9.69E-07,1.27E-06,1.27E-06,1.30E-06,1.30E-06,1.02E-06,1.02E-06,9.08E-07,9.08E-07,1.35E-06,1.35E-06,6.12E-07,6.12E-07,1.94E-05,1.94E-05,1.02E-06,1.02E-06,5.56E-07,5.56E-07,5.31E-07,5.31E-07,4.28E-07,4.28E-07,4.11E-07,4.11E-07,4.64E-07,4.64E-07,4.83E-07,4.83E-07,4.42E-07,4.42E-07,4.70E-07,4.70E-07,1.70E-05,1.70E-05,1.39E-06,1.39E-06,6.40E-07,6.40E-07,5.73E-07,5.73E-07,5.85E-07,5.85E-07,5.73E-07,5.73E-07,7.38E-07,7.38E-07,3.80E-07,3.80E-07,3.68E-07,0
3.68E-07,5.44E-07,5.44E-07,1.84E-05,1.84E-05,2.31E-06,2.31E-06,1.22E-06,1.22E-06,9.31E-07,9.31E-07,1.02E-06,1.02E-06,6.07E-07,6.07E-07,9.54E-07,9.54E-07,5.11E-07,5.11E-07,4.97E-07,4.97E-07,5.87E-07,5.87E-07,1.88E-05,1.88E-05,1.55E-06,1.55E-06,8.52E-07,8.52E-07,6.93E-07,6.93E-07,7.82E-07,7.82E-07,7.91E-07,7.91E-07,8.51E-07,8.51E-07,7.42E-07,7.42E-07,7.34E-07,7.34E-07,4.82E-07,4.82E-07,1.63E-05,1.63E-05,1.79E-06,1.79E-06,9.81E-07,9.81E-07,1.13E-06,1.13E-06,1.10E-06,1.10E-06,1.07E-06,1.07E-06,6.60E-07,6.60E-07,8.32E-07,8.32E-07,4.67E-07,4.67E-07,5.09E-07,5.09E-07,2.19E-05,2.19E-05,3.72E-06,3.72E-06,1.36E-06,1.36E-06,9.35E-07,9.35E-07,5.22E-07,5.22E-07,4.93E-07,4.93E-07,4.24E-05,4.24E-05,0.040063787,0.040063787,0.44037506,0.44037506,0.006129723,0.006129723,0.001369028,0.001369028,1.14E-05,1.14E-05,2.84E-06,2.84E-06,1.62E-06,1.62E-06,1.25E-06,1.25E-06,1.24E-06,1.24E-06,7.89E-07,7.89E-07,4.77E-07,4.77E-07,6.45E-07,6.45E-07,6.83E-07,6.83E-07,2.40E-05,2.40E-05,3.11E-06,3.11E-06,2.41E-06,2.41E-06,1.49E-06,1.49E-06,9.07E-07,9.07E-07,1.09E-06,1.09E-06,1.26E-06,1.26E-06,1.57E-06,1.57E-06,1.42E-06,1.42E-06,7.16E-07,7.16E-07,2.70E-05,2.70E-05,2.34E-06,2.34E-06,1.22E-06,1.22E-06,9.78E-07,9.78E-07,8.67E-07,8.67E-07,1.37E-06,1.37E-06,1.18E-06,1.18E-06,5.66E-07,5.66E-07,5.89E-07,5.89E-07,6.29E-07,6.29E-07,2.30E-05,2.30E-05,3.03E-06,3.03E-06,2.28E-06,2.28E-06,1.68E-06,1.68E-06,1.09E-06,1.09E-06,9.25E-07,9.25E-07,8.06E-07,8.06E-07,2.35E-06,2.35E-06,1.05E-06,1.05E-06,1.79E-06,1.79E-06,1.65E-05,1.65E-05,1.84E-06,1.84E-06,9.36E-07,9.36E-07,6.58E-07,6.58E-07,9.53E-07,9.53E-07,6.19E-07,6.19E-07,5.01E-07,5.01E-07,5.47E-07,5.47E-07,8.31E-07,8.31E-07,5.06E-07,5.06E-07,2.11E-05,2.11E-05,1.50E-06,1.50E-06,8.07E-07,8.07E-07,8.31E-07,8.31E-07,6.03E-07,6.03E-07,7.13E-07,7.13E-07,8.47E-07,8.47E-07,7.71E-07,7.71E-07,9.02E-07,9.02E-07,7.40E-07,7.40E-07,2.79E-05,2.79E-05,2.48E-06,2.48E-06,1.38E-06,1.38E-06,1.08E-06,1.08E-06,1.39E-06,1.39E-06,2.40E-06,2.40E-06,1.45E-06,1.45E-06,1.32E-06,1.32E-06,1.76E-06,1.76E-06,1.76E-06,1.76E-06,2.80E-05,2.80E-05,0
3.62E-06,3.62E-06,1.67E-06,1.67E-06,1.44E-06,1.44E-06,7.41E-07,7.41E-07,1.16E-06,1.16E-06,1.64E-06,1.64E-06,1.53E-06,1.53E-06,8.91E-07,8.91E-07,1.98E-06,1.98E-06,4.31E-05,4.31E-05,2.82E-06,2.82E-06,1.24E-06,1.24E-06,8.74E-07,8.74E-07,2.75E-06,2.75E-06,1.11E-06,1.11E-06,2.78E-06,2.78E-06,1.62E-06,1.62E-06,8.77E-07,8.77E-07,1.82E-06,1.82E-06,4.72E-05,4.72E-05,3.73E-06,3.73E-06,8.55E-07,8.55E-07,7.32E-07,7.32E-07,1.02E-06,1.02E-06,1.19E-06,1.19E-06,5.74E-07,5.74E-07,9.87E-06,9.87E-06,0.746155,0.746155,0.3210218,0.3210218,0.004907306,0.004907306,3.23E-05,3.23E-05,9.96E-06,9.96E-06,3.37E-06,3.37E-06,2.01E-06,2.01E-06,1.71E-06,1.71E-06,6.98E-07,6.98E-07,1.71E-06,1.71E-06,1.38E-06,1.38E-06,2.28E-06,2.28E-06,2.23E-05,2.23E-05,5.25E-06,5.25E-06,3.37E-06,3.37E-06,2.92E-06,2.92E-06,3.84E-06,3.84E-06,3.24E-06,3.24E-06,2.86E-06,2.86E-06,2.21E-06,2.21E-06,4.34E-06,4.34E-06,6.78E-06,6.78E-06,6.79E-05,6.79E-05,1.65E-05,1.65E-05,1.01E-05,1.01E-05,7.54E-06,7.54E-06,1.78E-06,1.78E-06,6.39E-06,6.39E-06,5.56E-06,5.56E-06,2.65E-06,2.65E-06,2.77E-06,2.77E-06,2.48E-05,2.48E-05,5.85E-05,5.85E-05,1.40E-05,1.40E-05,7.63E-06,7.63E-06,4.38E-06,4.38E-06,1.66E-06,1.66E-06,1.23E-06,1.23E-06,2.86E-06,2.86E-06,4.65E-06,4.65E-06,5.86E-06,5.86E-06,2.90E-06,2.90E-06,0.046484098,0.046484098,0.5867028,0.5867028,0.9397398,0.9397398,0.000435169,0.000435169,8.04E-06,8.04E-06,1.38E-06,1.38E-06,1.88E-06,1.88E-06,0.031377356,0.031377356,0.98709005,0.98709005,0.9840386,0.9840386,0.96446115,0.96446115,0.49803278,0.49803278,0.000113344,0.000113344,1.56E-05,1.56E-05,4.58E-06,4.58E-06,1.79E-06,1.79E-06,1.60E-06,1.60E-06,2.99E-06,2.99E-06,2.39E-06,2.39E-06,1.56E-06,1.56E-06,5.06E-05,5.06E-05,2.42E-06,2.42E-06,1.82E-06,1.82E-06,7.48E-07,7.48E-07,6.14E-07,6.14E-07,5.08E-07,5.08E-07,9.24E-07,9.24E-07,5.18E-07,5.18E-07,5.41E-07,5.41E-07,1.89E-06,1.89E-06,3.62E-05,3.62E-05,4.98E-06,4.98E-06,1.96E-06,1.96E-06,1.14E-06,1.14E-06,3.84E-06,3.84E-06,1.06E-06,1.06E-06,2.06E-06,2.06E-06,1.45E-06,1.45E-06,1.60E-06,1.60E-06,7.21E-07,7.21E-07,2.39E-05,2.39E-05,4.22E-06,4.22E-06,1.53E-06,1.53E-06,1.42E-06,0
1.42E-06,1.23E-06,1.23E-06,2.60E-06,2.60E-06,7.52E-07,7.52E-07,1.31E-06,1.31E-06,1.68E-06,1.68E-06,2.00E-06,2.00E-06,7.85E-05,7.85E-05,5.62E-06,5.62E-06,3.02E-06,3.02E-06,1.38E-06,1.38E-06,1.25E-06,1.25E-06,8.08E-07,8.08E-07,7.47E-07,7.47E-07,1.79E-06,1.79E-06,7.08E-07,7.08E-07,1.27E-06,1.27E-06,1.48E-05,1.48E-05,2.19E-06,2.19E-06,1.67E-06,1.67E-06,9.95E-07,9.95E-07,6.53E-07,6.53E-07,4.86E-07,4.86E-07,4.77E-07,4.77E-07,5.18E-07,5.18E-07,6.22E-07,6.22E-07,7.83E-07,7.83E-07,2.15E-05,2.15E-05,2.44E-06,2.44E-06,1.09E-06,1.09E-06,9.87E-07,9.87E-07,9.50E-07,9.50E-07,6.01E-07,6.01E-07,1.31E-06,1.31E-06,8.77E-07,8.77E-07,7.97E-07,7.97E-07,9.98E-07,9.98E-07,6.66E-05,6.66E-05,5.81E-06,5.81E-06,1.59E-06,1.59E-06,1.83E-06,1.83E-06,2.41E-06,2.41E-06,1.51E-06,1.51E-06,1.20E-06,1.20E-06,0.8407443,0.8407443,0.69703615,0.69703615,0.09237926,0.09237926,0.011971377,0.011971377,0.00107607,0.00107607,2.33E-05,2.33E-05,5.19E-05,5.19E-05,5.66E-05,5.66E-05,3.92E-06,3.92E-06,2.70E-06,2.70E-06,7.68E-07,7.68E-07,6.03E-07,6.03E-07,7.34E-07,7.34E-07,1.96E-05,1.96E-05,1.87E-06,1.87E-06,1.08E-06,1.08E-06,8.20E-07,8.20E-07,6.97E-07,6.97E-07,7.29E-07,7.29E-07,6.75E-07,6.75E-07,4.91E-07,4.91E-07,5.85E-07,5.85E-07,1.03E-06,1.03E-06,3.82E-05,3.82E-05,2.37E-06,2.37E-06,1.21E-06,1.21E-06,2.45E-06,2.45E-06,8.01E-07,8.01E-07,1.01E-06,1.01E-06,9.63E-07,9.63E-07,8.52E-07,8.52E-07,8.29E-07,8.29E-07,5.88E-07,5.88E-07,3.51E-05,3.51E-05,2.85E-06,2.85E-06,1.51E-06,1.51E-06,1.21E-06,1.21E-06,1.33E-06,1.33E-06,8.04E-07,8.04E-07,1.02E-06,1.02E-06,1.44E-06,1.44E-06,8.78E-07,8.78E-07,8.75E-07,8.75E-07,3.78E-05,3.78E-05,7.62E-06,7.62E-06,1.87E-06,1.87E-06,1.23E-06,1.23E-06,1.55E-06,1.55E-06,9.16E-07,9.16E-07,1.53E-06,1.53E-06,8.17E-07,8.17E-07,1.28E-06,1.28E-06,9.80E-07,9.80E-07,3.19E-05,3.19E-05,2.35E-06,2.35E-06,1.92E-06,1.92E-06,1.20E-06,1.20E-06,0.07039681,0.07039681,0.62343234,0.62343234,0.967501,0.967501,0.992392,0.992392,0.9787835,0.9787835,0.9530528,0.9530528,0.9882874,0.9882874,0.9926398,0.9926398,0.9148361,0.9148361,0.8715676,0.8715676,0.9835987,0.9835987,0.8634897,0.8634897,0
3.11E-06,3.11E-06,3.42E-06,3.42E-06,2.88E-06,2.88E-06,4.96E-06,4.96E-06,1.18E-05,1.18E-05,4.91E-06,4.91E-06,4.12E-06,4.12E-06,4.28E-06,4.28E-06,2.12E-06,2.12E-06,4.13E-05,4.13E-05,3.12E-06,3.12E-06,8.31E-06,8.31E-06,6.15E-06,6.15E-06,9.41E-06,9.41E-06,4.62E-06,4.62E-06,6.87E-06,6.87E-06,1.00E-05,1.00E-05,0.016069133,0.016069133,0.9978478,0.9978478,0.000247507,0.000247507,7.51E-06,7.51E-06,1.81E-06,1.81E-06,1.32E-06,1.32E-06,1.60E-06,1.60E-06,1.12E-06,1.12E-06,1.07E-06,1.07E-06,9.85E-07,9.85E-07,1.06E-06,1.06E-06,1.41E-06,1.41E-06,3.12E-05,3.12E-05,3.01E-06,3.01E-06,1.58E-06,1.58E-06,1.21E-06,1.21E-06,1.32E-06,1.32E-06,2.84E-06,2.84E-06,3.33E-06,3.33E-06,3.69E-06,3.69E-06,5.20E-06,5.20E-06,3.54E-06,3.54E-06,5.83E-05,5.83E-05,4.52E-06,4.52E-06,1.32E-06,1.32E-06,1.26E-06,1.26E-06,9.93E-07,9.93E-07,0.9442745,0.9442745,0.9980738,0.9980738,0.000825436,0.000825436,1.95E-06,1.95E-06,1.84E-06,1.84E-06,3.59E-05,3.59E-05,5.36E-06,5.36E-06,2.20E-06,2.20E-06,2.76E-05,2.76E-05,0.96756595,0.96756595,0.000138559,0.000138559,2.94E-06,2.94E-06,1.08E-06,1.08E-06,1.02E-06,1.02E-06,9.30E-07,9.30E-07,1.73E-05,1.73E-05,1.48E-06,1.48E-06,1.04E-06,1.04E-06,1.11E-06,1.11E-06,9.00E-07,9.00E-07,1.08E-06,1.08E-06,9.58E-07,9.58E-07,1.13E-06,1.13E-06,1.12E-06,1.12E-06,5.54E-05,5.54E-05,0.000720697,0.000720697,1.16E-05,1.16E-05,2.96E-06,2.96E-06,2.19E-06,2.19E-06,1.56E-06,1.56E-06,1.68E-06,1.68E-06,1.35E-06,1.35E-06,1.25E-06,1.25E-06,1.40E-06,1.40E-06,0.30610514,0.30610514,0.000881603,0.000881603,5.58E-06,5.58E-06,2.29E-06,2.29E-06,1.47E-06,1.47E-06,8.52E-07,8.52E-07,8.38E-07,8.38E-07,7.70E-07,7.70E-07,8.51E-07,8.51E-07,1.23E-06,1.23E-06,8.78E-07,8.78E-07,1.99E-05,1.99E-05,2.33E-06,2.33E-06,8.49E-07,8.49E-07,1.25E-06,1.25E-06,0.009319244,0.009319244,0.96915674,0.96915674,0.001343331,0.001343331,0.000245643,0.000245643,1.51E-05,1.51E-05,3.02E-06,3.02E-06,8.89E-05,8.89E-05,7.05E-06,7.05E-06,4.33E-06,4.33E-06,3.62E-06,3.62E-06,1.85E-06,1.85E-06,1.68E-06,1.68E-06,2.06E-06,2.06E-06,2.78E-06,2.78E-06,2.29E-06,2.29E-06,2.36E-06,2.36E-06,2.49E-05,2.49E-05,3.27E-06,3.27E-06,2.87E-06,2.87E-06,1.80E-06,0
1.80E-06,1.46E-06,1.46E-06,1.86E-06,1.86E-06,2.10E-06,2.10E-06,1.87E-06,1.87E-06,2.12E-06,2.12E-06,1.66E-06,1.66E-06,2.47E-05,2.47E-05,3.61E-06,3.61E-06,2.35E-06,2.35E-06,2.38E-06,2.38E-06,1.71E-06,1.71E-06,1.88E-06,1.88E-06,2.04E-06,2.04E-06,1.67E-06,1.67E-06,2.09E-06,2.09E-06,1.73E-06,1.73E-06,2.64E-05,2.64E-05,4.25E-06,4.25E-06,2.03E-05,2.03E-05,0.015383069,0.015383069,6.35E-05,6.35E-05,5.07E-06,5.07E-06,1.32E-06,1.32E-06,5.23E-06,5.23E-06,6.80E-06,6.80E-06,8.57E-06,8.57E-06,2.84E-05,2.84E-05,3.50E-06,3.50E-06,4.35E-06,4.35E-06,2.54E-06,2.54E-06,2.42E-06,2.42E-06,1.70E-06,1.70E-06,1.44E-06,1.44E-06,1.80E-06,1.80E-06,1.82E-06,1.82E-06,1.86E-06,1.86E-06,4.35E-05,4.35E-05,3.82E-06,3.82E-06,2.53E-06,2.53E-06,1.92E-06,1.92E-06,1.67E-06,1.67E-06,2.56E-06,2.56E-06,4.09E-06,4.09E-06,2.27E-06,2.27E-06,2.01E-06,2.01E-06,1.82E-06,1.82E-06,3.71E-05,3.71E-05,5.79E-06,5.79E-06,3.81E-06,3.81E-06,2.62E-06,2.62E-06,1.73E-06,1.73E-06,2.37E-06,2.37E-06,3.12E-06,3.12E-06,6.08E-06,6.08E-06,0.31525415,0.31525415,4.77E-06,4.77E-06,2.67E-05,2.67E-05,1.94E-06,1.94E-06,1.24E-06,1.24E-06,1.08E-06,1.08E-06,1.51E-06,1.51E-06,2.17E-06,2.17E-06,3.06E-06,3.06E-06,2.22E-06,2.22E-06,2.68E-06,2.68E-06,2.01E-06,2.01E-06,2.57E-05,2.57E-05,3.10E-06,3.10E-06,2.23E-06,2.23E-06,2.07E-06,2.07E-06,1.95E-06,1.95E-06,1.60E-06,1.60E-06,1.59E-06,1.59E-06,1.77E-06,1.77E-06,2.11E-06,2.11E-06,1.93E-06,1.93E-06,2.14E-05,2.14E-05,2.92E-06,2.92E-06,2.17E-06,2.17E-06,1.79E-06,1.79E-06,1.70E-06,1.70E-06,1.78E-06,1.78E-06,2.37E-06,2.37E-06,3.69E-06,3.69E-06,0.18694505,0.18694505,0.9890999,0.9890999,0.2668598,0.2668598,7.91E-05,7.91E-05,1.15E-05,1.15E-05,1.52E-06,1.52E-06,1.30E-06,1.30E-06,1.35E-06,1.35E-06,9.60E-07,9.60E-07,9.98E-07,9.98E-07,1.12E-06,1.12E-06,9.37E-07,9.37E-07,5.47E-05,5.47E-05,5.78E-06,5.78E-06,5.58E-06,5.58E-06,2.70E-06,2.70E-06,3.04E-06,3.04E-06,2.41E-06,2.41E-06,2.87E-06,2.87E-06,2.92E-06,2.92E-06,1.81E-06,1.81E-06,2.25E-06,2.25E-06,2.61E-05,2.61E-05,6.25E-06,6.25E-06,0.99889994,0.99889994,0.9879048,0.9879048,0.003561856,0.003561856,5.40E-06,5.40E-06,0
0.000839017,0.000839017,7.73E-06,7.73E-06,7.40E-06,7.40E-06,7.73E-06,7.73E-06,0.006028083,0.006028083,0.10598546,0.10598546,0.044874877,0.044874877,1.88E-05,1.88E-05,8.84E-06,8.84E-06,0.000147242,0.000147242,1.77E-05,1.77E-05,0.044902146,0.044902146,0.4851132,0.4851132,0.055011198,0.055011198,0.000145555,0.000145555,8.76E-06,8.76E-06,4.22E-06,4.22E-06,2.87E-06,2.87E-06,4.69E-06,4.69E-06,4.40E-05,4.40E-05,8.34E-06,8.34E-06,5.86E-06,5.86E-06,6.86E-06,6.86E-06,1.06E-05,1.06E-05,1.14E-05,1.14E-05,0.001861672,0.001861672,0.039124034,0.039124034,0.077122465,0.077122465,7.42E-05,7.42E-05,0.000313772,0.000313772,2.28E-05,2.28E-05,1.64E-05,1.64E-05,1.47E-05,1.47E-05,5.36E-05,5.36E-05,0.622151,0.622151,0.9903548,0.9903548,0.986772,0.986772,0.984892,0.984892,0.8203277,0.8203277,0.94134504,0.94134504,0.89345413,0.89345413,0.6787594,0.6787594,0.5089074,0.5089074,0.25736332,0.25736332,0.894655,0.894655,0.8412067,0.8412067,0.77207965,0.77207965,0.804418,0.804418,0.8602783,0.8602783,0.9762437,0.9762437,0.9760409,0.9760409,0.96042603,0.96042603,0.94892037,0.94892037,0.9531635,0.9531635,0.9803473,0.9803473,0.8632176,0.8632176,0.89755297,0.89755297,0.76849794,0.76849794,0.6247381,0.6247381,0.9750082,0.9750082,0.97586024,0.97586024,0.9614772,0.9614772,0.9407424,0.9407424,0.9412132,0.9412132,0.8391224,0.8391224,0.001708045,0.001708045,0.000114753,0.000114753,3.10E-05,3.10E-05,5.21E-05,5.21E-05,0.00205567,0.00205567,0.000103593,0.000103593,0.00010639,0.00010639,1.69E-05,1.69E-05,2.87E-05,2.87E-05,8.72E-06,8.72E-06,9.96E-06,9.96E-06,4.53E-06,4.53E-06,5.76E-06,5.76E-06,6.11E-06,6.11E-06,0.000162645,0.000162645,0.1782611,0.1782611,0.32210246,0.32210246,0.65831316,0.65831316,0.22621109,0.22621109,0.25132352,0.25132352,0.30847198,0.30847198,0.4205292,0.4205292,0.2187232,0.2187232,0.12382404,0.12382404,0.7590573,0.7590573,0.82534236,0.82534236,0.5443636,0.5443636,0.013814451,0.013814451,0.000649702,0.000649702,7.88E-05,7.88E-05,7.72E-06,7.72E-06,1.29E-05,1.29E-05,9.47E-06,9.47E-06,9.55E-06,9.55E-06,7.32E-05,7.32E-05,1.40E-05,1.40E-05,0.006709622,0.006709622,0.4220418,0.4220418,0.6501941,0.6501941,0.011708096,0.011708096,0.000109892,0.000109892,0.000260596,0.000260596,2.82E-05,2.82E-05,0.000131672,0.000131672,0.000606438,0.000606438,3.14E-05,3.14E-05,5.14E-05,5.14E-05,2.33E-05,0
2.33E-05,1.20E-05,1.20E-05,5.73E-05,5.73E-05,0.008591844,0.008591844,0.017471846,0.017471846,0.000434718,0.000434718,1.18E-05,1.18E-05,0.000229875,0.000229875,2.27E-05,2.27E-05,1.43E-05,1.43E-05,0.000396746,0.000396746,0.017102271,0.017102271,0.25456354,0.25456354,0.1481581,0.1481581,0.19188243,0.19188243,0.027975962,0.027975962,0.06202618,0.06202618,0.093807675,0.093807675,0.5274064,0.5274064,0.011507162,0.011507162,3.41E-05,3.41E-05,4.07E-06,4.07E-06,3.93E-06,3.93E-06,3.07E-06,3.07E-06,2.67E-06,2.67E-06,1.75E-06,1.75E-06,2.08E-06,2.08E-06,0.000399218,0.000399218,0.15758269,0.15758269,0.16551636,0.16551636,3.20E-05,3.20E-05,9.38E-06,9.38E-06,9.33E-07,9.33E-07,9.75E-07,9.75E-07,1.06E-06,1.06E-06,1.44E-06,1.44E-06,1.14E-06,1.14E-06,3.56E-05,3.56E-05,4.19E-06,4.19E-06,3.60E-06,3.60E-06,1.22E-05,1.22E-05,1.00E-05,1.00E-05,1.19E-05,1.19E-05,5.13E-06,5.13E-06,6.77E-06,6.77E-06,4.17E-06,4.17E-06,1.04E-05,1.04E-05,0.000109287,0.000109287,4.33E-05,4.33E-05,3.85E-05,3.85E-05,1.67E-05,1.67E-05,1.17E-05,1.17E-05,1.61E-05,1.61E-05,2.15E-05,2.15E-05,7.66E-06,7.66E-06,1.38E-05,1.38E-05,3.58E-05,3.58E-05,0.000145283,0.000145283,1.20E-05,1.20E-05,1.65E-05,1.65E-05,4.83E-06,4.83E-06,4.50E-06,4.50E-06,0.711051,0.711051,0.9648869,0.9648869,0.35101902,0.35101902,9.96E-05,9.96E-05,1.59E-05,1.59E-05,0.000124871,0.000124871,1.18E-05,1.18E-05,3.26E-06,3.26E-06,3.09E-06,3.09E-06,3.42E-06,3.42E-06,6.14E-06,6.14E-06,0.03079026,0.03079026,0.044989116,0.044989116,0.000466023,0.000466023,0.000142153,0.000142153,0.000157861,0.000157861,4.81E-06,4.81E-06,3.27E-06,3.27E-06,0.000802833,0.000802833,0.007879106,0.007879106,0.000408168,0.000408168,8.27E-06,8.27E-06,2.41E-06,2.41E-06,1.16E-06,1.16E-06,1.60E-06,1.60E-06,2.91E-05,2.91E-05,2.99E-06,2.99E-06,3.46E-06,3.46E-06,2.87E-06,2.87E-06,2.50E-06,2.50E-06,2.43E-06,2.43E-06,2.50E-06,2.50E-06,6.26E-06,6.26E-06,4.60E-06,4.60E-06,1.26E-05,1.26E-05,6.59E-05,6.59E-05,7.47E-06,7.47E-06,7.51E-06,7.51E-06,8.80E-06,8.80E-06,5.96E-06,5.96E-06,4.43E-06,4.43E-06,0.007081865,0.007081865,0.026673464,0.026673464,0.031154145,0.031154145,0.008504184,0.008504184,0.010308481,0.010308481,0.000760576,0.000760576,0.000193395,0.000193395,0.0003321,0.0003321,0.000698652,0.000698652,0.001007252,0.001007252,0
0.000208475,0.000208475,0.000251371,0.000251371,5.54E-05,5.54E-05,0.004007057,0.004007057,0.008861101,0.008861101,0.000151551,0.000151551,3.21E-05,3.21E-05,4.29E-06,4.29E-06,1.98E-06,1.98E-06,2.70E-06,2.70E-06,1.45E-06,1.45E-06,2.37E-06,2.37E-06,1.87E-06,1.87E-06,1.27E-06,1.27E-06,3.93E-05,3.93E-05,3.92E-06,3.92E-06,3.22E-06,3.22E-06,0.000156206,0.000156206,0.002028587,0.002028587,0.000506388,0.000506388,1.62E-05,1.62E-05,1.62E-05,1.62E-05,4.78E-06,4.78E-06,4.24E-06,4.24E-06,4.48E-05,4.48E-05,6.35E-06,6.35E-06,6.69E-06,6.69E-06,4.54E-06,4.54E-06,5.63E-06,5.63E-06,4.54E-06,4.54E-06,5.48E-06,5.48E-06,0.001158075,0.001158075,0.004861563,0.004861563,0.00081995,0.00081995,0.000149161,0.000149161,1.69E-05,1.69E-05,5.92E-06,5.92E-06,9.43E-06,9.43E-06,4.39E-06,4.39E-06,5.18E-06,5.18E-06,4.55E-06,4.55E-06,7.84E-06,7.84E-06,4.19E-06,4.19E-06,9.19E-06,9.19E-06,6.87E-05,6.87E-05,5.44E-06,5.44E-06,4.50E-06,4.50E-06,2.79E-06,2.79E-06,2.58E-05,2.58E-05,0.000287885,0.000287885,0.003830199,0.003830199,5.57E-05,5.57E-05,3.92E-06,3.92E-06,1.17E-05,1.17E-05,0.000259358,0.000259358,2.11E-05,2.11E-05,4.99E-05,4.99E-05,1.77E-05,1.77E-05,4.53E-05,4.53E-05,9.03E-06,9.03E-06,1.23E-05,1.23E-05,9.55E-05,9.55E-05,0.000156314,0.000156314,6.89E-05,6.89E-05,0.000580348,0.000580348,2.50E-05,2.50E-05,2.30E-05,2.30E-05,2.45E-05,2.45E-05,6.69E-06,6.69E-06,1.39E-05,1.39E-05,1.16E-05,1.16E-05,1.01E-05,1.01E-05,1.98E-05,1.98E-05,1.55E-05,1.55E-05,9.14E-05,9.14E-05,2.47E-05,2.47E-05,7.56E-06,7.56E-06,5.08E-06,5.08E-06,9.51E-06,9.51E-06,1.14E-05,1.14E-05,5.90E-06,5.90E-06,6.88E-06,6.88E-06,7.06E-06,7.06E-06,1.73E-05,1.73E-05,8.77E-05,8.77E-05,1.07E-05,1.07E-05,1.70E-05,1.70E-05,1.05E-05,1.05E-05,9.65E-06,9.65E-06,1.08E-05,1.08E-05,1.03E-05,1.03E-05,8.32E-06,8.32E-06,1.91E-05,1.91E-05,2.44E-05,2.44E-05,0.000169423,0.000169423,5.85E-06,5.85E-06,3.97E-06,3.97E-06,3.65E-06,3.65E-06,2.71E-06,2.71E-06,3.10E-06,3.10E-06,3.31E-06,3.31E-06,2.72E-06,2.72E-06,2.67E-06,2.67E-06,2.53E-06,2.53E-06,2.91E-05,2.91E-05,4.71E-06,4.71E-06,2.88E-06,2.88E-06,3.30E-06,3.30E-06,2.95E-06,2.95E-06,4.61E-06,4.61E-06,2.50E-06,2.50E-06,2.42E-06,2.42E-06,1.15E-05,0
1.15E-05,0.000165907,0.000165907,0.15667187,0.15667187,0.01594112,0.01594112,0.05140851,0.05140851,0.022599984,0.022599984,0.001711177,0.001711177,0.005932211,0.005932211,0.23980665,0.23980665,0.7709559,0.7709559,0.000324908,0.000324908,5.69E-06,5.69E-06,8.27E-05,8.27E-05,6.75E-06,6.75E-06,2.75E-06,2.75E-06,1.42E-06,1.42E-06,1.54E-06,1.54E-06,1.48E-06,1.48E-06,1.67E-06,1.67E-06,1.18E-06,1.18E-06,1.25E-06,1.25E-06,1.56E-06,1.56E-06,2.63E-05,2.63E-05,4.01E-06,4.01E-06,4.43E-06,4.43E-06,5.17E-06,5.17E-06,3.92E-06,3.92E-06,3.19E-06,3.19E-06,3.23E-06,3.23E-06,3.46E-06,3.46E-06,3.97E-06,3.97E-06,3.13E-06,3.13E-06,2.95E-05,2.95E-05,3.17E-06,3.17E-06,1.98E-06,1.98E-06,2.09E-06,2.09E-06,0.06534756,0.06534756,0.53729767,0.53729767,0.9631472,0.9631472,0.8993019,0.8993019,0.9525972,0.9525972,0.9508653,0.9508653,0.98722935,0.98722935,0.98424953,0.98424953,0.9472845,0.9472845,0.9375642,0.9375642,0.9570528,0.9570528,0.88605875,0.88605875,0.95751053,0.95751053,0.7235396,0.7235396,0.6690148,0.6690148,0.7535418,0.7535418,0.98666525,0.98666525,0.9663762,0.9663762,0.84187675,0.84187675,0.74177474,0.74177474,0.6150354,0.6150354,0.7414575,0.7414575,0.76917773,0.76917773,0.8850662,0.8850662,0.8784429,0.8784429,0.905682,0.905682,0.9932467,0.9932467,0.995369,0.995369,0.9908827,0.9908827,0.9694035,0.9694035,0.90307134,0.90307134,0.91522616,0.91522616,0.86530507,0.86530507,0.69973755,0.69973755,0.90575725,0.90575725,0.9702243,0.9702243,0.9482217,0.9482217,0.9730728,0.9730728,0.9668978,0.9668978,0.81714225,0.81714225,0.41410545,0.41410545,0.26956442,0.26956442,0.5238715,0.5238715,0.6385128,0.6385128,0.270409,0.270409,0.2118599,0.2118599,0.9414196,0.9414196,0.9180395,0.9180395,0.92565197,0.92565197,0.9311301,0.9311301,0.8727574,0.8727574,0.84391767,0.84391767,0.7482947,0.7482947,0.77126396,0.77126396,0.86501026,0.86501026,0.5487233,0.5487233,0.95298904,0.95298904,0.90261173,0.90261173,0.030665105,0.030665105,0.025098033,0.025098033,0.8479911,0.8479911,0.9672928,0.9672928,0.44747967,0.44747967,0.005823351,0.005823351,0.000446221,0.000446221,7.18E-05,7.18E-05,0.001414652,0.001414652,7.47E-05,7.47E-05,1.83E-05,1.83E-05,2.83E-05,2.83E-05,2.50E-05,2.50E-05,2.19E-05,2.19E-05,5.48E-06,5.48E-06,7.49E-06,7.49E-06,4.81E-06,4.81E-06,5.14E-06,5.14E-06,6.78E-05,6.78E-05,0
6.96E-06,6.96E-06,5.79E-06,5.79E-06,4.19E-06,4.19E-06,3.76E-06,3.76E-06,4.75E-06,4.75E-06,0.12834516,0.12834516,0.7840053,0.7840053,0.004448747,0.004448747,2.55E-05,2.55E-05,5.54E-05,5.54E-05,9.80E-06,9.80E-06,6.24E-06,6.24E-06,4.92E-06,4.92E-06,4.33E-06,4.33E-06,4.99E-06,4.99E-06,3.88E-06,3.88E-06,2.86E-05,2.86E-05,0.005694756,0.005694756,0.057707258,0.057707258,0.008712443,0.008712443,3.35E-05,3.35E-05,1.29E-05,1.29E-05,7.74E-05,7.74E-05,0.006897649,0.006897649,0.22225402,0.22225402,0.3235005,0.3235005,0.02296086,0.02296086,0.58356386,0.58356386,0.21243796,0.21243796,0.5724497,0.5724497,0.5610972,0.5610972,0.095958166,0.095958166,0.002452726,0.002452726,0.000748389,0.000748389,0.000527987,0.000527987,3.31E-05,3.31E-05,4.98E-05,4.98E-05,1.52E-05,1.52E-05,6.06E-06,6.06E-06,0.000278018,0.000278018,8.36E-05,8.36E-05,7.75E-05,7.75E-05,0.007325798,0.007325798,0.20962122,0.20962122,0.23383737,0.23383737,0.002609131,0.002609131,0.001167436,0.001167436,0.00017266,0.00017266,3.01E-05,3.01E-05,0.000721174,0.000721174,3.27E-05,3.27E-05,7.81E-05,7.81E-05,6.99E-05,6.99E-05,5.63E-05,5.63E-05,1.63E-05,1.63E-05,2.40E-05,2.40E-05,1.37E-05,1.37E-05,0.018036306,0.018036306,0.045431584,0.045431584,0.013234786,0.013234786,0.000400343,0.000400343,4.09E-05,4.09E-05,5.39E-06,5.39E-06,2.66E-06,2.66E-06,2.27E-06,2.27E-06,1.91E-06,1.91E-06,1.39E-06,1.39E-06,2.04E-06,2.04E-06,1.95E-06,1.95E-06,3.27E-05,3.27E-05,2.71E-06,2.71E-06,1.99E-06,1.99E-06,2.52E-06,2.52E-06,2.18E-06,2.18E-06,2.54E-06,2.54E-06,3.43E-06,3.43E-06,2.80E-06,2.80E-06,2.46E-06,2.46E-06,2.47E-06,2.47E-06,2.66E-05,2.66E-05,5.65E-06,5.65E-06,3.04E-06,3.04E-06,2.51E-06,2.51E-06,5.48E-06,5.48E-06,2.89E-06,2.89E-06,3.76E-06,3.76E-06,3.01E-06,3.01E-06,3.47E-06,3.47E-06,4.67E-06,4.67E-06,0.01842479,0.01842479,0.8587739,0.8587739,0.6629929,0.6629929,0.00093216,0.00093216,1.79E-05,1.79E-05,2.71E-06,2.71E-06,1.32E-06,1.32E-06,1.26E-06,1.26E-06,1.09E-06,1.09E-06,9.91E-07,9.91E-07,2.87E-05,2.87E-05,4.25E-06,4.25E-06,2.20E-06,2.20E-06,2.86E-06,2.86E-06,3.22E-06,3.22E-06,8.93E-06,8.93E-06,0.97121847,0.97121847,0.7645107,0.7645107,4.20E-05,4.20E-05,4.67E-05,4.67E-05,5.49E-05,5.49E-05,6.67E-06,6.67E-06,4.42E-06,4.42E-06,5.71E-06,0
5.71E-06,4.60E-06,4.60E-06,3.21E-06,3.21E-06,3.44E-06,3.44E-06,6.02E-05,6.02E-05,0.9498538,0.9498538,0.022585137,0.022585137,0.000382559,0.000382559,1.14E-05,1.14E-05,3.16E-06,3.16E-06,2.40E-06,2.40E-06,2.57E-06,2.57E-06,2.41E-06,2.41E-06,3.03E-06,3.03E-06,4.17E-06,4.17E-06,0.4190211,0.4190211,0.078874096,0.078874096,0.000971157,0.000971157,7.31E-06,7.31E-06,3.47E-06,3.47E-06,2.64E-06,2.64E-06,2.90E-06,2.90E-06,2.83E-06,2.83E-06,4.62E-06,4.62E-06,1.06E-05,1.06E-05,0.108604215,0.108604215,0.94692343,0.94692343,0.012170922,0.012170922,0.001772535,0.001772535,0.000414793,0.000414793,5.42E-05,5.42E-05,2.63E-05,2.63E-05,5.68E-06,5.68E-06,4.64E-06,4.64E-06,2.17E-06,2.17E-06,1.39E-06,1.39E-06,1.87E-06,1.87E-06,5.23E-05,5.23E-05,7.81E-06,7.81E-06,3.63E-06,3.63E-06,5.21E-06,5.21E-06,4.70E-06,4.70E-06,4.99E-06,4.99E-06,7.32E-06,7.32E-06,3.45E-06,3.45E-06,0.6886243,0.6886243,0.03432414,0.03432414,0.000807131,0.000807131,7.45E-06,7.45E-06,9.28E-06,9.28E-06,4.06E-06,4.06E-06,3.84E-06,3.84E-06,3.27E-06,3.27E-06,3.59E-06,3.59E-06,4.16E-06,4.16E-06,3.65E-06,3.65E-06,8.02E-06,8.02E-06,7.25E-05,7.25E-05,6.69E-06,6.69E-06,5.62E-06,5.62E-06,8.11E-06,8.11E-06,6.34E-06,6.34E-06,5.24E-06,5.24E-06,1.51E-05,1.51E-05,4.18E-05,4.18E-05,2.91E-05,2.91E-05,0.000137451,0.000137451,0.000700008,0.000700008,0.16466697,0.16466697,0.8941131,0.8941131,0.018103555,0.018103555,2.53E-05,2.53E-05,1.33E-05,1.33E-05,4.14E-05,4.14E-05,0.000380465,0.000380465,0.000610016,0.000610016,1.84E-05,1.84E-05,0.000317337,0.000317337,1.52E-05,1.52E-05,1.24E-05,1.24E-05,8.65E-06,8.65E-06,1.41E-05,1.41E-05,2.55E-05,2.55E-05,2.23E-05,2.23E-05,0.002431551,0.002431551,0.09662087,0.09662087,0.011226105,0.011226105,0.000431682,0.000431682,0.000568835,0.000568835,0.000242901,0.000242901,2.52E-05,2.52E-05,1.62E-05,1.62E-05,1.05E-05,1.05E-05,9.49E-06,9.49E-06,5.52E-06,5.52E-06,5.38E-06,5.38E-06,1.39E-05,1.39E-05,0.001201768,0.001201768,0.001231914,0.001231914,0.000272871,0.000272871,3.34E-05,3.34E-05,1.10E-05,1.10E-05,9.87E-06,9.87E-06,6.30E-06,6.30E-06,5.30E-06,5.30E-06,9.00E-06,9.00E-06,9.80E-06,9.80E-06,0.000126823,0.000126823,3.47E-05,3.47E-05,0.075791664,0.075791664,0.001515162,0.001515162,0.000426766,0.000426766,2.66E-05,2.66E-05,0
1.24E-05,1.24E-05,7.74E-06,7.74E-06,6.63E-06,6.63E-06,3.61E-06,3.61E-06,5.05E-05,5.05E-05,1.24E-05,1.24E-05,8.11E-06,8.11E-06,5.71E-06,5.71E-06,4.42E-06,4.42E-06,9.18E-06,9.18E-06,5.67E-06,5.67E-06,6.98E-06,6.98E-06,8.10E-06,8.10E-06,9.05E-06,9.05E-06,6.96E-05,6.96E-05,3.56E-05,3.56E-05,1.42E-05,1.42E-05,1.16E-05,1.16E-05,1.04E-05,1.04E-05,1.26E-05,1.26E-05,8.35E-06,8.35E-06,3.71E-06,3.71E-06,5.20E-06,5.20E-06,1.45E-05,1.45E-05,0.00041996,0.00041996,7.48E-05,7.48E-05,2.27E-05,2.27E-05,2.36E-05,2.36E-05,1.27E-05,1.27E-05,1.10E-05,1.10E-05,1.66E-05,1.66E-05,1.34E-05,1.34E-05,1.96E-05,1.96E-05,1.56E-05,1.56E-05,0.000255282,0.000255282,4.73E-05,4.73E-05,9.03E-06,9.03E-06,1.92E-05,1.92E-05,2.79E-05,2.79E-05,5.32E-05,5.32E-05,1.75E-05,1.75E-05,3.07E-05,3.07E-05,3.57E-05,3.57E-05,0.000178725,0.000178725,0.000498518,0.000498518,0.000156526,0.000156526,3.59E-05,3.59E-05,0.000102915,0.000102915,0.035696223,0.035696223,0.02584377,0.02584377,0.00025697,0.00025697,4.60E-05,4.60E-05,4.74E-05,4.74E-05,4.70E-05,4.70E-05,0.000330414,0.000330414,1.97E-05,1.97E-05,2.88E-05,2.88E-05,1.47E-05,1.47E-05,2.06E-05,2.06E-05,2.41E-05,2.41E-05,4.62E-05,4.62E-05,2.23E-05,2.23E-05,3.25E-05,3.25E-05,0.022852633,0.022852633,0.04408787,0.04408787,0.002574309,0.002574309,0.000702248,0.000702248,0.001306395,0.001306395,0.000204007,0.000204007,5.38E-05,5.38E-05,2.27E-05,2.27E-05,2.78E-05,2.78E-05,9.68E-06,9.68E-06,9.17E-06,9.17E-06,0.000130436,0.000130436,3.24E-05,3.24E-05,1.53E-05,1.53E-05,2.01E-05,2.01E-05,9.57E-05,9.57E-05,0.05204114,0.05204114,0.83118343,0.83118343,0.002567405,0.002567405,7.17E-06,7.17E-06,4.53E-06,4.53E-06,0.000163642,0.000163642,1.56E-05,1.56E-05,1.21E-05,1.21E-05,4.62E-06,4.62E-06,8.17E-06,8.17E-06,9.15E-06,9.15E-06,8.18E-06,8.18E-06,0.000662067,0.000662067,0.002097783,0.002097783,0.001918001,0.001918001,0.000871841,0.000871841,3.32E-05,3.32E-05,1.05E-05,1.05E-05,4.27E-06,4.27E-06,4.56E-06,4.56E-06,0.000223357,0.000223357,0.1139347,0.1139347,0.021204004,0.021204004,1.32E-05,1.32E-05,1.22E-05,1.22E-05,0.000156148,0.000156148,8.93E-06,8.93E-06,6.31E-06,6.31E-06,3.88E-06,3.88E-06,3.52E-06,3.52E-06,3.55E-06,3.55E-06,4.71E-06,4.71E-06,2.61E-05,2.61E-05,0.009359304,0
1.28E-05,1.28E-05,5.51E-06,5.51E-06,3.93E-06,3.79E-06,3.79E-06,3.66E-06,3.66E-06,3.25E-06,5.62E-06,5.62E-06,4.92E-06,4.92E-06,4.52E-06,6.34E-05,6.34E-05,7.85E-06,7.85E-06,6.07E-06,5.10E-06,5.10E-06,4.35E-06,4.35E-06,4.52E-06,5.62E-06,5.62E-06,6.80E-06,6.80E-06,8.27E-06,7.17E-06,7.17E-06,6.39E-05,6.39E-05,1.02E-05,5.47E-06,5.47E-06,6.81E-06,6.81E-06,5.56E-06,7.42E-06,7.42E-06,6.67E-06,6.67E-06,6.10E-06,6.36E-06,6.36E-06,5.02E-05,5.02E-05,0.986375,0.6326008,0.6326008,4.51E-05,4.51E-05,4.87E-06,3.26E-06,3.26E-06,3.20E-06,3.20E-06,5.61E-06,7.80E-06,7.80E-06,6.08E-06,6.08E-06,7.87E-06,6.83E-05,6.83E-05,1.25E-05,1.25E-05,7.12E-06,6.19E-06,6.19E-06,4.56E-06,4.56E-06,3.74E-06,6.18E-06,6.18E-06,5.20E-06,5.20E-06,5.66E-06,4.87E-06,4.87E-06,5.77E-05,5.77E-05,9.05E-06,7.88E-06,7.88E-06,0.0004104,0.0004104,0.9983277,0.99893457,0.99893457,0.9948303,0.9948303,0.00042517,5.13E-06,5.13E-06,2.94E-06,2.94E-06,9.81E-05,1.10E-05,1.10E-05,8.99E-06,8.99E-06,6.12E-06,6.48E-06,6.48E-06,7.18E-06,7.18E-06,8.25E-06,6.21E-06,6.21E-06,7.37E-06,7.37E-06,4.93E-06,6.44E-05,6.44E-05,7.91E-06,7.91E-06,4.97E-06,3.66E-06,3.66E-06,4.27E-06,4.27E-06,3.51E-06,2.48E-06,2.48E-06,2.43E-06,2.43E-06,3.65E-06,3.96E-06,3.96E-06,4.91E-05,4.91E-05,7.30E-06,5.27E-06,5.27E-06,4.49E-06,4.49E-06,2.37E-05,0.8577735,0.8577735,0.002852614,0.002852614,2.46E-05,1.51E-05,1.51E-05,4.35E-06,4.35E-06,6.86E-05,1.51E-05,1.51E-05,1.25E-05,1.25E-05,1.39E-05,1.18E-05,1.18E-05,1.30E-05,1.30E-05,1.77E-05,1.85E-05,1.85E-05,1.79E-05,1.79E-05,1.70E-05,9.71E-05,9.71E-05,2.91E-05,2.91E-05,1.62E-05,1.34E-05,1.34E-05,1.06E-05,1.06E-05,1.37E-05,1.08E-05,1.08E-05,7.87E-06,7.87E-06,6.91E-06,4.14E-06,4.14E-06,3.10E-05,3.10E-05,3.48E-06,2.38E-06,2.38E-06,2.19E-06,2.19E-06,2.64E-06,2.81E-06,2.81E-06,2.12E-06,2.12E-06,1.86E-06,2.22E-06,2.22E-06,2.64E-06,2.64E-06,2.73E-05,3.40E-06,3.40E-06,2.10E-06,2.10E-06,2.17E-06,2.65E-06,2.65E-06,2.20E-06,2.20E-06,2.88E-06,3.32E-06,3.32E-06,2.85E-06,2.85E-06,4.09E-06,3.29E-05,3.29E-05,6.99E-06,6.99E-06,4.67E-06,4.44E-06,4.44E-06,4.53E-06,4.53E-06,4.04E-06,0
4.67E-06,4.67E-06,5.86E-06,5.86E-06,5.35E-06,6.86E-06,6.86E-06,9.36E-05,9.36E-05,8.09E-06,6.58E-06,6.58E-06,6.88E-06,6.88E-06,1.23E-05,0.8073978,0.8073978,0.99288696,0.99288696,0.6916641,0.000202486,0.000202486,1.51E-05,1.51E-05,0.000106106,1.67E-05,1.67E-05,1.28E-05,1.28E-05,1.16E-05,1.10E-05,1.10E-05,1.19E-05,1.19E-05,1.09E-05,1.36E-05,1.36E-05,1.36E-05,1.36E-05,1.62E-05,0.000139861,0.000139861,2.48E-05,2.48E-05,1.99E-05,2.98E-05,2.98E-05,3.63E-05,3.63E-05,5.41E-06,7.06E-06,7.06E-06,6.55E-06,6.55E-06,7.54E-06,9.05E-06,9.05E-06,8.22E-05,8.22E-05,1.17E-05,9.51E-06,9.51E-06,8.61E-06,8.61E-06,1.39E-05,7.40E-06,7.40E-06,7.64E-06,7.64E-06,5.34E-06,3.20E-06,3.20E-06,4.17E-06,4.17E-06,2.91E-05,4.27E-06,4.27E-06,2.96E-06,2.96E-06,1.69E-06,1.89E-06,1.89E-06,1.57E-06,1.57E-06,1.28E-06,9.01E-06,9.01E-06,0.89020884,0.89020884,0.98386717,0.002627185,0.002627185,0.000104269,0.000104269,2.99E-05,2.24E-05,2.24E-05,2.25E-05,2.25E-05,1.49E-05,1.46E-05,1.46E-05,1.31E-05,1.31E-05,1.67E-05,1.52E-05,1.52E-05,0.000148516,0.000148516,2.10E-05,1.81E-05,1.81E-05,1.66E-05,1.66E-05,1.85E-05,1.85E-05,1.85E-05,9.34E-06,9.34E-06,1.41E-05,1.44E-05,1.44E-05,9.82E-06,9.82E-06,7.56E-05,1.06E-05,1.06E-05,1.16E-05,1.16E-05,1.00E-05,1.01E-05,1.01E-05,1.29E-05,1.29E-05,1.04E-05,1.24E-05,1.24E-05,0.009742027,0.009742027,0.8342398,0.001094873,0.001094873,3.53E-05,3.53E-05,4.23E-05,2.61E-05,2.61E-05,1.69E-05,1.69E-05,8.27E-06,6.86E-06,6.86E-06,7.64E-06,7.64E-06,7.92E-06,7.27E-06,7.27E-06,5.56E-05,5.56E-05,7.75E-06,4.99E-06,4.99E-06,4.24E-06,4.24E-06,3.70E-06,3.27E-06,3.27E-06,2.87E-06,2.87E-06,3.70E-06,2.75E-06,2.75E-06,2.89E-06,2.89E-06,4.60E-05,7.14E-06,7.14E-06,3.67E-06,3.67E-06,3.73E-06,3.04E-06,3.04E-06,3.64E-06,3.64E-06,3.82E-06,3.85E-06,3.85E-06,3.01E-06,3.01E-06,3.42E-06,5.31E-05,5.31E-05,8.58E-06,8.58E-06,4.45E-06,5.60E-06,5.60E-06,4.41E-06,4.41E-06,3.61E-06,3.88E-06,3.88E-06,5.41E-06,5.41E-06,3.65E-06,5.53E-06,5.53E-06,7.06E-05,7.06E-05,2.28E-05,0.5278076,0.5278076,0.9584277,0.9584277,0.000115273,1.62E-05,1.62E-05,7.10E-06,7.10E-06,5.76E-06,4.75E-06,4.75E-06,4.77E-06,4.77E-06,8.13E-05,0
1.57E-05,1.57E-05,1.30E-05,1.30E-05,1.00E-05,6.45E-06,6.45E-06,1.40E-05,1.40E-05,8.83E-06,8.44E-06,8.44E-06,1.07E-05,1.07E-05,9.25E-06,6.48E-05,6.48E-05,1.52E-05,1.52E-05,6.50E-06,7.74E-06,7.74E-06,3.94E-06,3.94E-06,4.90E-06,5.73E-06,5.73E-06,4.88E-06,4.88E-06,9.26E-06,4.82E-06,4.82E-06,0.000112225,0.000112225,1.32E-05,6.67E-06,6.67E-06,5.52E-06,5.52E-06,5.40E-06,7.33E-06,7.33E-06,6.69E-06,6.69E-06,1.12E-05,0.23754075,0.23754075,0.9978516,0.9978516,0.00668979,2.26E-05,2.26E-05,5.91E-06,5.91E-06,2.01E-06,3.15E-06,3.15E-06,5.88E-06,5.88E-06,4.83E-06,8.00E-06,8.00E-06,9.39E-06,9.39E-06,6.56E-06,0.000130269,0.000130269,5.59E-06,5.59E-06,4.97E-06,2.49E-06,2.49E-06,6.39E-05,6.39E-05,7.35E-06,9.00E-06,9.00E-06,5.19E-06,5.19E-06,3.64E-06,3.75E-06,3.75E-06,5.73E-05,5.73E-05,5.39E-06,3.33E-06,3.33E-06,3.56E-06,3.56E-06,2.93E-06,4.67E-06,4.67E-06,3.74E-06,3.74E-06,4.03E-06,4.21E-06,4.21E-06,3.58E-06,3.58E-06,4.83E-05,7.14E-06,7.14E-06,5.20E-06,5.20E-06,4.05E-06,3.01E-06,3.01E-06,3.17E-06,3.17E-06,3.80E-06,3.94E-06,3.94E-06,3.83E-06,3.83E-06,4.07E-06,4.95E-05,4.95E-05,7.22E-06,7.22E-06,3.09E-06,3.14E-06,3.14E-06,3.09E-06,3.09E-06,4.68E-06,4.37E-06,4.37E-06,5.93E-06,5.93E-06,4.92E-06,5.12E-06,5.12E-06,3.77E-05,3.77E-05,6.18E-06,4.27E-06,4.27E-06,4.87E-06,4.87E-06,4.12E-06,4.63E-06,4.63E-06,4.20E-06,4.20E-06,3.41E-06,2.87E-06,2.87E-06,3.17E-06,3.17E-06,5.79E-05,9.31E-06,9.31E-06,6.86E-06,6.86E-06,1.18E-05,1.59E-05,1.59E-05,1.79E-05,1.79E-05,1.61E-05,1.28E-05,1.28E-05,1.74E-05,1.74E-05,2.50E-05,0.000156469,0.000156469,1.86E-05,1.86E-05,1.29E-05,1.31E-05,1.31E-05,1.41E-05,1.41E-05,1.60E-05,1.43E-05,1.43E-05,9.42E-06,9.42E-06,1.07E-05,1.32E-05,1.32E-05,9.27E-05,9.27E-05,1.22E-05,9.07E-06,9.07E-06,8.56E-06,8.56E-06,1.03E-05,5.17E-06,5.17E-06,4.97E-06,4.97E-06,5.91E-06,5.33E-06,5.33E-06,5.77E-06,5.77E-06,6.38E-05,1.01E-05,1.01E-05,4.86E-06,4.86E-06,4.35E-06,4.66E-06,4.66E-06,3.55E-06,3.55E-06,5.18E-06,4.69E-06,4.69E-06,4.27E-06,4.27E-06,6.26E-06,0.012991501,0.012991501,0.9306507,0.9306507,0.000262623,1.74E-05,1.74E-05,8.98E-06,8.98E-06,5.99E-06,0
5.77E-05,5.77E-05,1.07E-05,1.07E-05,6.04E-06,6.04E-06,0.000125826,0.000125826,6.85E-05,6.85E-05,9.25E-05,9.25E-05,1.02E-05,1.02E-05,9.04E-06,9.04E-06,9.74E-06,9.74E-06,0.000297041,0.000297041,0.000211372,0.000211372,0.000143478,0.000143478,0.000242415,0.000242415,0.000286862,0.000286862,5.32E-05,5.32E-05,6.70E-05,6.70E-05,5.41E-05,5.41E-05,3.54E-05,3.54E-05,3.02E-05,3.02E-05,0.99159765,0.99159765,0.98966855,0.98966855,0.9719222,0.9719222,4.72E-05,4.72E-05,1.58E-06,1.58E-06,1.19E-06,1.19E-06,1.22E-06,1.22E-06,9.04E-07,9.04E-07,5.29E-06,5.29E-06,6.72E-07,6.72E-07,1.28E-05,1.28E-05,5.59E-06,5.59E-06,1.66E-06,1.66E-06,1.69E-06,1.69E-06,1.90E-06,1.90E-06,1.18E-06,1.18E-06,8.53E-07,8.53E-07,1.19E-06,1.19E-06,1.29E-06,1.29E-06,9.87E-07,9.87E-07,1.13E-05,1.13E-05,1.56E-06,1.56E-06,1.57E-06,1.57E-06,1.15E-06,1.15E-06,1.15E-06,1.15E-06,1.06E-06,1.06E-06,1.12E-06,1.12E-06,1.17E-06,1.17E-06,1.35E-06,1.35E-06,1.68E-06,1.68E-06,1.95E-05,1.95E-05,3.74E-06,3.74E-06,3.60E-06,3.60E-06,0.99501604,0.99501604,0.721838,0.721838,0.000337285,0.000337285,1.45E-05,1.45E-05,8.60E-06,8.60E-06,6.22E-06,6.22E-06,1.05E-05,1.05E-05,5.77E-05,5.77E-05,1.20E-05,1.20E-05,8.99E-06,8.99E-06,6.25E-06,6.25E-06,5.85E-06,5.85E-06,2.30E-06,2.30E-06,3.85E-06,3.85E-06,3.21E-06,3.21E-06,6.43E-06,6.43E-06,3.35E-06,3.35E-06,2.25E-05,2.25E-05,3.32E-06,3.32E-06,3.01E-06,3.01E-06,3.42E-06,3.42E-06,2.45E-06,2.45E-06,2.30E-06,2.30E-06,1.96E-06,1.96E-06,1.82E-06,1.82E-06,2.47E-06,2.47E-06,2.43E-06,2.43E-06,1.68E-05,1.68E-05,2.12E-06,2.12E-06,2.53E-06,2.53E-06,2.71E-06,2.71E-06,1.65E-06,1.65E-06,1.29E-06,1.29E-06,0.000137534,0.000137534,0.99964106,0.99964106,0.010517875,0.010517875,9.39E-05,9.39E-05,0.000140562,0.000140562,6.09E-06,6.09E-06,3.32E-06,3.32E-06,1.05E-06,1.05E-06,1.00E-06,1.00E-06,9.69E-07,9.69E-07,1.27E-06,1.27E-06,1.41E-06,1.41E-06,2.28E-06,2.28E-06,1.72E-06,1.72E-06,1.71E-05,1.71E-05,2.86E-06,2.86E-06,2.32E-06,2.32E-06,1.96E-06,1.96E-06,1.32E-06,1.32E-06,1.94E-06,1.94E-06,2.64E-06,2.64E-06,1.97E-06,1.97E-06,1.65E-06,1.65E-06,1.70E-06,1.70E-06,1.20E-05,1.20E-05,1.74E-06,1.74E-06,9.34E-07,9.34E-07,9.10E-07,0
9.10E-07,1.43E-06,1.43E-06,1.16E-06,1.16E-06,1.27E-06,1.27E-06,1.42E-06,1.42E-06,1.34E-06,1.34E-06,1.07E-06,1.07E-06,1.16E-05,1.16E-05,1.86E-06,1.86E-06,1.39E-06,1.39E-06,1.18E-06,1.18E-06,1.31E-06,1.31E-06,1.02E-06,1.02E-06,1.18E-06,1.18E-06,1.73E-06,1.73E-06,3.73E-06,3.73E-06,1.97E-06,1.97E-06,0.9473296,0.9473296,0.88477993,0.88477993,2.46E-05,2.46E-05,2.87E-06,2.87E-06,2.20E-06,2.20E-06,1.52E-06,1.52E-06,1.05E-06,1.05E-06,2.55E-06,2.55E-06,1.16E-06,1.16E-06,1.13E-06,1.13E-06,9.28E-06,9.28E-06,1.84E-06,1.84E-06,1.66E-06,1.66E-06,1.39E-06,1.39E-06,1.09E-06,1.09E-06,1.73E-06,1.73E-06,1.14E-06,1.14E-06,1.14E-06,1.14E-06,1.02E-06,1.02E-06,1.11E-06,1.11E-06,1.10E-05,1.10E-05,1.73E-06,1.73E-06,1.08E-06,1.08E-06,1.28E-06,1.28E-06,9.24E-07,9.24E-07,9.75E-07,9.75E-07,7.58E-07,7.58E-07,8.99E-07,8.99E-07,1.32E-06,1.32E-06,9.52E-07,9.52E-07,1.23E-05,1.23E-05,1.41E-06,1.41E-06,9.40E-07,9.40E-07,9.89E-07,9.89E-07,7.89E-07,7.89E-07,7.49E-07,7.49E-07,8.96E-07,8.96E-07,9.82E-07,9.82E-07,8.07E-07,8.07E-07,1.12E-06,1.12E-06,1.59E-05,1.59E-05,2.94E-06,2.94E-06,1.58E-06,1.58E-06,2.38E-06,2.38E-06,1.49E-06,1.49E-06,2.07E-06,2.07E-06,2.18E-06,2.18E-06,2.07E-06,2.07E-06,2.39E-06,2.39E-06,1.70E-05,1.70E-05,0.12933865,0.12933865,0.003111559,0.003111559,8.46E-05,8.46E-05,8.23E-06,8.23E-06,3.12E-06,3.12E-06,2.81E-06,2.81E-06,2.03E-06,2.03E-06,2.73E-06,2.73E-06,2.48E-06,2.48E-06,2.63E-06,2.63E-06,1.27E-05,1.27E-05,2.32E-06,2.32E-06,1.51E-06,1.51E-06,1.30E-06,1.30E-06,1.17E-06,1.17E-06,1.03E-06,1.03E-06,1.65E-06,1.65E-06,1.54E-06,1.54E-06,1.23E-06,1.23E-06,1.28E-06,1.28E-06,1.77E-05,1.77E-05,2.58E-06,2.58E-06,1.64E-06,1.64E-06,9.85E-07,9.85E-07,0.000142551,0.000142551,0.000261983,0.000261983,7.44E-06,7.44E-06,1.58E-06,1.58E-06,1.56E-06,1.56E-06,2.31E-06,2.31E-06,9.73E-06,9.73E-06,1.49E-06,1.49E-06,1.14E-06,1.14E-06,1.17E-06,1.17E-06,1.21E-06,1.21E-06,1.31E-06,1.31E-06,1.56E-06,1.56E-06,1.67E-06,1.67E-06,1.89E-06,1.89E-06,1.44E-06,1.44E-06,1.02E-05,1.02E-05,1.87E-06,1.87E-06,2.13E-06,2.13E-06,1.28E-06,1.28E-06,1.25E-06,1.25E-06,1.26E-06,1.26E-06,0
1.45E-06,1.45E-06,1.60E-06,1.60E-06,1.05E-06,1.05E-06,1.19E-06,1.19E-06,1.29E-05,1.29E-05,2.08E-06,2.08E-06,1.39E-06,1.39E-06,1.54E-06,1.54E-06,1.61E-06,1.61E-06,1.56E-06,1.56E-06,1.41E-06,1.41E-06,1.45E-06,1.45E-06,2.04E-06,2.04E-06,1.19E-06,1.19E-06,1.18E-05,1.18E-05,2.00E-06,2.00E-06,1.59E-06,1.59E-06,1.35E-06,1.35E-06,1.78E-06,1.78E-06,1.53E-06,1.53E-06,4.14E-05,4.14E-05,0.9916426,0.9916426,0.046958953,0.046958953,8.22E-05,8.22E-05,2.18E-05,2.18E-05,2.22E-06,2.22E-06,2.05E-06,2.05E-06,2.45E-06,2.45E-06,1.89E-06,1.89E-06,1.91E-06,1.91E-06,2.21E-06,2.21E-06,1.51E-06,1.51E-06,1.87E-06,1.87E-06,1.26E-06,1.26E-06,1.27E-05,1.27E-05,2.00E-06,2.00E-06,1.40E-06,1.40E-06,1.18E-06,1.18E-06,1.47E-06,1.47E-06,1.56E-06,1.56E-06,1.78E-06,1.78E-06,1.47E-06,1.47E-06,1.38E-06,1.38E-06,1.40E-06,1.40E-06,1.33E-05,1.33E-05,1.93E-06,1.93E-06,1.65E-06,1.65E-06,1.43E-06,1.43E-06,1.56E-06,1.56E-06,1.35E-06,1.35E-06,1.24E-06,1.24E-06,1.38E-06,1.38E-06,1.46E-06,1.46E-06,1.65E-06,1.65E-06,1.12E-05,1.12E-05,2.22E-06,2.22E-06,1.51E-06,1.51E-06,1.79E-06,1.79E-06,1.42E-06,1.42E-06,1.18E-06,1.18E-06,1.36E-06,1.36E-06,1.21E-06,1.21E-06,1.42E-06,1.42E-06,1.53E-06,1.53E-06,1.01E-05,1.01E-05,1.42E-06,1.42E-06,1.33E-06,1.33E-06,1.40E-06,1.40E-06,4.27E-06,4.27E-06,1.08E-06,1.08E-06,8.68E-07,8.68E-07,8.06E-07,8.06E-07,8.09E-07,8.09E-07,9.40E-07,9.40E-07,1.31E-05,1.31E-05,1.70E-06,1.70E-06,1.08E-06,1.08E-06,7.99E-07,7.99E-07,7.29E-07,7.29E-07,7.55E-07,7.55E-07,8.00E-07,8.00E-07,7.54E-07,7.54E-07,7.00E-07,7.00E-07,8.16E-07,8.16E-07,1.03E-05,1.03E-05,1.57E-06,1.57E-06,0.27198812,0.27198812,0.9643854,0.9643854,0.07699748,0.07699748,4.75E-06,4.75E-06,2.47E-06,2.47E-06,8.01E-06,8.01E-06,2.47E-06,2.47E-06,1.44E-06,1.44E-06,1.57E-05,1.57E-05,3.04E-06,3.04E-06,1.43E-06,1.43E-06,0.9941461,0.9941461,0.98998874,0.98998874,0.98228824,0.98228824,0.000119398,0.000119398,3.54E-06,3.54E-06,1.80E-06,1.80E-06,9.92E-07,9.92E-07,1.38E-05,1.38E-05,2.17E-06,2.17E-06,1.09E-06,1.09E-06,1.38E-06,1.38E-06,1.41E-06,1.41E-06,1.34E-06,1.34E-06,1.11E-06,1.11E-06,1.54E-06,1.54E-06,1.43E-06,0
1.43E-06,1.28E-06,1.28E-06,1.37E-05,1.37E-05,2.28E-06,2.28E-06,1.48E-06,1.48E-06,1.28E-06,1.28E-06,1.18E-06,1.18E-06,1.06E-06,1.06E-06,1.26E-06,1.26E-06,1.05E-06,1.05E-06,1.12E-06,1.12E-06,9.07E-07,9.07E-07,5.31E-05,5.31E-05,0.98672915,0.98672915,0.98859763,0.98859763,0.9334046,0.9334046,0.00109674,0.00109674,2.16E-05,2.16E-05,7.65E-06,7.65E-06,6.20E-06,6.20E-06,3.91E-06,3.91E-06,1.78E-06,1.78E-06,2.11E-05,2.11E-05,2.04E-06,2.04E-06,2.58E-06,2.58E-06,2.72E-06,2.72E-06,2.15E-06,2.15E-06,2.22E-06,2.22E-06,2.12E-06,2.12E-06,1.78E-06,1.78E-06,2.61E-06,2.61E-06,3.83E-06,3.83E-06,1.49E-05,1.49E-05,2.42E-06,2.42E-06,1.34E-06,1.34E-06,1.56E-06,1.56E-06,1.26E-06,1.26E-06,1.56E-06,1.56E-06,1.42E-06,1.42E-06,1.56E-06,1.56E-06,1.73E-06,1.73E-06,1.27E-06,1.27E-06,1.21E-05,1.21E-05,1.76E-06,1.76E-06,1.14E-06,1.14E-06,1.08E-06,1.08E-06,1.05E-06,1.05E-06,1.07E-06,1.07E-06,9.53E-07,9.53E-07,1.73E-06,1.73E-06,1.93E-06,1.93E-06,2.48E-06,2.48E-06,1.25E-05,1.25E-05,1.61E-06,1.61E-06,9.20E-07,9.20E-07,8.90E-07,8.90E-07,1.28E-06,1.28E-06,1.05E-06,1.05E-06,2.06E-06,2.06E-06,1.47E-06,1.47E-06,1.52E-06,1.52E-06,2.32E-06,2.32E-06,1.29E-05,1.29E-05,1.76E-06,1.76E-06,1.21E-06,1.21E-06,1.13E-06,1.13E-06,1.18E-06,1.18E-06,8.84E-07,8.84E-07,8.10E-07,8.10E-07,1.12E-06,1.12E-06,9.50E-07,9.50E-07,1.16E-06,1.16E-06,1.00E-05,1.00E-05,2.24E-06,2.24E-06,2.21E-05,2.21E-05,0.96294117,0.96294117,0.000111414,0.000111414,1.59E-05,1.59E-05,3.97E-05,3.97E-05,7.05E-06,7.05E-06,1.04E-05,1.04E-05,2.98E-06,2.98E-06,1.94E-05,1.94E-05,1.75E-06,1.75E-06,1.05E-06,1.05E-06,6.13E-07,6.13E-07,5.82E-07,5.82E-07,7.25E-07,7.25E-07,8.15E-07,8.15E-07,1.09E-06,1.09E-06,5.35E-07,5.35E-07,9.27E-07,9.27E-07,9.35E-06,9.35E-06,2.31E-06,2.31E-06,1.55E-06,1.55E-06,1.67E-06,1.67E-06,1.81E-06,1.81E-06,0.44400418,0.44400418,0.9513323,0.9513323,0.000275359,0.000275359,1.64E-05,1.64E-05,1.09E-05,1.09E-05,2.91E-05,2.91E-05,5.25E-06,5.25E-06,1.39E-06,1.39E-06,1.83E-06,1.83E-06,2.01E-06,2.01E-06,1.02E-06,1.02E-06,8.30E-07,8.30E-07,8.42E-07,8.42E-07,1.18E-06,1.18E-06,1.58E-06,1.58E-06,1.59E-05,1.59E-05,0
1.97E-06,1.97E-06,1.22E-06,1.22E-06,9.18E-07,9.18E-07,7.62E-07,7.62E-07,6.69E-07,6.69E-07,1.14E-06,1.14E-06,8.45E-07,8.45E-07,1.67E-06,1.67E-06,1.20E-06,1.20E-06,1.50E-05,1.50E-05,2.66E-06,2.66E-06,6.50E-07,6.50E-07,6.36E-07,6.36E-07,7.06E-07,7.06E-07,7.19E-07,7.19E-07,7.87E-07,7.87E-07,8.71E-07,8.71E-07,9.77E-07,9.77E-07,7.35E-07,7.35E-07,1.60E-05,1.60E-05,1.94E-06,1.94E-06,1.65E-06,1.65E-06,1.24E-06,1.24E-06,1.16E-06,1.16E-06,1.33E-06,1.33E-06,1.06E-06,1.06E-06,1.07E-06,1.07E-06,1.21E-06,1.21E-06,1.36E-06,1.36E-06,3.07E-05,3.07E-05,0.7998784,0.7998784,0.66009873,0.66009873,3.63E-05,3.63E-05,8.09E-06,8.09E-06,1.56E-06,1.56E-06,1.09E-06,1.09E-06,7.78E-07,7.78E-07,8.03E-07,8.03E-07,5.74E-07,5.74E-07,1.77E-05,1.77E-05,2.15E-06,2.15E-06,1.67E-06,1.67E-06,1.27E-06,1.27E-06,1.08E-06,1.08E-06,9.07E-07,9.07E-07,8.96E-07,8.96E-07,7.09E-07,7.09E-07,9.71E-07,9.71E-07,1.31E-06,1.31E-06,9.00E-06,9.00E-06,1.04E-06,1.04E-06,9.76E-07,9.76E-07,8.03E-07,8.03E-07,8.28E-07,8.28E-07,7.17E-07,7.17E-07,7.66E-07,7.66E-07,7.60E-07,7.60E-07,8.18E-07,8.18E-07,7.97E-07,7.97E-07,8.44E-06,8.44E-06,1.21E-06,1.21E-06,8.06E-07,8.06E-07,7.84E-07,7.84E-07,8.60E-07,8.60E-07,8.45E-07,8.45E-07,7.92E-07,7.92E-07,9.67E-07,9.67E-07,1.24E-06,1.24E-06,1.21E-06,1.21E-06,1.21E-05,1.21E-05,1.78E-06,1.78E-06,1.08E-06,1.08E-06,7.01E-07,7.01E-07,9.62E-07,9.62E-07,5.60E-07,5.60E-07,6.15E-07,6.15E-07,5.48E-07,5.48E-07,7.58E-06,7.58E-06,0.98452383,0.98452383,0.3076494,0.3076494,5.36E-05,5.36E-05,8.42E-06,8.42E-06,3.13E-06,3.13E-06,1.94E-06,1.94E-06,1.25E-06,1.25E-06,9.44E-07,9.44E-07,8.59E-07,8.59E-07,7.04E-07,7.04E-07,7.90E-07,7.90E-07,1.12E-05,1.12E-05,2.58E-06,2.58E-06,1.04E-06,1.04E-06,7.87E-07,7.87E-07,7.64E-07,7.64E-07,7.38E-07,7.38E-07,8.34E-07,8.34E-07,7.79E-07,7.79E-07,7.33E-07,7.33E-07,1.32E-06,1.32E-06,8.25E-06,8.25E-06,1.09E-06,1.09E-06,7.19E-07,7.19E-07,9.57E-07,9.57E-07,6.86E-07,6.86E-07,5.38E-07,5.38E-07,5.40E-07,5.40E-07,1.00E-06,1.00E-06,1.54E-06,1.54E-06,8.69E-07,8.69E-07,1.89E-05,1.89E-05,3.48E-06,3.48E-06,2.77E-06,2.77E-06,2.54E-06,0
3.36E-06,3.36E-06,1.96E-06,1.96E-06,1.32E-06,1.11E-06,1.11E-06,1.08E-06,1.08E-06,1.29E-06,2.31E-06,2.31E-06,2.66E-06,2.66E-06,1.78E-06,1.50E-05,1.50E-05,1.72E-06,1.72E-06,1.15E-06,1.04E-06,1.04E-06,9.16E-07,9.16E-07,1.08E-06,9.48E-07,9.48E-07,1.03E-06,1.03E-06,8.95E-07,1.08E-06,1.08E-06,1.31E-05,1.31E-05,1.51E-06,1.09E-06,1.09E-06,9.21E-07,9.21E-07,8.45E-07,1.17E-06,1.17E-06,1.10E-06,1.10E-06,1.18E-06,1.50E-06,1.50E-06,1.73E-06,1.73E-06,1.38E-05,2.01E-06,2.01E-06,1.74E-06,1.74E-06,1.71E-06,1.27E-06,1.27E-06,1.18E-06,1.18E-06,1.86E-06,0.31403157,0.31403157,0.9959039,0.9959039,0.99247414,0.92293257,0.92293257,0.010835619,0.010835619,0.002048027,8.35E-06,8.35E-06,3.92E-06,3.92E-06,2.84E-06,2.63E-06,2.63E-06,2.07E-06,2.07E-06,1.41E-06,2.66E-06,2.66E-06,2.66E-05,2.66E-05,5.52E-06,2.60E-06,2.60E-06,0.7932927,0.7932927,0.8484276,0.86478686,0.86478686,0.0165793,0.0165793,2.88E-05,3.62E-05,3.62E-05,9.12E-07,9.12E-07,6.34E-05,9.27E-06,9.27E-06,4.05E-06,4.05E-06,4.27E-06,3.65E-06,3.65E-06,5.01E-06,5.01E-06,3.47E-06,2.86E-06,2.86E-06,2.03E-06,2.03E-06,1.83E-06,1.58E-05,1.58E-05,1.77E-06,1.77E-06,1.37E-06,8.22E-07,8.22E-07,1.25E-06,1.25E-06,1.66E-06,1.52E-06,1.52E-06,1.76E-06,1.76E-06,1.84E-06,1.80E-06,1.80E-06,3.08E-05,3.08E-05,4.80E-06,1.60E-06,1.60E-06,2.90E-06,2.90E-06,2.21E-06,2.44E-06,2.44E-06,2.35E-06,2.35E-06,2.56E-06,2.75E-06,2.75E-06,2.28E-06,2.28E-06,1.40E-05,1.25E-06,1.25E-06,8.39E-07,8.39E-07,9.74E-07,7.02E-07,7.02E-07,6.88E-07,6.88E-07,6.79E-07,6.87E-07,6.87E-07,8.31E-07,8.31E-07,7.33E-07,1.89E-05,1.89E-05,2.72E-06,2.72E-06,1.51E-06,1.39E-06,1.39E-06,1.01E-06,1.01E-06,1.19E-06,1.04E-06,1.04E-06,1.17E-06,1.17E-06,1.12E-06,1.26E-06,1.26E-06,1.57E-05,1.57E-05,2.17E-06,1.38E-06,1.38E-06,1.35E-06,1.35E-06,1.19E-06,9.53E-07,9.53E-07,1.04E-06,1.04E-06,1.05E-06,1.05E-06,1.05E-06,1.15E-06,1.15E-06,1.45E-05,2.02E-06,2.02E-06,9.24E-07,9.24E-07,1.25E-06,2.38E-06,2.38E-06,0.68799144,0.68799144,0.9941241,0.7771915,0.7771915,0.002070927,0.002070927,6.25E-06,8.74E-05,8.74E-05,8.73E-06,8.73E-06,5.07E-06,3.71E-06,3.71E-06,2.33E-06,2.33E-06,1.22E-06,0
1.96E-06,1.96E-06,1.65E-06,1.65E-06,1.68E-06,2.07E-06,2.07E-06,2.25E-05,2.25E-05,3.28E-06,2.27E-06,2.27E-06,1.84E-06,1.84E-06,1.36E-06,1.62E-06,1.62E-06,1.39E-06,1.39E-06,1.70E-06,1.36E-06,1.36E-06,1.32E-06,1.32E-06,1.38E-05,2.28E-06,2.28E-06,1.46E-06,1.46E-06,1.32E-06,1.25E-06,1.25E-06,1.24E-06,1.24E-06,1.26E-06,9.82E-07,9.82E-07,1.23E-06,1.23E-06,1.07E-06,1.22E-05,1.22E-05,1.39E-06,1.39E-06,9.96E-07,7.92E-07,7.92E-07,6.02E-07,6.02E-07,6.80E-07,0.024302326,0.024302326,0.47534752,0.47534752,0.6614278,0.006088379,0.006088379,0.000217146,0.000217146,7.01E-06,2.99E-06,2.99E-06,2.17E-06,2.17E-06,1.57E-06,1.54E-06,1.54E-06,1.74E-06,1.74E-06,1.31E-06,1.54E-06,1.54E-06,1.26E-06,1.26E-06,1.38E-05,1.59E-06,1.59E-06,9.53E-07,9.53E-07,1.26E-06,9.09E-07,9.09E-07,9.10E-07,9.10E-07,9.39E-07,9.61E-07,9.61E-07,1.04E-06,1.04E-06,8.48E-07,1.01E-05,1.01E-05,1.28E-06,1.28E-06,7.74E-07,6.31E-07,6.31E-07,6.04E-07,6.04E-07,6.59E-07,5.39E-07,5.39E-07,5.06E-07,5.06E-07,4.99E-07,5.38E-07,5.38E-07,1.15E-05,1.15E-05,1.37E-06,1.14E-06,1.14E-06,8.23E-07,8.23E-07,6.90E-07,8.51E-07,8.51E-07,9.06E-07,9.06E-07,8.72E-07,8.86E-07,8.86E-07,8.73E-07,8.73E-07,1.06E-05,1.31E-06,1.31E-06,9.32E-07,9.32E-07,9.23E-07,9.89E-07,9.89E-07,1.03E-06,1.03E-06,1.12E-06,1.10E-06,1.10E-06,1.21E-06,1.21E-06,1.20E-06,1.54E-05,1.54E-05,1.98E-06,1.98E-06,1.12E-06,9.39E-07,9.39E-07,8.71E-07,8.71E-07,8.53E-07,8.24E-07,8.24E-07,8.48E-07,8.48E-07,8.28E-07,7.89E-07,7.89E-07,1.09E-05,1.09E-05,1.54E-06,8.09E-07,8.09E-07,8.05E-07,8.05E-07,8.09E-07,7.95E-07,7.95E-07,8.46E-07,8.46E-07,6.89E-07,9.28E-07,9.28E-07,6.45E-07,6.45E-07,1.36E-05,2.35E-06,2.35E-06,1.26E-06,1.26E-06,1.11E-06,1.23E-06,1.23E-06,1.35E-06,1.35E-06,1.26E-06,2.70E-06,2.70E-06,1.03E-06,1.03E-06,8.77E-07,2.88E-05,2.88E-05,3.76E-06,3.76E-06,1.90E-06,1.61E-06,1.61E-06,1.38E-06,1.38E-06,1.21E-06,1.46E-06,1.46E-06,1.25E-06,1.25E-06,1.32E-06,1.21E-06,1.21E-06,1.65E-05,1.65E-05,1.98E-06,0.622288,0.622288,0.83127177,0.83127177,0.015851654,1.64E-06,1.64E-06,1.74E-06,1.74E-06,6.65E-07,7.81E-07,7.81E-07,1.05E-06,1.05E-06,1.53E-05,0
2.40E-06,2.40E-06,1.88E-06,1.88E-06,1.57E-06,1.46E-06,1.46E-06,1.27E-06,1.27E-06,1.67E-06,1.45E-06,1.45E-06,1.35E-06,1.35E-06,1.22E-06,1.48E-05,1.48E-05,1.72E-06,1.72E-06,1.10E-06,8.94E-07,8.94E-07,9.66E-07,9.66E-07,7.64E-07,6.55E-07,6.55E-07,7.04E-07,7.04E-07,6.39E-07,7.44E-07,7.44E-07,1.31E-05,1.31E-05,1.55E-06,1.13E-06,1.13E-06,9.86E-07,9.86E-07,8.07E-07,7.61E-07,7.61E-07,8.11E-07,8.11E-07,6.42E-07,5.61E-07,5.61E-07,6.51E-07,6.51E-07,1.01E-05,1.70E-06,1.70E-06,9.53E-07,9.53E-07,8.37E-07,7.33E-07,7.33E-07,6.85E-06,6.85E-06,0.85223013,0.96466464,0.96466464,0.9927047,0.9927047,0.5778015,0.000412409,0.000412409,7.99E-06,7.99E-06,3.52E-06,2.97E-06,2.97E-06,1.41E-06,1.41E-06,1.09E-06,9.36E-07,9.36E-07,9.51E-07,9.51E-07,8.86E-07,1.02E-06,1.02E-06,1.28E-05,1.28E-05,1.89E-06,1.07E-06,1.07E-06,1.05E-06,1.05E-06,1.03E-06,9.54E-07,9.54E-07,9.69E-07,9.69E-07,6.64E-07,7.04E-07,7.04E-07,7.40E-07,7.40E-07,1.11E-05,1.51E-06,1.51E-06,1.02E-06,1.02E-06,9.17E-07,7.95E-07,7.95E-07,7.89E-07,7.89E-07,8.29E-07,7.89E-07,7.89E-07,9.01E-07,9.01E-07,7.57E-07,9.32E-06,9.32E-06,1.15E-06,1.15E-06,6.66E-07,5.52E-07,5.52E-07,5.35E-07,5.35E-07,5.67E-07,5.64E-07,5.64E-07,5.45E-07,5.45E-07,5.20E-07,5.45E-07,5.45E-07,7.66E-06,7.66E-06,1.05E-06,1.41E-06,1.41E-06,0.5470016,0.5470016,0.10872648,0.44462502,0.44462502,0.000301644,0.000301644,7.54E-06,5.57E-06,5.57E-06,7.65E-06,7.65E-06,6.30E-05,6.18E-06,6.18E-06,3.89E-06,3.89E-06,3.83E-06,2.42E-06,2.42E-06,3.28E-06,3.28E-06,1.51E-06,1.91E-06,1.91E-06,1.74E-06,1.74E-06,1.52E-06,1.89E-05,1.89E-05,1.58E-06,1.58E-06,9.88E-07,9.10E-07,9.10E-07,9.42E-07,9.42E-07,7.89E-07,1.11E-06,1.11E-06,5.97E-07,5.97E-07,7.80E-07,6.45E-07,6.45E-07,1.02E-05,1.02E-05,1.55E-06,9.63E-07,9.63E-07,8.87E-07,8.87E-07,9.97E-07,7.64E-07,7.64E-07,8.47E-07,8.47E-07,6.02E-07,6.22E-07,6.22E-07,6.40E-07,6.40E-07,9.88E-06,1.57E-06,1.57E-06,9.45E-07,9.45E-07,7.95E-07,5.90E-07,5.90E-07,5.19E-07,5.19E-07,6.23E-07,5.78E-07,5.78E-07,5.67E-07,5.67E-07,7.66E-07,1.21E-05,1.21E-05,1.54E-06,1.54E-06,1.33E-06,1.10E-06,1.10E-06,1.32E-06,1.32E-06,1.21E-06,0
9.60E-07,9.60E-07,8.83E-07,8.83E-07,1.08E-06,8.98E-07,8.98E-07,2.08E-05,2.08E-05,1.52E-06,9.28E-07,9.28E-07,1.15E-06,1.15E-06,9.71E-07,1.06E-06,1.06E-06,9.28E-07,9.28E-07,8.95E-07,9.79E-07,9.79E-07,1.13E-06,1.13E-06,1.09E-05,1.56E-06,1.56E-06,9.30E-07,9.30E-07,7.56E-07,1.09E-06,1.09E-06,1.32E-06,1.32E-06,1.20E-06,1.00E-06,1.00E-06,1.04E-06,1.04E-06,1.11E-06,1.18E-05,1.18E-05,1.28E-06,1.28E-06,9.36E-07,8.92E-07,8.92E-07,6.93E-07,6.93E-07,7.37E-07,7.32E-07,7.32E-07,7.80E-07,7.80E-07,7.99E-07,7.67E-07,7.67E-07,1.06E-05,1.06E-05,1.69E-06,9.55E-07,9.55E-07,1.02E-06,1.02E-06,9.95E-07,1.02E-06,1.02E-06,9.62E-07,9.62E-07,8.67E-07,1.32E-06,1.32E-06,0.005943824,0.005943824,0.71445876,0.6009122,0.6009122,0.9341969,0.9341969,0.9543978,0.9355034,0.9355034,0.94003034,0.94003034,0.76566195,0.8145217,0.8145217,0.007517028,0.007517028,9.42E-07,6.18E-05,6.18E-05,9.96E-06,9.96E-06,2.75E-06,2.10E-06,2.10E-06,1.64E-06,1.64E-06,1.56E-06,1.47E-06,1.47E-06,1.11E-06,1.11E-06,8.98E-07,8.05E-07,8.05E-07,9.56E-06,9.56E-06,1.45E-06,9.16E-07,9.16E-07,9.17E-07,9.17E-07,8.81E-07,8.70E-07,8.70E-07,9.66E-07,9.66E-07,9.89E-07,9.26E-07,9.26E-07,9.11E-07,9.11E-07,9.80E-06,1.47E-06,1.47E-06,9.74E-07,9.74E-07,9.30E-07,1.10E-06,1.10E-06,1.12E-06,1.12E-06,1.31E-06,1.13E-06,1.13E-06,4.67E-06,4.67E-06,0.92661625,0.7999744,0.7999744,7.76E-05,7.76E-05,2.40E-06,1.77E-06,1.77E-06,1.03E-06,1.03E-06,5.82E-07,7.41E-07,7.41E-07,7.72E-07,7.72E-07,8.53E-07,1.00E-06,1.00E-06,1.18E-05,1.18E-05,1.63E-06,8.70E-07,8.70E-07,9.96E-07,9.96E-07,7.98E-07,7.07E-07,7.07E-07,6.43E-07,6.43E-07,6.80E-07,6.43E-07,6.43E-07,8.09E-07,8.09E-07,8.31E-06,1.01E-06,1.01E-06,7.60E-07,7.60E-07,6.29E-07,6.76E-07,6.76E-07,6.40E-07,6.40E-07,6.39E-07,8.46E-07,8.46E-07,6.42E-07,6.42E-07,6.50E-07,1.28E-05,1.28E-05,2.18E-06,2.18E-06,1.18E-06,1.42E-06,1.42E-06,1.50E-06,1.50E-06,1.45E-06,1.35E-06,1.35E-06,1.22E-06,1.22E-06,1.16E-06,1.07E-06,1.07E-06,1.35E-05,1.35E-05,1.46E-06,8.68E-07,8.68E-07,7.65E-07,7.65E-07,7.67E-07,7.11E-07,7.11E-07,6.68E-07,6.68E-07,7.71E-07,7.17E-07,7.17E-07,6.89E-07,6.89E-07,1.02E-05,0
6.86E-06,6.86E-06,3.06E-06,3.06E-06,2.81E-06,2.81E-06,1.57E-06,1.57E-06,1.27E-06,1.27E-06,1.69E-06,1.69E-06,1.66E-06,1.66E-06,2.26E-06,2.26E-06,1.42E-06,1.42E-06,3.71E-05,3.71E-05,2.84E-06,2.84E-06,2.08E-06,2.08E-06,1.27E-06,1.27E-06,1.53E-06,1.53E-06,2.64E-06,2.64E-06,1.52E-06,1.52E-06,1.99E-06,1.99E-06,1.65E-06,1.65E-06,2.44E-06,2.44E-06,6.96E-05,6.96E-05,5.70E-06,5.70E-06,0.6054994,0.6054994,0.3450959,0.3450959,7.83E-05,7.83E-05,2.88E-06,2.88E-06,1.16E-05,1.16E-05,2.08E-06,2.08E-06,1.30E-06,1.30E-06,1.91E-06,1.91E-06,4.18E-05,4.18E-05,2.77E-06,2.77E-06,4.67E-06,4.67E-06,1.12E-06,1.12E-06,8.32E-07,8.32E-07,7.45E-07,7.45E-07,6.93E-07,6.93E-07,5.77E-07,5.77E-07,8.28E-07,8.28E-07,5.26E-07,5.26E-07,1.40E-05,1.40E-05,1.29E-06,1.29E-06,9.12E-07,9.12E-07,7.84E-07,7.84E-07,2.30E-06,2.30E-06,5.47E-07,5.47E-07,5.69E-07,5.69E-07,4.70E-07,4.70E-07,3.85E-07,3.85E-07,4.47E-07,4.47E-07,1.35E-05,1.35E-05,2.28E-06,2.28E-06,1.93E-06,1.93E-06,9.51E-07,9.51E-07,1.83E-06,1.83E-06,1.47E-06,1.47E-06,6.87E-05,6.87E-05,0.98602784,0.98602784,4.15E-05,4.15E-05,4.48E-06,4.48E-06,1.60E-05,1.60E-05,1.77E-06,1.77E-06,2.04E-06,2.04E-06,6.52E-07,6.52E-07,6.64E-07,6.64E-07,5.82E-07,5.82E-07,5.67E-07,5.67E-07,5.77E-07,5.77E-07,9.05E-07,9.05E-07,9.28E-07,9.28E-07,9.17E-05,9.17E-05,0.9472093,0.9472093,0.000587763,0.000587763,1.24E-06,1.24E-06,7.39E-07,7.39E-07,5.60E-07,5.60E-07,4.47E-07,4.47E-07,4.14E-07,4.14E-07,4.44E-07,4.44E-07,3.49E-07,3.49E-07,1.64E-05,1.64E-05,2.10E-06,2.10E-06,1.15E-06,1.15E-06,1.92E-06,1.92E-06,1.50E-06,1.50E-06,1.96E-05,1.96E-05,0.97986364,0.97986364,0.12065733,0.12065733,0.001030761,0.001030761,1.84E-06,1.84E-06,2.69E-05,2.69E-05,2.07E-06,2.07E-06,9.19E-07,9.19E-07,8.37E-07,8.37E-07,8.10E-07,8.10E-07,9.59E-07,9.59E-07,6.37E-07,6.37E-07,6.07E-07,6.07E-07,5.10E-07,5.10E-07,4.93E-07,4.93E-07,3.73E-05,3.73E-05,0.95566136,0.95566136,0.032904338,0.032904338,1.32E-06,1.32E-06,4.31E-07,4.31E-07,3.79E-07,3.79E-07,2.82E-07,2.82E-07,3.98E-07,3.98E-07,3.98E-07,3.98E-07,4.09E-07,4.09E-07,1.20E-05,1.20E-05,1.22E-06,1.22E-06,7.18E-07,7.18E-07,5.68E-07,0
5.68E-07,5.75E-07,5.75E-07,5.57E-07,5.57E-07,4.99E-07,4.99E-07,5.56E-07,5.56E-07,4.56E-07,4.56E-07,4.94E-07,4.94E-07,1.15E-05,1.15E-05,1.17E-06,1.17E-06,5.46E-07,5.46E-07,4.43E-07,4.43E-07,4.83E-07,4.83E-07,7.33E-07,7.33E-07,7.25E-07,7.25E-07,7.36E-07,7.36E-07,5.68E-07,5.68E-07,6.61E-07,6.61E-07,1.40E-05,1.40E-05,1.19E-06,1.19E-06,1.15E-06,1.15E-06,0.8276248,0.8276248,0.5741579,0.5741579,3.89E-06,3.89E-06,4.63E-07,4.63E-07,3.88E-07,3.88E-07,3.37E-07,3.37E-07,3.26E-07,3.26E-07,8.41E-06,8.41E-06,8.98E-07,8.98E-07,5.48E-07,5.48E-07,5.10E-07,5.10E-07,5.24E-07,5.24E-07,5.40E-07,5.40E-07,6.58E-07,6.58E-07,7.41E-07,7.41E-07,5.82E-07,5.82E-07,4.92E-07,4.92E-07,9.39E-06,9.39E-06,1.02E-06,1.02E-06,6.47E-07,6.47E-07,4.60E-07,4.60E-07,5.58E-07,5.58E-07,6.69E-07,6.69E-07,5.37E-07,5.37E-07,4.51E-07,4.51E-07,5.38E-07,5.38E-07,5.43E-07,5.43E-07,1.50E-05,1.50E-05,1.03E-06,1.03E-06,6.05E-07,6.05E-07,4.99E-07,4.99E-07,7.09E-07,7.09E-07,4.63E-07,4.63E-07,5.58E-07,5.58E-07,4.78E-07,4.78E-07,4.92E-07,4.92E-07,6.19E-07,6.19E-07,1.87E-05,1.87E-05,1.08E-06,1.08E-06,6.28E-07,6.28E-07,5.21E-07,5.21E-07,4.89E-07,4.89E-07,3.84E-07,3.84E-07,6.26E-07,6.26E-07,6.45E-07,6.45E-07,5.32E-07,5.32E-07,3.95E-07,3.95E-07,1.09E-05,1.09E-05,1.02E-06,1.02E-06,4.86E-07,4.86E-07,4.06E-07,4.06E-07,5.58E-07,5.58E-07,3.39E-07,3.39E-07,2.35E-07,2.35E-07,2.36E-07,2.36E-07,3.34E-07,3.34E-07,1.62E-06,1.62E-06,0.9320905,0.9320905,0.91953844,0.91953844,9.04E-06,9.04E-06,1.56E-06,1.56E-06,7.86E-07,7.86E-07,8.16E-07,8.16E-07,9.78E-07,9.78E-07,7.91E-07,7.91E-07,5.97E-07,5.97E-07,4.03E-07,4.03E-07,1.67E-05,1.67E-05,1.64E-06,1.64E-06,8.29E-07,8.29E-07,7.54E-07,7.54E-07,7.88E-07,7.88E-07,7.96E-07,7.96E-07,7.83E-07,7.83E-07,6.90E-07,6.90E-07,6.63E-07,6.63E-07,5.85E-07,5.85E-07,1.14E-05,1.14E-05,9.89E-07,9.89E-07,4.95E-07,4.95E-07,3.97E-07,3.97E-07,4.34E-07,4.34E-07,3.59E-07,3.59E-07,4.84E-07,4.84E-07,4.18E-07,4.18E-07,3.97E-07,3.97E-07,3.12E-07,3.12E-07,1.08E-05,1.08E-05,8.99E-07,8.99E-07,5.07E-07,5.07E-07,4.34E-07,4.34E-07,4.86E-07,4.86E-07,4.11E-07,4.11E-07,0
4.32E-07,4.32E-07,3.45E-07,3.45E-07,3.81E-07,3.81E-07,1.51E-06,1.51E-06,0.42431432,0.42431432,0.001432669,0.001432669,7.73E-06,7.73E-06,6.91E-07,6.91E-07,4.88E-07,4.88E-07,4.37E-07,4.37E-07,3.76E-07,3.76E-07,4.69E-07,4.69E-07,4.54E-07,4.54E-07,3.06E-07,3.06E-07,9.70E-06,9.70E-06,7.26E-07,7.26E-07,5.21E-07,5.21E-07,4.34E-07,4.34E-07,3.73E-07,3.73E-07,3.92E-07,3.92E-07,3.46E-07,3.46E-07,3.53E-07,3.53E-07,3.84E-07,3.84E-07,4.04E-07,4.04E-07,8.54E-06,8.54E-06,7.58E-07,7.58E-07,7.73E-07,7.73E-07,5.59E-07,5.59E-07,5.40E-07,5.40E-07,6.16E-07,6.16E-07,8.32E-07,8.32E-07,1.40E-06,1.40E-06,2.68E-06,2.68E-06,3.68E-06,3.68E-06,2.92E-05,2.92E-05,3.05E-06,3.05E-06,2.71E-06,2.71E-06,2.58E-06,2.58E-06,2.11E-06,2.11E-06,3.60E-06,3.60E-06,2.17E-06,2.17E-06,2.45E-06,2.45E-06,1.96E-05,1.96E-05,2.35E-05,2.35E-05,0.000255146,0.000255146,0.7381705,0.7381705,0.97622097,0.97622097,7.37E-05,7.37E-05,1.11E-05,1.11E-05,1.91E-06,1.91E-06,7.65E-07,7.65E-07,8.33E-07,8.33E-07,1.27E-06,1.27E-06,1.06E-06,1.06E-06,4.37E-05,4.37E-05,9.93E-06,9.93E-06,9.70E-06,9.70E-06,1.38E-05,1.38E-05,1.12E-05,1.12E-05,0.000144455,0.000144455,0.99623775,0.99623775,0.9360712,0.9360712,6.97E-05,6.97E-05,1.69E-06,1.69E-06,0.000215453,0.000215453,8.21E-06,8.21E-06,4.52E-06,4.52E-06,2.58E-06,2.58E-06,4.28E-06,4.28E-06,3.20E-06,3.20E-06,2.02E-06,2.02E-06,1.72E-06,1.72E-06,1.38E-06,1.38E-06,1.11E-06,1.11E-06,1.82E-05,1.82E-05,0.00053244,0.00053244,0.91023713,0.91023713,0.05736213,0.05736213,6.46E-06,6.46E-06,6.30E-07,6.30E-07,3.30E-07,3.30E-07,5.14E-07,5.14E-07,3.97E-07,3.97E-07,4.32E-07,4.32E-07,1.19E-05,1.19E-05,1.14E-06,1.14E-06,4.87E-07,4.87E-07,5.17E-07,5.17E-07,4.94E-07,4.94E-07,7.67E-07,7.67E-07,6.34E-07,6.34E-07,5.24E-07,5.24E-07,3.60E-07,3.60E-07,3.96E-07,3.96E-07,1.06E-05,1.06E-05,1.00E-06,1.00E-06,8.59E-07,8.59E-07,6.27E-07,6.27E-07,4.26E-07,4.26E-07,6.13E-07,6.13E-07,8.92E-07,8.92E-07,7.29E-07,7.29E-07,4.92E-07,4.92E-07,4.87E-07,4.87E-07,9.09E-06,9.09E-06,8.70E-07,8.70E-07,7.29E-07,7.29E-07,6.45E-06,6.45E-06,0.9926394,0.9926394,0.005990237,0.005990237,5.51E-06,5.51E-06,5.94E-07,5.94E-07,6.75E-07,0
6.75E-07,2.44E-07,2.44E-07,8.36E-06,8.36E-06,9.08E-07,9.08E-07,6.38E-07,6.38E-07,5.40E-07,5.40E-07,6.52E-07,6.52E-07,7.28E-07,7.28E-07,7.54E-07,7.54E-07,6.38E-07,6.38E-07,6.35E-07,6.35E-07,4.82E-07,4.82E-07,9.66E-06,9.66E-06,9.03E-07,9.03E-07,6.64E-06,6.64E-06,0.9518753,0.9518753,0.9943456,0.9943456,0.000123845,0.000123845,6.66E-07,6.66E-07,5.06E-07,5.06E-07,3.88E-07,3.88E-07,4.86E-07,4.86E-07,1.70E-05,1.70E-05,1.45E-06,1.45E-06,8.53E-07,8.53E-07,7.55E-07,7.55E-07,6.81E-07,6.81E-07,4.50E-07,4.50E-07,6.13E-07,6.13E-07,4.90E-07,4.90E-07,4.07E-07,4.07E-07,4.16E-07,4.16E-07,8.80E-06,8.80E-06,8.19E-07,8.19E-07,4.69E-07,4.69E-07,3.71E-07,3.71E-07,3.21E-07,3.21E-07,3.34E-07,3.34E-07,2.84E-07,2.84E-07,3.51E-07,3.51E-07,4.11E-07,4.11E-07,5.56E-07,5.56E-07,1.00E-05,1.00E-05,1.13E-06,1.13E-06,6.26E-07,6.26E-07,4.38E-07,4.38E-07,3.63E-07,3.63E-07,2.79E-07,2.79E-07,5.34E-07,5.34E-07,1.11E-06,1.11E-06,2.57E-06,2.57E-06,0.48715752,0.48715752,0.415405,0.415405,4.14E-05,4.14E-05,4.06E-06,4.06E-06,8.55E-07,8.55E-07,9.81E-07,9.81E-07,1.14E-06,1.14E-06,9.33E-07,9.33E-07,7.74E-07,7.74E-07,6.48E-07,6.48E-07,1.20E-06,1.20E-06,2.80E-05,2.80E-05,2.88E-06,2.88E-06,9.50E-07,9.50E-07,7.03E-07,7.03E-07,8.64E-07,8.64E-07,6.20E-07,6.20E-07,6.71E-07,6.71E-07,4.96E-07,4.96E-07,4.70E-07,4.70E-07,4.08E-07,4.08E-07,1.60E-05,1.60E-05,1.19E-06,1.19E-06,8.51E-07,8.51E-07,6.26E-07,6.26E-07,6.30E-07,6.30E-07,6.91E-07,6.91E-07,5.84E-07,5.84E-07,6.85E-07,6.85E-07,6.98E-07,6.98E-07,7.48E-07,7.48E-07,1.90E-05,1.90E-05,1.88E-06,1.88E-06,2.72E-06,2.72E-06,1.67E-06,1.67E-06,4.00E-06,4.00E-06,2.61E-06,2.61E-06,4.52E-06,4.52E-06,7.43E-06,7.43E-06,0.9935962,0.9935962,0.9859278,0.9859278,0.000967438,0.000967438,8.08E-06,8.08E-06,3.16E-06,3.16E-06,2.17E-06,2.17E-06,9.15E-07,9.15E-07,7.89E-07,7.89E-07,1.31E-06,1.31E-06,1.36E-06,1.36E-06,1.22E-06,1.22E-06,1.27E-06,1.27E-06,2.15E-05,2.15E-05,3.02E-06,3.02E-06,5.71E-06,5.71E-06,3.65E-06,3.65E-06,1.39E-06,1.39E-06,1.21E-06,1.21E-06,9.87E-07,9.87E-07,7.35E-07,7.35E-07,5.83E-07,5.83E-07,6.67E-07,6.67E-07,2.07E-05,2.07E-05,0
3.50E-06,3.50E-06,2.35E-06,2.35E-06,3.95E-06,3.95E-06,5.04E-06,5.04E-06,5.69E-06,5.69E-06,3.22E-06,3.22E-06,4.03E-06,4.03E-06,1.10E-05,1.10E-05,1.98E-06,1.98E-06,9.62E-05,9.62E-05,2.69E-05,2.69E-05,1.50E-05,1.50E-05,6.59E-05,6.59E-05,2.28E-05,2.28E-05,0.9757161,0.9757161,0.003733865,0.003733865,2.39E-05,2.39E-05,6.62E-06,6.62E-06,1.66E-05,1.66E-05,0.000116479,0.000116479,1.13E-05,1.13E-05,3.22E-06,3.22E-06,2.03E-06,2.03E-06,4.72E-06,4.72E-06,2.25E-06,2.25E-06,2.86E-06,2.86E-06,1.78E-06,1.78E-06,1.57E-06,1.57E-06,2.40E-06,2.40E-06,3.55E-05,3.55E-05,1.67E-05,1.67E-05,9.62E-06,9.62E-06,0.13782254,0.13782254,0.9973533,0.9973533,0.9721061,0.9721061,0.000136257,0.000136257,1.06E-05,1.06E-05,1.04E-05,1.04E-05,5.74E-06,5.74E-06,5.91E-05,5.91E-05,2.37E-06,2.37E-06,1.65E-06,1.65E-06,1.65E-06,1.65E-06,2.04E-06,2.04E-06,2.39E-06,2.39E-06,2.65E-06,2.65E-06,3.06E-06,3.06E-06,8.81E-06,8.81E-06,8.22E-06,8.22E-06,0.000105496,0.000105496,6.04E-06,6.04E-06,1.98E-06,1.98E-06,1.49E-06,1.49E-06,8.54E-07,8.54E-07,7.99E-07,7.99E-07,1.25E-06,1.25E-06,8.99E-07,8.99E-07,7.47E-07,7.47E-07,4.64E-07,4.64E-07,1.23E-05,1.23E-05,1.89E-06,1.89E-06,1.28E-06,1.28E-06,9.29E-07,9.29E-07,1.30E-06,1.30E-06,8.59E-07,8.59E-07,9.13E-07,9.13E-07,7.71E-07,7.71E-07,7.84E-07,7.84E-07,1.07E-06,1.07E-06,3.02E-05,3.02E-05,3.48E-06,3.48E-06,2.22E-06,2.22E-06,2.11E-06,2.11E-06,9.94E-07,9.94E-07,1.01E-06,1.01E-06,6.21E-07,6.21E-07,1.11E-06,1.11E-06,4.96E-07,4.96E-07,4.86E-07,4.86E-07,1.43E-05,1.43E-05,1.41E-06,1.41E-06,8.07E-07,8.07E-07,8.04E-06,8.04E-06,0.9937065,0.9937065,0.97737885,0.97737885,0.001781392,0.001781392,7.57E-07,7.57E-07,5.97E-07,5.97E-07,4.81E-07,4.81E-07,4.23E-05,4.23E-05,2.50E-06,2.50E-06,2.87E-06,2.87E-06,1.26E-06,1.26E-06,2.03E-06,2.03E-06,9.28E-07,9.28E-07,1.61E-06,1.61E-06,8.09E-07,8.09E-07,1.22E-06,1.22E-06,1.33E-06,1.33E-06,2.06E-05,2.06E-05,2.37E-06,2.37E-06,1.21E-06,1.21E-06,7.90E-07,7.90E-07,7.85E-07,7.85E-07,6.61E-07,6.61E-07,7.25E-07,7.25E-07,6.21E-07,6.21E-07,5.93E-07,5.93E-07,6.02E-07,6.02E-07,1.63E-05,1.63E-05,1.21E-05,1.21E-05,0.9853946,0.9853946,0.7907567,0
0.7907567,6.32E-06,6.32E-06,5.47E-07,5.47E-07,4.00E-07,4.00E-07,3.99E-07,3.99E-07,3.39E-07,3.39E-07,3.60E-07,3.60E-07,1.00E-05,1.00E-05,9.10E-07,9.10E-07,4.82E-07,4.82E-07,5.83E-07,5.83E-07,2.79E-06,2.79E-06,0.9140814,0.9140814,0.88448405,0.88448405,9.09E-05,9.09E-05,1.14E-06,1.14E-06,3.38E-07,3.38E-07,2.31E-05,2.31E-05,1.91E-06,1.91E-06,9.36E-07,9.36E-07,8.15E-07,8.15E-07,1.79E-06,1.79E-06,2.34E-06,2.34E-06,7.83E-07,7.83E-07,6.69E-07,6.69E-07,6.65E-07,6.65E-07,6.92E-07,6.92E-07,2.87E-05,2.87E-05,2.08E-06,2.08E-06,1.07E-06,1.07E-06,9.37E-07,9.37E-07,9.96E-07,9.96E-07,1.20E-06,1.20E-06,8.61E-07,8.61E-07,7.07E-07,7.07E-07,6.91E-07,6.91E-07,9.19E-07,9.19E-07,1.66E-05,1.66E-05,1.59E-06,1.59E-06,7.86E-07,7.86E-07,6.40E-07,6.40E-07,4.65E-07,4.65E-07,6.60E-07,6.60E-07,4.91E-07,4.91E-07,4.76E-07,4.76E-07,5.32E-07,5.32E-07,5.06E-07,5.06E-07,1.73E-05,1.73E-05,1.64E-06,1.64E-06,8.11E-07,8.11E-07,7.10E-07,7.10E-07,3.01E-06,3.01E-06,0.933287,0.933287,0.49405834,0.49405834,4.21E-06,4.21E-06,6.27E-07,6.27E-07,6.32E-07,6.32E-07,2.48E-05,2.48E-05,2.24E-06,2.24E-06,1.78E-06,1.78E-06,9.01E-07,9.01E-07,8.09E-07,8.09E-07,1.02E-06,1.02E-06,1.02E-06,1.02E-06,8.27E-07,8.27E-07,7.52E-07,7.52E-07,1.17E-06,1.17E-06,3.68E-05,3.68E-05,3.35E-06,3.35E-06,2.60E-06,2.60E-06,6.02E-06,6.02E-06,9.48E-07,9.48E-07,1.10E-06,1.10E-06,1.64E-06,1.64E-06,2.45E-06,2.45E-06,9.86E-07,9.86E-07,1.49E-06,1.49E-06,4.96E-05,4.96E-05,4.12E-06,4.12E-06,7.22E-06,7.22E-06,4.88E-06,4.88E-06,3.46E-06,3.46E-06,9.59E-06,9.59E-06,0.9626164,0.9626164,0.9942855,0.9942855,0.5384689,0.5384689,3.67E-05,3.67E-05,3.90E-05,3.90E-05,3.77E-06,3.77E-06,1.96E-06,1.96E-06,1.74E-06,1.74E-06,1.00E-06,1.00E-06,9.46E-07,9.46E-07,1.11E-06,1.11E-06,1.29E-06,1.29E-06,1.91E-06,1.91E-06,2.04E-06,2.04E-06,5.61E-05,5.61E-05,2.51E-06,2.51E-06,4.85E-06,4.85E-06,1.74E-06,1.74E-06,1.30E-06,1.30E-06,1.95E-06,1.95E-06,1.14E-06,1.14E-06,8.62E-07,8.62E-07,8.02E-07,8.02E-07,4.55E-07,4.55E-07,1.88E-05,1.88E-05,8.99E-06,8.99E-06,0.96112204,0.96112204,0.9822662,0.9822662,0.60100424,0.60100424,2.50E-06,2.50E-06,0
0.000604283,0.000604283,1.34E-06,1.34E-06,6.16E-07,6.16E-07,3.80E-07,3.80E-07,4.20E-07,4.20E-07,4.52E-07,4.52E-07,4.85E-07,4.85E-07,7.06E-07,7.06E-07,7.05E-07,7.05E-07,1.30E-05,1.30E-05,0.44939393,0.44939393,0.048635162,0.048635162,1.50E-06,1.50E-06,5.98E-07,5.98E-07,4.58E-07,4.58E-07,5.19E-07,5.19E-07,5.07E-07,5.07E-07,6.37E-07,6.37E-07,7.28E-07,7.28E-07,1.22E-05,1.22E-05,1.60E-06,1.60E-06,8.43E-07,8.43E-07,7.65E-07,7.65E-07,6.62E-07,6.62E-07,6.50E-07,6.50E-07,5.55E-07,5.55E-07,5.70E-07,5.70E-07,5.93E-07,5.93E-07,5.55E-07,5.55E-07,9.63E-06,9.63E-06,1.15E-06,1.15E-06,6.64E-07,6.64E-07,7.37E-07,7.37E-07,7.68E-07,7.68E-07,6.39E-07,6.39E-07,7.60E-07,7.60E-07,8.32E-07,8.32E-07,6.11E-07,6.11E-07,6.01E-07,6.01E-07,1.10E-05,1.10E-05,1.64E-06,1.64E-06,1.08E-06,1.08E-06,9.77E-07,9.77E-07,8.86E-07,8.86E-07,7.82E-07,7.82E-07,7.57E-07,7.57E-07,6.23E-07,6.23E-07,7.42E-07,7.42E-07,6.41E-07,6.41E-07,9.95E-06,9.95E-06,1.69E-06,1.69E-06,9.89E-07,9.89E-07,5.62E-07,5.62E-07,1.31E-06,1.31E-06,0.000192016,0.000192016,2.03E-06,2.03E-06,8.69E-07,8.69E-07,5.49E-07,5.49E-07,5.22E-07,5.22E-07,1.27E-05,1.27E-05,1.55E-06,1.55E-06,2.87E-06,2.87E-06,0.040294643,0.040294643,0.000456106,0.000456106,1.60E-06,1.60E-06,5.25E-07,5.25E-07,4.74E-07,4.74E-07,4.25E-07,4.25E-07,4.60E-07,4.60E-07,1.08E-05,1.08E-05,1.33E-06,1.33E-06,9.83E-07,9.83E-07,7.80E-07,7.80E-07,7.41E-07,7.41E-07,9.23E-07,9.23E-07,8.19E-07,8.19E-07,7.70E-07,7.70E-07,8.89E-07,8.89E-07,9.76E-07,9.76E-07,6.69E-05,6.69E-05,0.6134415,0.6134415,5.70E-06,5.70E-06,1.10E-06,1.10E-06,7.22E-07,7.22E-07,4.72E-07,4.72E-07,4.09E-07,4.09E-07,3.88E-07,3.88E-07,3.15E-07,3.15E-07,3.20E-07,3.20E-07,7.88E-06,7.88E-06,1.00E-06,1.00E-06,7.21E-07,7.21E-07,6.15E-07,6.15E-07,5.74E-07,5.74E-07,6.58E-07,6.58E-07,6.16E-07,6.16E-07,5.75E-07,5.75E-07,1.37E-06,1.37E-06,0.57774556,0.57774556,0.004224471,0.004224471,5.29E-06,5.29E-06,1.99E-06,1.99E-06,1.02E-06,1.02E-06,8.88E-07,8.88E-07,7.23E-07,7.23E-07,7.40E-07,7.40E-07,8.38E-07,8.38E-07,8.51E-07,8.51E-07,6.97E-07,6.97E-07,7.91E-06,7.91E-06,9.70E-07,9.70E-07,1.78E-06,1.78E-06,0.89671534,0
0.89671534,0.824794,0.824794,1.19E-05,1.19E-05,6.17E-07,6.17E-07,7.11E-07,7.11E-07,5.90E-07,5.90E-07,4.32E-07,4.32E-07,7.42E-06,7.42E-06,8.17E-07,8.17E-07,4.47E-07,4.47E-07,4.15E-07,4.15E-07,3.96E-07,3.96E-07,4.72E-07,4.72E-07,4.83E-07,4.83E-07,5.47E-07,5.47E-07,5.88E-07,5.88E-07,5.91E-07,5.91E-07,9.46E-06,9.46E-06,1.21E-06,1.21E-06,9.61E-07,9.61E-07,9.62E-07,9.62E-07,7.13E-07,7.13E-07,1.14E-06,1.14E-06,0.39262274,0.39262274,0.64303154,0.64303154,3.55E-05,3.55E-05,9.50E-07,9.50E-07,2.76E-05,2.76E-05,0.18602434,0.18602434,0.21351436,0.21351436,1.38E-06,1.38E-06,3.72E-07,3.72E-07,3.51E-07,3.51E-07,2.45E-07,2.45E-07,2.58E-07,2.58E-07,2.91E-07,2.91E-07,3.02E-07,3.02E-07,9.51E-06,9.51E-06,1.28E-06,1.28E-06,8.23E-07,8.23E-07,7.88E-07,7.88E-07,7.78E-07,7.78E-07,6.63E-07,6.63E-07,6.21E-07,6.21E-07,6.54E-07,6.54E-07,6.37E-07,6.37E-07,1.36E-06,1.36E-06,0.038030915,0.038030915,0.09915786,0.09915786,0.004947669,0.004947669,1.62E-06,1.62E-06,5.56E-07,5.56E-07,4.12E-07,4.12E-07,3.98E-07,3.98E-07,4.21E-07,4.21E-07,4.65E-07,4.65E-07,4.10E-07,4.10E-07,1.23E-05,1.23E-05,1.42E-06,1.42E-06,6.96E-07,6.96E-07,6.42E-07,6.42E-07,5.66E-07,5.66E-07,5.93E-07,5.93E-07,6.04E-07,6.04E-07,6.66E-07,6.66E-07,6.83E-07,6.83E-07,6.12E-07,6.12E-07,8.38E-06,8.38E-06,9.95E-07,9.95E-07,6.37E-07,6.37E-07,5.75E-07,5.75E-07,6.05E-07,6.05E-07,6.68E-07,6.68E-07,7.61E-07,7.61E-07,7.45E-07,7.45E-07,8.91E-07,8.91E-07,9.55E-07,9.55E-07,1.17E-05,1.17E-05,1.95E-06,1.95E-06,1.58E-06,1.58E-06,1.05E-06,1.05E-06,1.13E-06,1.13E-06,1.11E-06,1.11E-06,1.29E-06,1.29E-06,9.32E-07,9.32E-07,1.16E-06,1.16E-06,9.78E-07,9.78E-07,1.21E-05,1.21E-05,1.69E-06,1.69E-06,1.20E-06,1.20E-06,8.82E-07,8.82E-07,7.21E-07,7.21E-07,7.22E-07,7.22E-07,6.41E-07,6.41E-07,5.72E-07,5.72E-07,1.95E-06,1.95E-06,1.50E-05,1.50E-05,4.38E-05,4.38E-05,1.54E-06,1.54E-06,7.30E-07,7.30E-07,4.91E-07,4.91E-07,3.66E-07,3.66E-07,3.31E-07,3.31E-07,2.99E-07,2.99E-07,3.26E-07,3.26E-07,3.19E-07,3.19E-07,3.39E-07,3.39E-07,3.16E-05,3.16E-05,0.10710224,0.10710224,0.0508338,0.0508338,2.00E-05,2.00E-05,5.58E-07,5.58E-07,3.27E-07,3.27E-07,0
2.72E-07,2.72E-07,2.30E-07,2.30E-07,2.01E-07,2.01E-07,2.02E-07,2.02E-07,7.58E-06,7.58E-06,6.02E-07,6.02E-07,2.60E-07,2.60E-07,2.42E-07,2.42E-07,2.41E-07,2.41E-07,2.85E-07,2.85E-07,2.49E-07,2.49E-07,2.41E-07,2.41E-07,2.28E-07,2.28E-07,2.34E-07,2.34E-07,7.67E-06,7.67E-06,1.38E-05,1.38E-05,1.50E-05,1.50E-05,7.21E-07,7.21E-07,4.48E-07,4.48E-07,3.04E-07,3.04E-07,2.58E-07,2.58E-07,2.31E-07,2.31E-07,2.53E-07,2.53E-07,2.14E-07,2.14E-07,7.49E-06,7.49E-06,7.87E-07,7.87E-07,5.03E-07,5.03E-07,4.58E-07,4.58E-07,3.68E-07,3.68E-07,3.76E-07,3.76E-07,3.91E-07,3.91E-07,4.13E-07,4.13E-07,3.78E-07,3.78E-07,4.52E-07,4.52E-07,0.000262376,0.000262376,5.08E-06,5.08E-06,1.14E-06,1.14E-06,7.99E-07,7.99E-07,6.25E-07,6.25E-07,5.14E-07,5.14E-07,4.64E-07,4.64E-07,4.39E-07,4.39E-07,4.17E-07,4.17E-07,3.74E-07,3.74E-07,9.26E-06,9.26E-06,8.42E-07,8.42E-07,5.03E-07,5.03E-07,4.28E-07,4.28E-07,3.53E-07,3.53E-07,3.24E-07,3.24E-07,3.27E-07,3.27E-07,3.21E-07,3.21E-07,2.77E-07,2.77E-07,2.53E-07,2.53E-07,1.11E-05,1.11E-05,1.24E-06,1.24E-06,6.14E-07,6.14E-07,5.12E-07,5.12E-07,4.70E-07,4.70E-07,4.99E-07,4.99E-07,4.24E-07,4.24E-07,4.04E-07,4.04E-07,3.95E-07,3.95E-07,3.82E-07,3.82E-07,9.76E-06,9.76E-06,1.21E-06,1.21E-06,7.39E-07,7.39E-07,6.43E-07,6.43E-07,5.61E-07,5.61E-07,5.30E-07,5.30E-07,6.06E-07,6.06E-07,5.83E-07,5.83E-07,5.52E-07,5.52E-07,5.68E-07,5.68E-07,9.64E-06,9.64E-06,1.12E-06,1.12E-06,5.22E-07,5.22E-07,7.47E-07,7.47E-07,1.04E-06,1.04E-06,5.42E-07,5.42E-07,3.68E-07,3.68E-07,2.49E-07,2.49E-07,2.94E-07,2.94E-07,3.40E-07,3.40E-07,6.99E-06,6.99E-06,7.79E-07,7.79E-07,5.19E-07,5.19E-07,3.60E-07,3.60E-07,3.46E-07,3.46E-07,3.26E-07,3.26E-07,2.94E-07,2.94E-07,3.03E-07,3.03E-07,3.07E-07,3.07E-07,2.11E-07,2.11E-07,5.67E-06,5.67E-06,5.92E-07,5.92E-07,3.42E-07,3.42E-07,3.88E-07,3.88E-07,4.14E-07,4.14E-07,4.28E-07,4.28E-07,3.86E-07,3.86E-07,4.16E-07,4.16E-07,4.04E-07,4.04E-07,4.42E-07,4.42E-07,0.000183007,0.000183007,4.39E-06,4.39E-06,8.05E-07,8.05E-07,6.21E-07,6.21E-07,4.39E-07,4.39E-07,4.32E-07,4.32E-07,4.53E-07,4.53E-07,4.62E-07,4.62E-07,4.40E-07,0
9.33E-07,9.33E-07,4.67E-07,4.67E-07,5.68E-06,5.68E-06,0.35639203,0.35639203,0.74152106,0.74152106,0.000154449,0.000154449,1.80E-06,1.80E-06,7.84E-07,7.84E-07,4.15E-07,4.15E-07,9.03E-06,9.03E-06,9.50E-07,9.50E-07,5.61E-07,5.61E-07,3.41E-07,3.41E-07,4.31E-07,4.31E-07,3.62E-07,3.62E-07,6.77E-07,6.77E-07,6.66E-07,6.66E-07,4.35E-07,4.35E-07,6.12E-07,6.12E-07,1.39E-05,1.39E-05,1.24E-06,1.24E-06,6.62E-07,6.62E-07,1.21E-06,1.21E-06,7.44E-07,7.44E-07,4.69E-07,4.69E-07,4.17E-07,4.17E-07,4.38E-07,4.38E-07,3.98E-07,3.98E-07,3.98E-07,3.98E-07,1.17E-05,1.17E-05,1.01E-06,1.01E-06,8.42E-07,8.42E-07,6.15E-07,6.15E-07,5.70E-07,5.70E-07,0.002191105,0.002191105,0.009449652,0.009449652,2.29E-05,2.29E-05,1.66E-06,1.66E-06,1.09E-06,1.09E-06,1.37E-05,1.37E-05,1.35E-06,1.35E-06,8.19E-07,8.19E-07,4.92E-07,4.92E-07,5.24E-07,5.24E-07,5.23E-07,5.23E-07,7.96E-07,7.96E-07,5.28E-07,5.28E-07,5.65E-07,5.65E-07,7.37E-07,7.37E-07,1.32E-05,1.32E-05,1.64E-06,1.64E-06,1.05E-06,1.05E-06,9.28E-07,9.28E-07,5.80E-07,5.80E-07,5.35E-07,5.35E-07,6.23E-07,6.23E-07,5.04E-07,5.04E-07,7.20E-07,7.20E-07,1.21E-06,1.21E-06,0.45523727,0.45523727,0.79510844,0.79510844,2.61E-05,2.61E-05,8.49E-07,8.49E-07,4.82E-07,4.82E-07,6.07E-07,6.07E-07,6.85E-07,6.85E-07,5.95E-07,5.95E-07,4.76E-07,4.76E-07,5.19E-07,5.19E-07,1.23E-05,1.23E-05,1.57E-06,1.57E-06,1.01E-06,1.01E-06,6.86E-07,6.86E-07,4.60E-07,4.60E-07,5.23E-07,5.23E-07,5.39E-07,5.39E-07,8.13E-07,8.13E-07,8.39E-07,8.39E-07,5.23E-07,5.23E-07,1.16E-05,1.16E-05,1.51E-06,1.51E-06,1.08E-06,1.08E-06,6.95E-07,6.95E-07,1.03E-06,1.03E-06,1.08E-06,1.08E-06,1.22E-06,1.22E-06,8.16E-07,8.16E-07,8.58E-07,8.58E-07,4.54E-05,4.54E-05,0.68200386,0.68200386,0.11741252,0.11741252,6.26E-05,6.26E-05,1.87E-06,1.87E-06,1.02E-06,1.02E-06,6.05E-07,6.05E-07,4.84E-07,4.84E-07,7.22E-07,7.22E-07,5.61E-07,5.61E-07,6.08E-07,6.08E-07,1.34E-05,1.34E-05,2.11E-06,2.11E-06,0.9465027,0.9465027,0.33963072,0.33963072,0.6259846,0.6259846,8.19E-06,8.19E-06,8.87E-07,8.87E-07,7.00E-07,7.00E-07,7.71E-07,7.71E-07,5.16E-07,5.16E-07,1.97E-05,1.97E-05,1.79E-06,1.79E-06,1.15E-06,1.15E-06,1.07E-06,0
1.07E-06,8.03E-07,8.03E-07,4.24E-07,4.24E-07,3.83E-07,3.83E-07,3.30E-07,3.30E-07,3.52E-07,3.52E-07,3.46E-07,3.46E-07,3.19E-05,3.19E-05,0.71079797,0.71079797,0.26623935,0.26623935,0.047660083,0.047660083,2.45E-06,2.45E-06,7.16E-07,7.16E-07,4.57E-07,4.57E-07,4.03E-07,4.03E-07,4.94E-07,4.94E-07,5.34E-07,5.34E-07,1.55E-05,1.55E-05,2.78E-06,2.78E-06,1.18E-06,1.18E-06,1.19E-06,1.19E-06,1.12E-06,1.12E-06,1.16E-06,1.16E-06,1.37E-06,1.37E-06,1.31E-06,1.31E-06,1.27E-06,1.27E-06,8.05E-07,8.05E-07,1.53E-05,1.53E-05,2.29E-06,2.29E-06,1.22E-06,1.22E-06,9.55E-07,9.55E-07,9.08E-07,9.08E-07,8.93E-07,8.93E-07,8.48E-07,8.48E-07,1.50E-06,1.50E-06,0.057260863,0.057260863,0.10618524,0.10618524,0.000546834,0.000546834,4.07E-06,4.07E-06,1.29E-06,1.29E-06,8.12E-07,8.12E-07,5.48E-07,5.48E-07,5.53E-07,5.53E-07,5.61E-07,5.61E-07,5.37E-07,5.37E-07,5.76E-07,5.76E-07,4.94E-07,4.94E-07,1.12E-05,1.12E-05,9.60E-07,9.60E-07,4.53E-07,4.53E-07,3.49E-07,3.49E-07,1.55E-06,1.55E-06,0.44086123,0.44086123,0.8253292,0.8253292,0.21073157,0.21073157,6.44E-06,6.44E-06,5.63E-07,5.63E-07,1.41E-05,1.41E-05,1.22E-06,1.22E-06,1.07E-06,1.07E-06,1.01E-06,1.01E-06,8.51E-07,8.51E-07,1.01E-06,1.01E-06,1.24E-06,1.24E-06,1.12E-06,1.12E-06,1.04E-06,1.04E-06,8.18E-07,8.18E-07,2.31E-05,2.31E-05,1.91E-06,1.91E-06,8.93E-07,8.93E-07,1.13E-06,1.13E-06,6.88E-07,6.88E-07,7.66E-07,7.66E-07,1.04E-06,1.04E-06,1.11E-06,1.11E-06,7.98E-07,7.98E-07,9.36E-07,9.36E-07,1.56E-05,1.56E-05,2.43E-06,2.43E-06,8.66E-07,8.66E-07,5.44E-07,5.44E-07,1.01E-06,1.01E-06,1.33E-06,1.33E-06,6.55E-07,6.55E-07,1.20E-06,1.20E-06,0.03132424,0.03132424,0.23194286,0.23194286,0.004328772,0.004328772,4.70E-06,4.70E-06,1.95E-06,1.95E-06,1.47E-06,1.47E-06,1.10E-06,1.10E-06,1.06E-06,1.06E-06,1.48E-06,1.48E-06,6.56E-07,6.56E-07,6.63E-07,6.63E-07,9.46E-07,9.46E-07,1.40E-05,1.40E-05,1.41E-06,1.41E-06,8.34E-07,8.34E-07,6.69E-07,6.69E-07,1.37E-06,1.37E-06,7.69E-07,7.69E-07,8.31E-07,8.31E-07,0.017805455,0.017805455,0.11022025,0.11022025,0.01926256,0.01926256,0.000450948,0.000450948,6.17E-06,6.17E-06,2.39E-06,2.39E-06,1.29E-06,1.29E-06,9.44E-07,9.44E-07,6.65E-07,6.65E-07,0
4.87E-07,4.87E-07,1.15E-06,1.15E-06,1.21E-06,1.21E-06,8.64E-07,8.64E-07,1.39E-05,1.39E-05,9.73E-07,9.73E-07,1.15E-06,1.15E-06,6.72E-07,6.72E-07,5.18E-07,5.18E-07,5.11E-07,5.11E-07,7.71E-07,7.71E-07,6.32E-07,6.32E-07,4.49E-07,4.49E-07,5.47E-07,5.47E-07,3.28E-05,3.28E-05,0.77780986,0.77780986,0.74734735,0.74734735,0.000292044,0.000292044,3.12E-06,3.12E-06,7.44E-07,7.44E-07,6.05E-07,6.05E-07,4.98E-07,4.98E-07,3.91E-07,3.91E-07,3.46E-07,3.46E-07,9.14E-06,9.14E-06,8.87E-07,8.87E-07,1.06E-06,1.06E-06,7.30E-07,7.30E-07,8.10E-07,8.10E-07,4.47E-07,4.47E-07,5.33E-07,5.33E-07,9.98E-07,9.98E-07,7.43E-07,7.43E-07,6.54E-07,6.54E-07,1.13E-05,1.13E-05,1.71E-06,1.71E-06,6.98E-07,6.98E-07,6.93E-07,6.93E-07,6.77E-07,6.77E-07,8.29E-07,8.29E-07,7.57E-07,7.57E-07,1.65E-06,1.65E-06,1.78E-06,1.78E-06,1.11E-06,1.11E-06,1.42E-05,1.42E-05,1.83E-06,1.83E-06,1.27E-06,1.27E-06,1.49E-06,1.49E-06,8.44E-07,8.44E-07,1.02E-06,1.02E-06,1.59E-06,1.59E-06,8.27E-07,8.27E-07,8.17E-07,8.17E-07,9.68E-07,9.68E-07,0.91209483,0.91209483,0.6973192,0.6973192,0.000236395,0.000236395,1.25E-06,1.25E-06,4.86E-07,4.86E-07,4.37E-07,4.37E-07,4.78E-07,4.78E-07,5.13E-07,5.13E-07,3.22E-07,3.22E-07,3.79E-07,3.79E-07,1.21E-05,1.21E-05,1.31E-06,1.31E-06,1.01E-06,1.01E-06,5.38E-07,5.38E-07,4.94E-07,4.94E-07,1.72E-06,1.72E-06,6.26E-07,6.26E-07,1.08E-06,1.08E-06,1.35E-06,1.35E-06,1.18E-06,1.18E-06,9.85E-06,9.85E-06,1.37E-06,1.37E-06,5.86E-07,5.86E-07,4.44E-07,4.44E-07,3.81E-07,3.81E-07,4.78E-07,4.78E-07,5.94E-07,5.94E-07,5.86E-07,5.86E-07,6.43E-07,6.43E-07,6.82E-07,6.82E-07,9.42E-06,9.42E-06,8.52E-07,8.52E-07,1.32E-06,1.32E-06,0.29382965,0.29382965,0.26647288,0.26647288,0.001462637,0.001462637,1.47E-06,1.47E-06,9.21E-07,9.21E-07,7.58E-07,7.58E-07,7.59E-07,7.59E-07,1.74E-05,1.74E-05,1.95E-06,1.95E-06,1.22E-06,1.22E-06,9.40E-07,9.40E-07,7.61E-07,7.61E-07,5.26E-07,5.26E-07,6.61E-07,6.61E-07,5.66E-07,5.66E-07,5.93E-07,5.93E-07,5.52E-07,5.52E-07,1.11E-05,1.11E-05,1.86E-06,1.86E-06,5.97E-07,5.97E-07,8.39E-07,8.39E-07,9.16E-07,9.16E-07,1.27E-06,1.27E-06,0.001442854,0.001442854,0.000717068,0.000717068,3.91E-06,0
3.91E-06,1.18E-06,1.18E-06,2.97E-05,2.97E-05,2.84E-06,2.84E-06,1.14E-06,1.14E-06,7.99E-07,7.99E-07,6.76E-07,6.76E-07,6.81E-07,6.81E-07,4.96E-07,4.96E-07,4.96E-07,4.96E-07,4.57E-07,4.57E-07,5.68E-07,5.68E-07,1.80E-05,1.80E-05,1.74E-06,1.74E-06,6.12E-07,6.12E-07,7.94E-07,7.94E-07,7.61E-07,7.61E-07,1.11E-06,1.11E-06,7.73E-07,7.73E-07,7.28E-07,7.28E-07,7.34E-07,7.34E-07,4.91E-07,4.91E-07,9.95E-06,9.95E-06,1.19E-06,1.19E-06,4.76E-07,4.76E-07,4.13E-07,4.13E-07,3.95E-07,3.95E-07,4.04E-07,4.04E-07,5.08E-07,5.08E-07,5.09E-07,5.09E-07,5.59E-07,5.59E-07,1.05E-06,1.05E-06,8.01E-06,8.01E-06,1.00E-06,1.00E-06,4.81E-07,4.81E-07,3.50E-07,3.50E-07,3.51E-07,3.51E-07,3.50E-07,3.50E-07,3.52E-07,3.52E-07,3.63E-07,3.63E-07,3.97E-07,3.97E-07,9.52E-06,9.52E-06,0.94599247,0.94599247,0.376917,0.376917,5.67E-06,5.67E-06,9.09E-07,9.09E-07,4.92E-07,4.92E-07,4.48E-07,4.48E-07,4.34E-07,4.34E-07,3.92E-07,3.92E-07,3.62E-07,3.62E-07,4.58E-07,4.58E-07,1.31E-05,1.31E-05,1.33E-06,1.33E-06,6.72E-07,6.72E-07,7.01E-07,7.01E-07,6.92E-07,6.92E-07,1.37E-06,1.37E-06,8.10E-07,8.10E-07,5.97E-07,5.97E-07,8.18E-07,8.18E-07,7.44E-07,7.44E-07,1.04E-05,1.04E-05,1.48E-06,1.48E-06,8.35E-07,8.35E-07,9.82E-06,9.82E-06,0.75372416,0.75372416,0.55317765,0.55317765,0.00086495,0.00086495,2.40E-06,2.40E-06,5.05E-07,5.05E-07,3.42E-07,3.42E-07,1.17E-05,1.17E-05,1.77E-06,1.77E-06,7.79E-07,7.79E-07,7.50E-07,7.50E-07,6.49E-07,6.49E-07,5.23E-07,5.23E-07,5.51E-07,5.51E-07,3.47E-07,3.47E-07,3.81E-07,3.81E-07,4.64E-07,4.64E-07,9.81E-06,9.81E-06,1.02E-06,1.02E-06,6.22E-07,6.22E-07,5.28E-07,5.28E-07,5.28E-07,5.28E-07,5.14E-07,5.14E-07,6.33E-07,6.33E-07,6.90E-07,6.90E-07,6.88E-07,6.88E-07,1.04E-06,1.04E-06,1.31E-05,1.31E-05,1.54E-06,1.54E-06,7.53E-07,7.53E-07,6.77E-07,6.77E-07,7.40E-07,7.40E-07,5.96E-07,5.96E-07,5.32E-07,5.32E-07,7.95E-07,7.95E-07,7.11E-07,7.11E-07,7.36E-07,7.36E-07,1.71E-05,1.71E-05,1.49E-06,1.49E-06,9.20E-07,9.20E-07,6.99E-07,6.99E-07,8.27E-07,8.27E-07,7.44E-07,7.44E-07,7.46E-07,7.46E-07,1.06E-06,1.06E-06,6.14E-07,6.14E-07,5.88E-07,5.88E-07,1.44E-05,1.44E-05,0
1.00E-06,1.00E-06,8.44E-07,8.44E-07,6.87E-07,6.87E-07,8.50E-07,8.50E-07,0.55594164,0.55594164,0.66357267,0.66357267,0.6093209,0.6093209,4.09E-06,4.09E-06,1.88E-06,1.88E-06,1.99E-05,1.99E-05,1.71E-06,1.71E-06,2.10E-06,2.10E-06,1.07E-06,1.07E-06,9.33E-07,9.33E-07,8.61E-07,8.61E-07,7.78E-07,7.78E-07,8.80E-07,8.80E-07,7.91E-07,7.91E-07,7.27E-07,7.27E-07,1.11E-05,1.11E-05,2.49E-06,2.49E-06,8.17E-07,8.17E-07,6.57E-07,6.57E-07,5.35E-07,5.35E-07,5.05E-07,5.05E-07,6.27E-07,6.27E-07,7.92E-07,7.92E-07,8.10E-07,8.10E-07,8.81E-07,8.81E-07,1.47E-05,1.47E-05,1.59E-06,1.59E-06,1.68E-06,1.68E-06,9.11E-07,9.11E-07,7.94E-07,7.94E-07,7.17E-07,7.17E-07,2.08E-06,2.08E-06,0.27242172,0.27242172,0.27065152,0.27065152,1.85E-05,1.85E-05,3.10E-05,3.10E-05,2.01E-06,2.01E-06,7.93E-07,7.93E-07,1.20E-06,1.20E-06,6.32E-07,6.32E-07,8.83E-07,8.83E-07,1.03E-06,1.03E-06,1.00E-06,1.00E-06,1.01E-06,1.01E-06,9.95E-07,9.95E-07,1.35E-05,1.35E-05,0.000700282,0.000700282,0.3759467,0.3759467,0.25616655,0.25616655,7.05E-06,7.05E-06,1.01E-06,1.01E-06,9.29E-07,9.29E-07,3.61E-07,3.61E-07,3.05E-07,3.05E-07,4.35E-07,4.35E-07,1.99E-05,1.99E-05,1.99E-06,1.99E-06,9.27E-07,9.27E-07,7.38E-07,7.38E-07,1.04E-06,1.04E-06,6.32E-07,6.32E-07,8.52E-07,8.52E-07,6.09E-07,6.09E-07,6.53E-07,6.53E-07,5.92E-07,5.92E-07,1.00E-05,1.00E-05,9.53E-07,9.53E-07,9.40E-07,9.40E-07,5.46E-07,5.46E-07,3.90E-07,3.90E-07,6.58E-07,6.58E-07,4.49E-07,4.49E-07,7.28E-07,7.28E-07,6.55E-07,6.55E-07,7.79E-07,7.79E-07,1.43E-05,1.43E-05,1.23E-06,1.23E-06,7.29E-07,7.29E-07,1.13E-06,1.13E-06,0.51350313,0.51350313,0.64891434,0.64891434,0.040275417,0.040275417,1.42E-06,1.42E-06,6.99E-07,6.99E-07,5.11E-07,5.11E-07,1.64E-05,1.64E-05,1.55E-06,1.55E-06,9.76E-07,9.76E-07,8.19E-07,8.19E-07,7.23E-07,7.23E-07,8.18E-07,8.18E-07,1.24E-06,1.24E-06,8.82E-07,8.82E-07,7.83E-07,7.83E-07,5.58E-07,5.58E-07,1.15E-05,1.15E-05,2.02E-06,2.02E-06,1.09E-06,1.09E-06,8.29E-07,8.29E-07,7.68E-07,7.68E-07,6.86E-07,6.86E-07,6.33E-07,6.33E-07,5.83E-07,5.83E-07,6.32E-07,6.32E-07,6.87E-07,6.87E-07,2.42E-05,2.42E-05,0.94476265,0.94476265,0.79194754,0.79194754,0.004788734,0
0.004788734,2.14E-06,2.14E-06,8.81E-07,8.81E-07,5.96E-07,5.96E-07,6.97E-07,6.97E-07,5.31E-07,5.31E-07,6.72E-07,6.72E-07,2.08E-05,2.08E-05,2.17E-06,2.17E-06,1.02E-06,1.02E-06,7.78E-07,7.78E-07,4.85E-07,4.85E-07,4.14E-07,4.14E-07,5.98E-07,5.98E-07,4.96E-07,4.96E-07,6.81E-07,6.81E-07,1.07E-06,1.07E-06,1.25E-05,1.25E-05,1.29E-06,1.29E-06,1.16E-06,1.16E-06,9.05E-07,9.05E-07,9.71E-07,9.71E-07,1.04E-06,1.04E-06,7.39E-07,7.39E-07,8.57E-07,8.57E-07,1.13E-06,1.13E-06,7.88E-07,7.88E-07,1.68E-05,1.68E-05,2.10E-06,2.10E-06,1.54E-06,1.54E-06,1.32E-06,1.32E-06,8.58E-07,8.58E-07,8.78E-07,8.78E-07,9.76E-07,9.76E-07,8.89E-07,8.89E-07,1.03E-06,1.03E-06,1.22E-06,1.22E-06,1.32E-05,1.32E-05,1.21E-06,1.21E-06,7.27E-07,7.27E-07,6.31E-07,6.31E-07,7.46E-07,7.46E-07,5.06E-07,5.06E-07,5.34E-07,5.34E-07,5.64E-07,5.64E-07,6.39E-07,6.39E-07,9.52E-07,9.52E-07,1.60E-05,1.60E-05,2.48E-06,2.48E-06,1.11E-06,1.11E-06,9.27E-07,9.27E-07,2.43E-06,2.43E-06,0.05450116,0.05450116,0.054671735,0.054671735,4.46E-06,4.46E-06,1.81E-06,1.81E-06,1.12E-06,1.12E-06,1.26E-05,1.26E-05,1.23E-06,1.23E-06,8.16E-07,8.16E-07,7.00E-07,7.00E-07,5.77E-07,5.77E-07,4.81E-07,4.81E-07,4.39E-07,4.39E-07,4.91E-07,4.91E-07,5.53E-07,5.53E-07,5.51E-07,5.51E-07,1.12E-05,1.12E-05,9.40E-07,9.40E-07,6.21E-07,6.21E-07,4.68E-07,4.68E-07,4.86E-07,4.86E-07,4.73E-07,4.73E-07,4.81E-07,4.81E-07,4.98E-07,4.98E-07,4.68E-07,4.68E-07,5.52E-07,5.52E-07,1.30E-05,1.30E-05,3.84E-06,3.84E-06,9.87E-07,9.87E-07,7.16E-07,7.16E-07,6.12E-07,6.12E-07,1.38E-06,1.38E-06,1.32E-06,1.32E-06,1.18E-06,1.18E-06,0.000529778,0.000529778,0.7877759,0.7877759,0.570299,0.570299,0.7773913,0.7773913,0.9455374,0.9455374,0.47174925,0.47174925,0.19056684,0.19056684,0.5444673,0.5444673,0.80777526,0.80777526,0.8475047,0.8475047,0.7720218,0.7720218,0.2351517,0.2351517,0.90110654,0.90110654,0.9316681,0.9316681,0.8576035,0.8576035,0.7937794,0.7937794,0.67614514,0.67614514,0.7211961,0.7211961,0.22841887,0.22841887,0.13960622,0.13960622,0.09355645,0.09355645,0.09871467,0.09871467,0.8822291,0.8822291,0.8587108,0.8587108,0.88805956,0.88805956,0.8079294,0.8079294,0.74905705,0.74905705,0.70828503,0.70828503,0
0.00033523,0.00033523,0.000208648,0.000208648,0.000194194,0.000254607,0.000254607,0.000378611,0.000378611,0.000348285,0.000395531,0.000395531,0.000391005,0.000391005,0.000435604,0.002283996,0.002283996,0.000445874,0.000445874,0.000637665,0.000378354,0.000378354,0.000372073,0.000372073,0.00040632,0.000425934,0.000425934,0.000408041,0.000408041,0.000600082,0.000706324,0.000706324,0.003393326,0.003393326,0.000578209,0.000314689,0.000314689,0.000419252,0.000419252,0.000362534,0.000486399,0.000486399,0.000422381,0.000422381,0.000592709,0.000410175,0.000410175,0.003986022,0.003986022,0.9528723,0.41947576,0.41947576,0.001153422,0.001153422,8.09E-05,5.06E-05,5.06E-05,8.72E-05,8.72E-05,0.00020298,0.000265978,0.000265978,0.000276509,0.000276509,0.000224159,0.001456233,0.001456233,0.000405384,0.000405384,0.000293469,0.000269826,0.000269826,0.000254987,0.000254987,0.000377066,0.000191012,0.000191012,0.00016476,0.00016476,0.000177855,0.000192679,0.000192679,0.001920371,0.001920371,0.000574621,0.000272269,0.000272269,0.000861847,0.000861847,0.9812517,0.9945155,0.9945155,0.9058963,0.9058963,0.000811138,4.77E-05,4.77E-05,5.01E-05,5.01E-05,0.002153765,0.000337555,0.000337555,0.000274172,0.000274172,0.000153829,0.000411874,0.000411874,0.000213373,0.000213373,0.000272766,0.000213989,0.000213989,0.000183841,0.000183841,0.000152594,0.001627624,0.001627624,0.000207556,0.000207556,0.000226532,0.000103946,0.000103946,0.000184586,0.000184586,0.00016566,0.000101532,0.000101532,0.000107508,0.000107508,0.000183769,0.000117937,0.000117937,0.001472248,0.001472248,0.000178453,9.93E-05,9.93E-05,0.000132777,0.000132777,0.03703921,0.9580409,0.9580409,0.39462596,0.39462596,0.004142331,0.000600729,0.000600729,0.000195777,0.000195777,0.002741701,0.000542195,0.000542195,0.000347994,0.000347994,0.00036051,0.000437913,0.000437913,0.000529573,0.000529573,0.000512929,0.000495736,0.000495736,0.000619612,0.000619612,0.000609915,0.001712639,0.001712639,0.000318229,0.000318229,0.000406365,0.000360937,0.000360937,0.000417936,0.000417936,0.000496731,0.001061915,0.001061915,0.001282801,0.001282801,0.002547205,0.001611094,0.001611094,0.003787504,0.003787504,0.000595731,0.000606148,0.000606148,0.000557599,0.000557599,0.000415506,0.000486775,0.000486775,0.000532067,0.000532067,0.000445651,0.00059563,0.00059563,0.00045996,0.00045996,0.001893407,0.000918025,0.000918025,0.000588904,0.000588904,0.000704605,0.000828106,0.000828106,0.000819907,0.000819907,0.001389939,0.001060796,0.001060796,0.00077145,0.00077145,0.000345707,0.004104544,0.004104544,0.000603942,0.000603942,0.0003042,0.000223142,0.000223142,0.000394886,0.000394886,0.00042735,0
0.000514226,0.000514226,0.000324045,0.000324045,0.000383563,0.000447661,0.000447661,0.001749462,0.001749462,0.000220439,0.000207924,0.000207924,0.000208007,0.000208007,0.0001555,0.864236,0.864236,0.98017853,0.98017853,0.047278356,0.000485346,0.000485346,0.000183166,0.000183166,0.002855878,0.0006101,0.0006101,0.000599277,0.000599277,0.000902415,0.000621637,0.000621637,0.00097945,0.00097945,0.000426958,0.000685152,0.000685152,0.000707504,0.000707504,0.000582956,0.003636348,0.003636348,0.001152775,0.001152775,0.000654008,0.000556353,0.000556353,0.000569802,0.000569802,0.001246095,0.000744074,0.000744074,0.001705642,0.001705642,0.002167134,0.003843975,0.003843975,0.00672705,0.00672705,0.008565418,0.002181665,0.002181665,0.0012211,0.0012211,0.001026674,0.000340579,0.000340579,0.0001917,0.0001917,9.76E-05,7.22E-05,7.22E-05,4.93E-05,4.93E-05,0.00061371,0.000143364,0.000143364,0.000152856,0.000152856,0.000241478,0.000341987,0.000341987,0.000312736,0.000312736,0.000192684,0.00106837,0.00106837,0.95702296,0.95702296,0.9811375,0.014618892,0.014618892,0.001302085,0.001302085,0.000284701,0.000142705,0.000142705,0.0001518,0.0001518,0.000210613,0.000201668,0.000201668,0.000156891,0.000156891,0.000459322,0.000250281,0.000250281,0.004051424,0.004051424,0.000550654,0.000448021,0.000448021,0.000301652,0.000301652,0.000231897,0.00039166,0.00039166,0.000332373,0.000332373,0.000534316,0.000239975,0.000239975,0.000328841,0.000328841,0.001727983,0.000221059,0.000221059,0.000177276,0.000177276,0.000262608,0.000196603,0.000196603,9.69E-05,9.69E-05,0.000272058,0.000180182,0.000180182,0.09550911,0.09550911,0.85969436,0.38666347,0.38666347,0.001902504,0.001902504,0.000422983,0.000262044,0.000262044,0.000207077,0.000207077,0.000203975,0.00031461,0.00031461,0.00040759,0.00040759,0.000377383,0.000439368,0.000439368,0.00240824,0.00240824,0.000623397,0.000189215,0.000189215,0.000147402,0.000147402,0.000193601,0.000200508,0.000200508,0.000352898,0.000352898,0.000444879,0.00067751,0.00067751,0.00025128,0.00025128,0.002034001,0.000245731,0.000245731,0.000267557,0.000267557,0.000248335,0.000363242,0.000363242,0.000231918,0.000231918,0.00013399,0.000116903,0.000116903,0.00011862,0.00011862,0.000319862,0.001620944,0.001620944,0.000437384,0.000437384,0.000130896,0.000117456,0.000117456,0.000134024,0.000134024,0.000177227,0.000158021,0.000158021,0.000177543,0.000177543,0.000168874,0.000154365,0.000154365,0.001693502,0.001693502,0.006066504,0.9452189,0.9452189,0.9519598,0.9519598,0.023478532,0.000126112,0.000126112,8.08E-05,8.08E-05,6.26E-05,8.35E-05,8.35E-05,0.00018609,0.00018609,0.001788994,0
0.000755964,0.000755964,0.000379011,0.000379011,0.00040907,0.000388933,0.000388933,0.000587604,0.000587604,0.000572487,0.000657847,0.000657847,0.000774451,0.000774451,0.000573473,0.002762498,0.002762498,0.000627442,0.000627442,0.000369771,0.000275562,0.000275562,0.00048033,0.00048033,0.000506816,0.000686179,0.000686179,0.00043644,0.00043644,0.000352954,0.00044053,0.00044053,0.005407715,0.005407715,0.000701092,0.000833337,0.000833337,0.000906667,0.000906667,0.001256316,0.001001454,0.001001454,0.001175187,0.001175187,0.000466518,0.934516,0.934516,0.9858607,0.9858607,0.23514691,0.002741258,0.002741258,8.52E-05,8.52E-05,1.75E-05,1.16E-05,1.16E-05,1.22E-05,1.22E-05,1.21E-05,1.13E-05,1.13E-05,1.53E-05,1.53E-05,1.34E-05,0.000209146,0.000209146,3.83E-05,3.83E-05,1.93E-05,2.21E-05,2.21E-05,0.119884014,0.119884014,0.000737776,0.00042397,0.00042397,0.000138218,0.000138218,9.46E-05,0.000159125,0.000159125,0.002117826,0.002117826,0.000387786,0.000321507,0.000321507,0.000422354,0.000422354,0.000396961,0.00019009,0.00019009,0.00022615,0.00022615,0.000358474,0.000598221,0.000598221,0.000459666,0.000459666,0.002310857,0.000971159,0.000971159,0.00043017,0.00043017,0.000550192,0.000797459,0.000797459,0.001128866,0.001128866,0.000965613,0.000822261,0.000822261,0.000667168,0.000667168,0.000748661,0.002263314,0.002263314,0.001188166,0.001188166,0.000612649,0.00041229,0.00041229,0.00040247,0.00040247,0.000423863,0.000863117,0.000863117,0.000752909,0.000752909,0.00105355,0.001197679,0.001197679,0.004555774,0.004555774,0.000924906,0.00131297,0.00131297,0.001608915,0.001608915,0.000537229,0.000424344,0.000424344,0.000528053,0.000528053,0.000508579,0.000602183,0.000602183,0.001151458,0.001151458,0.002831746,0.000747189,0.000747189,0.000521125,0.000521125,0.000549386,0.000699144,0.000699144,0.001751703,0.001751703,0.000865964,0.000691959,0.000691959,0.000603896,0.000603896,0.000740391,0.004375113,0.004375113,0.000830655,0.000830655,0.000705396,0.001175883,0.001175883,0.00044537,0.00044537,0.000650279,0.000800239,0.000800239,0.000483913,0.000483913,0.000580231,0.000503732,0.000503732,0.004063724,0.004063724,0.001144058,0.000992914,0.000992914,0.000643045,0.000643045,0.000750071,0.000749311,0.000749311,0.000808955,0.000808955,0.000820735,0.000789379,0.000789379,0.000697176,0.000697176,0.004584042,0.000703094,0.000703094,0.000497964,0.000497964,0.00048508,0.00036416,0.00036416,0.000290553,0.000290553,0.000286116,0.000298914,0.000298914,0.000471545,0.000471545,0.000452957,0.8491437,0.8491437,0.9409299,0.9409299,0.023231901,0.000497019,0.000497019,9.67E-05,9.67E-05,8.85E-05,0
4.68E-06,4.68E-06,2.45E-06,2.45E-06,2.42E-06,1.59E-06,1.59E-06,1.60E-06,1.60E-06,1.96E-06,0.001539978,0.001539978,0.6020571,0.6020571,0.85330796,0.7183041,0.7183041,0.5631579,0.5631579,0.49282807,0.23505424,0.23505424,0.7319247,0.7319247,0.8065773,0.029194023,0.029194023,1.12E-06,1.12E-06,7.20E-07,4.65E-07,4.65E-07,2.15E-05,2.15E-05,2.09E-06,1.17E-06,1.17E-06,1.02E-06,1.02E-06,1.08E-06,1.09E-06,1.09E-06,0.00011454,0.00011454,0.1656022,0.00013729,0.00013729,1.50E-06,1.50E-06,2.59E-05,1.98E-06,1.98E-06,1.02E-06,1.02E-06,8.14E-07,9.52E-07,9.52E-07,8.24E-07,8.24E-07,6.73E-07,8.40E-07,8.40E-07,7.99E-07,7.99E-07,8.82E-07,1.50E-05,1.50E-05,2.09E-06,2.09E-06,1.09E-06,1.04E-06,1.04E-06,7.70E-07,7.70E-07,9.79E-07,8.96E-07,8.96E-07,3.07E-06,3.07E-06,0.00121643,9.02E-05,9.02E-05,5.18E-05,5.18E-05,2.32E-06,1.10E-06,1.10E-06,8.71E-07,8.71E-07,9.20E-07,1.06E-06,1.06E-06,1.13E-06,1.13E-06,0.000593305,0.17461282,0.17461282,0.000129904,0.000129904,0.000126366,5.19E-06,5.19E-06,3.31E-06,3.31E-06,7.83E-06,0.15288804,0.15288804,9.98E-06,9.98E-06,7.03E-06,3.41E-06,3.41E-06,2.12E-06,2.12E-06,1.33E-06,1.41E-05,1.41E-05,1.36E-06,1.36E-06,6.98E-07,7.14E-07,7.14E-07,5.69E-07,5.69E-07,6.02E-07,6.72E-07,6.72E-07,6.63E-07,6.63E-07,6.49E-07,6.34E-07,6.34E-07,1.48E-05,1.48E-05,1.71E-06,1.19E-06,1.19E-06,8.11E-07,8.11E-07,7.92E-07,8.96E-07,8.96E-07,0.006745852,0.006745852,0.16150188,2.24E-05,2.24E-05,1.58E-06,1.58E-06,2.23E-05,1.92E-06,1.92E-06,8.31E-07,8.31E-07,8.43E-07,7.95E-07,7.95E-07,8.16E-07,8.16E-07,8.32E-07,6.37E-07,6.37E-07,4.94E-07,4.94E-07,6.45E-07,8.84E-06,8.84E-06,0.001979778,0.001979778,0.017573902,0.008638966,0.008638966,6.62E-06,6.62E-06,2.90E-06,3.22E-06,3.22E-06,2.34E-06,2.34E-06,1.60E-06,1.61E-06,1.61E-06,1.81E-05,1.81E-05,2.27E-06,1.24E-06,1.24E-06,1.50E-06,1.50E-06,5.16E-06,0.047043238,0.047043238,2.19E-05,2.19E-05,4.52E-06,1.41E-06,1.41E-06,7.19E-07,7.19E-07,1.59E-05,1.69E-06,1.69E-06,8.88E-07,8.88E-07,8.87E-07,7.38E-07,7.38E-07,6.45E-07,6.45E-07,6.91E-07,7.41E-07,7.41E-07,7.26E-07,7.26E-07,7.69E-07,1.60E-05,1.60E-05,1.57E-06,1.57E-06,9.06E-07,9.17E-07,9.17E-07,7.14E-07,7.14E-07,6.19E-07,0
7.03E-07,7.03E-07,0.001298429,0.001298429,0.21869224,0.002629776,0.002629776,3.89E-05,3.89E-05,2.88E-06,1.44E-06,1.44E-06,1.04E-06,1.04E-06,1.03E-06,1.11E-06,1.11E-06,9.74E-07,9.74E-07,9.73E-07,9.11E-07,9.11E-07,7.21E-07,7.21E-07,1.04E-05,1.05E-06,1.05E-06,6.18E-07,6.18E-07,5.52E-07,5.42E-07,5.42E-07,5.02E-07,5.02E-07,4.53E-07,4.88E-07,4.88E-07,4.97E-07,4.97E-07,5.47E-07,1.65E-05,1.65E-05,0.016096566,0.016096566,0.46831152,0.009375861,0.009375861,2.80E-05,2.80E-05,2.76E-06,1.57E-06,1.57E-06,1.14E-06,1.14E-06,1.03E-06,1.09E-06,1.09E-06,1.69E-05,1.69E-05,2.29E-06,1.95E-06,1.95E-06,1.43E-06,1.43E-06,1.19E-06,9.57E-07,9.57E-07,2.24E-06,2.24E-06,0.000123033,0.00040121,0.00040121,0.004993964,0.004993964,0.060124096,0.079588294,0.079588294,0.3213965,0.3213965,0.83541054,0.93255985,0.93255985,0.9586358,0.9586358,0.9783569,0.97054416,0.97054416,0.98664165,0.98664165,0.9678996,0.966962,0.966962,0.99580526,0.99580526,0.98250395,0.988278,0.988278,0.99281377,0.99281377,0.9942247,0.9937192,0.9937192,0.99283713,0.99283713,0.99292165,0.99427694,0.99427694,0.9967956,0.9967956,0.9967128,0.9955857,0.9955857,0.99411607,0.99411607,0.994111,0.9941444,0.9941444,0.9648386,0.9648386,0.9848609,0.9803929,0.9803929,0.9851002,0.9851002,0.9961714,0.9963517,0.9963517,0.9909836,0.9909836,0.832689,0.86917907,0.86917907,0.24659297,0.24659297,0.5481697,0.7588725,0.7588725,0.95292044,0.95292044,0.7126242,0.9629751,0.9629751,0.8988742,0.8988742,0.803995,0.73533475,0.73533475,0.7280814,0.7280814,0.9289607,0.7813698,0.7813698,0.8465506,0.8465506,0.73560005,0.6720354,0.6720354,0.9538601,0.9538601,0.91147816,0.81244993,0.81244993,0.5969719,0.5969719,0.8825733,0.8092243,0.8092243,0.8645575,0.8645575,0.9469557,0.9445162,0.9445162,0.30309945,0.30309945,0.8437236,0.9675635,0.9675635,0.9779333,0.9779333,0.9403104,0.95052874,0.95052874,0.9762656,0.9762656,0.95987195,0.9628409,0.9628409,0.6965186,0.6965186,4.36E-06,6.18E-05,6.18E-05,1.97E-06,1.97E-06,8.78E-07,6.83E-07,6.83E-07,7.32E-07,7.32E-07,8.17E-07,8.15E-07,8.15E-07,7.87E-07,7.87E-07,8.35E-07,7.84E-07,7.84E-07,8.36E-06,8.36E-06,1.19E-06,5.92E-07,5.92E-07,5.71E-07,5.71E-07,5.21E-07,4.78E-07,4.78E-07,4.64E-07,4.64E-07,5.55E-07,5.29E-07,5.29E-07,4.77E-07,4.77E-07,1.09E-05,0
0.039621968,0.039621968,0.000200107,0.000200107,5.39E-05,5.39E-05,3.56E-05,3.56E-05,3.30E-05,3.30E-05,9.64E-05,9.64E-05,2.46E-05,2.46E-05,2.63E-05,2.63E-05,3.11E-05,3.11E-05,0.000149852,0.000149852,3.71E-05,3.71E-05,1.92E-05,1.92E-05,2.92E-05,2.92E-05,1.43E-05,1.43E-05,0.000141486,0.000141486,0.000141165,0.000141165,0.00010087,0.00010087,0.000214724,0.000214724,6.95E-05,6.95E-05,0.000502384,0.000502384,7.36E-05,7.36E-05,4.98E-05,4.98E-05,3.12E-05,3.12E-05,3.60E-05,3.60E-05,2.56E-05,2.56E-05,1.51E-05,1.51E-05,2.90E-05,2.90E-05,2.56E-05,2.56E-05,8.25E-05,8.25E-05,0.9192973,0.9192973,0.9538632,0.9538632,0.026223069,0.026223069,0.005445175,0.005445175,0.012653668,0.012653668,0.000659557,0.000659557,0.001222767,0.001222767,8.51E-05,8.51E-05,0.6123155,0.6123155,0.9849422,0.9849422,0.47703534,0.47703534,0.026737416,0.026737416,0.10419022,0.10419022,0.003804231,0.003804231,0.000396273,0.000396273,0.000158133,0.000158133,0.000423999,0.000423999,9.69E-05,9.69E-05,0.00035175,0.00035175,0.2513942,0.2513942,0.4455751,0.4455751,0.8729673,0.8729673,0.20960636,0.20960636,0.006937639,0.006937639,0.000150179,0.000150179,0.000911586,0.000911586,0.00043339,0.00043339,0.000287148,0.000287148,0.001064353,0.001064353,0.000204404,0.000204404,0.001781353,0.001781353,0.14901881,0.14901881,0.6342449,0.6342449,0.75090504,0.75090504,0.003829081,0.003829081,0.001827586,0.001827586,0.000269855,0.000269855,9.38E-05,9.38E-05,0.000162964,0.000162964,0.000198342,0.000198342,0.000598069,0.000598069,0.000105178,0.000105178,0.000159393,0.000159393,7.99E-05,7.99E-05,3.44E-05,3.44E-05,7.39E-05,7.39E-05,6.88E-05,6.88E-05,6.88E-05,6.88E-05,9.64E-05,9.64E-05,6.18E-05,6.18E-05,0.000236742,0.000236742,9.29E-05,9.29E-05,8.34E-05,8.34E-05,0.001556076,0.001556076,0.9491626,0.9491626,0.8386773,0.8386773,0.010322676,0.010322676,0.008718255,0.008718255,0.004091719,0.004091719,9.93E-05,9.93E-05,0.000325879,0.000325879,7.41E-05,7.41E-05,5.96E-05,5.96E-05,1.75E-05,1.75E-05,1.62E-05,1.62E-05,8.88E-05,8.88E-05,6.65E-05,6.65E-05,1.72E-05,1.72E-05,2.23E-05,2.23E-05,1.13E-05,1.13E-05,0.000112224,0.000112224,1.91E-05,1.91E-05,0.000149236,0.000149236,0.13232508,0.13232508,0.036834117,0.036834117,0.08641077,0.08641077,0.000323351,0.000323351,0.000168462,0.000168462,9.52E-05,9.52E-05,0.000183387,0.000183387,0.001745908,0.001745908,0.00039734,0.00039734,0.000588322,0.000588322,0.003011582,0
0.003011582,0.000777298,0.000777298,0.000363219,0.000363219,0.000672536,0.000672536,0.000610693,0.000610693,0.000648299,0.000648299,0.000390291,0.000390291,0.000454925,0.000454925,0.000161872,0.000161872,4.29E-05,4.29E-05,3.66E-05,3.66E-05,3.85E-05,3.85E-05,2.75E-05,2.75E-05,2.40E-05,2.40E-05,3.51E-05,3.51E-05,1.55E-05,1.55E-05,2.43E-05,2.43E-05,0.000400955,0.000400955,0.28099716,0.28099716,0.90976083,0.90976083,0.0072545,0.0072545,0.000315487,0.000315487,0.000121038,0.000121038,0.000143603,0.000143603,0.000122722,0.000122722,0.000171667,0.000171667,0.58818716,0.58818716,0.98505545,0.98505545,0.9913026,0.9913026,0.9642964,0.9642964,0.9617569,0.9617569,0.9362592,0.9362592,0.92009044,0.92009044,0.98029906,0.98029906,0.9639937,0.9639937,0.82203794,0.82203794,0.021825837,0.021825837,0.019971056,0.019971056,0.0002996,0.0002996,7.41E-05,7.41E-05,9.67E-05,9.67E-05,5.70E-05,5.70E-05,0.000192461,0.000192461,0.000178609,0.000178609,0.000152818,0.000152818,0.000153786,0.000153786,0.001261767,0.001261767,0.000992346,0.000992346,0.00015969,0.00015969,9.42E-05,9.42E-05,0.000368198,0.000368198,0.000356763,0.000356763,0.000802865,0.000802865,0.000129311,0.000129311,6.56E-05,6.56E-05,0.000221384,0.000221384,0.000864357,0.000864357,0.001039158,0.001039158,0.000337719,0.000337719,5.75E-05,5.75E-05,9.29E-05,9.29E-05,0.000180605,0.000180605,0.00013908,0.00013908,4.34E-05,4.34E-05,3.41E-05,3.41E-05,1.84E-05,1.84E-05,1.94E-05,1.94E-05,0.000159213,0.000159213,3.17E-05,3.17E-05,2.04E-05,2.04E-05,3.09E-05,3.09E-05,0.29114366,0.29114366,0.18198,0.18198,0.7889389,0.7889389,0.006393072,0.006393072,7.69E-05,7.69E-05,1.57E-05,1.57E-05,8.67E-05,8.67E-05,2.74E-05,2.74E-05,2.50E-05,2.50E-05,2.63E-05,2.63E-05,1.74E-05,1.74E-05,1.18E-05,1.18E-05,1.48E-05,1.48E-05,1.95E-05,1.95E-05,1.36E-05,1.36E-05,8.26E-06,8.26E-06,0.000106928,0.000106928,1.29E-05,1.29E-05,6.33E-06,6.33E-06,1.40E-05,1.40E-05,7.69E-06,7.69E-06,1.67E-05,1.67E-05,8.34E-06,8.34E-06,1.37E-05,1.37E-05,9.28E-06,9.28E-06,1.27E-05,1.27E-05,0.000182942,0.000182942,1.54E-05,1.54E-05,8.84E-06,8.84E-06,1.27E-05,1.27E-05,1.52E-05,1.52E-05,3.17E-05,3.17E-05,0.00011361,0.00011361,0.99692637,0.99692637,0.9946116,0.9946116,0.9880127,0.9880127,0.23702648,0.23702648,0.23621117,0.23621117,0.005957335,0.005957335,0.00080159,0.00080159,0.000330461,0.000330461,8.60E-05,8.60E-05,0
0.000171911,0.000171911,2.22E-05,2.22E-05,8.22E-05,8.22E-05,0.000118921,0.000118921,0.000373341,0.000373341,7.48E-05,7.48E-05,2.80E-05,2.80E-05,2.61E-05,2.61E-05,2.85E-05,2.85E-05,4.81E-05,4.81E-05,2.65E-05,2.65E-05,3.75E-05,3.75E-05,2.58E-05,2.58E-05,4.48E-05,4.48E-05,0.000177008,0.000177008,5.28E-05,5.28E-05,5.88E-05,5.88E-05,4.55E-05,4.55E-05,0.000199573,0.000199573,0.04399973,0.04399973,0.9885721,0.9885721,0.9934574,0.9934574,0.99873286,0.99873286,0.99821705,0.99821705,0.99852294,0.99852294,0.9984591,0.9984591,0.99826175,0.99826175,0.9734397,0.9734397,0.83363956,0.83363956,0.004091886,0.004091886,0.005524076,0.005524076,0.000906069,0.000906069,0.000327226,0.000327226,6.52E-05,6.52E-05,0.00196829,0.00196829,0.000643263,0.000643263,0.000325852,0.000325852,0.001089756,0.001089756,0.002109729,0.002109729,0.002101852,0.002101852,0.002796847,0.002796847,0.000372914,0.000372914,7.48E-05,7.48E-05,5.53E-05,5.53E-05,0.000243762,0.000243762,4.03E-05,4.03E-05,2.09E-05,2.09E-05,1.82E-05,1.82E-05,2.73E-05,2.73E-05,1.68E-05,1.68E-05,2.54E-05,2.54E-05,0.000121413,0.000121413,0.98111045,0.98111045,0.87314403,0.87314403,0.66686326,0.66686326,0.04647732,0.04647732,0.000302815,0.000302815,0.000421864,0.000421864,0.000102266,0.000102266,8.82E-05,8.82E-05,7.03E-05,7.03E-05,7.75E-05,7.75E-05,0.000173952,0.000173952,0.000392218,0.000392218,0.000372899,0.000372899,9.35E-05,9.35E-05,4.98E-05,4.98E-05,0.000160159,0.000160159,0.000175402,0.000175402,7.87E-05,7.87E-05,0.000156619,0.000156619,0.9767726,0.9767726,0.9531453,0.9531453,0.24613816,0.24613816,0.003378895,0.003378895,0.000561842,0.000561842,0.000195383,0.000195383,5.53E-05,5.53E-05,3.14E-05,3.14E-05,3.49E-05,3.49E-05,2.74E-05,2.74E-05,2.45E-05,2.45E-05,2.34E-05,2.34E-05,2.95E-05,2.95E-05,0.000218446,0.000218446,8.44E-05,8.44E-05,5.46E-05,5.46E-05,6.51E-05,6.51E-05,0.000117047,0.000117047,7.89E-05,7.89E-05,0.000162008,0.000162008,5.12E-05,5.12E-05,6.86E-05,6.86E-05,4.47E-05,4.47E-05,0.00029168,0.00029168,4.62E-05,4.62E-05,3.23E-05,3.23E-05,5.01E-05,5.01E-05,4.77E-05,4.77E-05,0.050694004,0.050694004,0.1414961,0.1414961,0.048455287,0.048455287,0.000417735,0.000417735,0.000154569,0.000154569,0.000447925,0.000447925,6.58E-05,6.58E-05,5.39E-05,5.39E-05,3.11E-05,3.11E-05,3.07E-05,3.07E-05,0.000822854,0.000822854,0.9848946,0.9848946,0.94861656,0.94861656,0.6247467,0
3.42E-05,3.42E-05,9.65E-06,9.65E-06,9.93E-06,7.86E-06,7.86E-06,5.89E-06,5.89E-06,6.49E-06,6.07E-06,6.07E-06,6.08E-06,6.08E-06,6.07E-06,0.00010236,0.00010236,1.08E-05,1.08E-05,7.86E-06,1.03E-05,1.03E-05,8.72E-06,8.72E-06,1.05E-05,1.85E-05,1.85E-05,1.25E-05,1.25E-05,9.17E-06,9.39E-06,9.39E-06,0.000104022,0.000104022,1.53E-05,1.07E-05,1.07E-05,1.32E-05,1.32E-05,9.59E-06,1.17E-05,1.17E-05,9.05E-06,9.05E-06,1.23E-05,1.19E-05,1.19E-05,7.46E-06,7.46E-06,6.85E-05,1.04E-05,1.04E-05,3.61E-06,3.61E-06,4.60E-06,3.66E-06,3.66E-06,2.92E-06,2.92E-06,3.39E-06,0.001782466,0.001782466,0.9963617,0.9963617,0.99959046,0.95388156,0.95388156,0.006434072,0.006434072,3.61E-05,1.24E-05,1.24E-05,8.94E-06,8.94E-06,1.46E-05,1.60E-05,1.60E-05,2.22E-05,2.22E-05,4.32E-06,4.37E-06,4.37E-06,8.64E-05,8.64E-05,1.66E-05,2.23E-05,2.23E-05,2.14E-05,2.14E-05,1.64E-05,1.65E-05,1.65E-05,1.98E-05,1.98E-05,2.14E-05,2.19E-05,2.19E-05,1.99E-05,1.99E-05,0.000144814,2.36E-05,2.36E-05,1.70E-05,1.70E-05,1.44E-05,1.55E-05,1.55E-05,8.76E-06,8.76E-06,2.72E-05,5.44E-05,5.44E-05,2.90E-05,2.90E-05,4.64E-05,0.000361334,0.000361334,9.87E-05,9.87E-05,7.97E-05,2.38E-05,2.38E-05,1.50E-05,1.50E-05,1.91E-05,1.82E-05,1.82E-05,3.22E-05,3.22E-05,2.04E-05,1.98E-05,1.98E-05,0.000960458,0.000960458,0.9578223,0.992714,0.992714,0.993123,0.993123,0.98876756,0.8805617,0.8805617,0.92890084,0.92890084,0.9083413,0.9303721,0.9303721,0.8941712,0.8941712,0.9846165,0.98601985,0.98601985,0.9907307,0.9907307,0.9877446,0.9840868,0.9840868,0.96218944,0.96218944,0.7671591,0.08085676,0.08085676,1.90E-05,1.90E-05,1.64E-06,0.000144526,0.000144526,2.11E-05,2.11E-05,1.12E-05,1.06E-05,1.06E-05,1.51E-05,1.51E-05,1.54E-05,1.52E-05,1.52E-05,1.59E-05,1.59E-05,3.23E-05,0.000214014,0.000214014,0.002150429,0.002150429,0.000428027,0.000142429,0.000142429,0.000137108,0.000137108,0.000112232,6.23E-05,6.23E-05,9.26E-05,9.26E-05,0.00074741,9.80E-05,9.80E-05,0.000341253,0.000341253,0.62278205,0.6246152,0.6246152,0.49911436,0.49911436,0.34343874,0.06512354,0.06512354,0.000902153,0.000902153,7.55E-05,8.51E-05,8.51E-05,3.52E-05,3.52E-05,3.62E-05,0.001481737,0.001481737,0.000187422,0.000187422,0.000120301,3.57E-05,3.57E-05,3.64E-05,3.64E-05,4.09E-05,0
3.42E-05,3.42E-05,2.85E-05,2.85E-05,3.68E-05,3.93E-05,3.93E-05,0.000873884,0.000873884,0.975046,0.9381871,0.9381871,0.7948679,0.7948679,0.3458778,0.001022173,0.001022173,5.86E-05,5.86E-05,1.53E-05,2.11E-05,2.11E-05,1.99E-05,1.99E-05,0.000822424,0.000118262,0.000118262,2.14E-05,2.14E-05,1.50E-05,1.21E-05,1.21E-05,1.21E-05,1.21E-05,1.25E-05,1.10E-05,1.10E-05,0.000569441,0.000569441,0.972001,0.97310764,0.97310764,0.98998547,0.98998547,0.17801207,0.00772839,0.00772839,0.00253728,0.00253728,0.000597513,0.000715125,0.000715125,0.061062563,0.061062563,4.99E-05,3.50E-05,3.50E-05,0.001028276,0.001028276,0.000160739,8.36E-05,8.36E-05,0.000159867,0.000159867,0.000272538,0.0002153,0.0002153,8.51E-05,8.51E-05,4.55E-05,2.92E-05,2.92E-05,1.95E-05,1.95E-05,0.000215567,4.88E-05,4.88E-05,3.94E-05,3.94E-05,4.03E-05,3.22E-05,3.22E-05,2.57E-05,2.57E-05,4.08E-05,3.30E-05,3.30E-05,8.34E-06,8.34E-06,4.28E-06,3.55E-05,3.55E-05,4.99E-06,4.99E-06,4.54E-06,4.75E-06,4.75E-06,3.93E-06,3.93E-06,3.18E-06,5.29E-06,5.29E-06,8.99E-06,8.99E-06,1.64E-05,1.30E-05,1.30E-05,0.000143043,0.000143043,6.93E-05,8.27E-05,8.27E-05,5.19E-05,5.19E-05,1.80E-05,1.64E-05,1.64E-05,6.47E-05,6.47E-05,4.81E-05,0.000191889,0.000191889,0.00017729,0.00017729,0.000368949,0.000117088,0.000117088,0.000138623,0.000138623,6.09E-05,0.000198024,0.000198024,0.000113259,0.000113259,5.29E-05,3.30E-05,3.30E-05,2.83E-05,2.83E-05,6.16E-05,0.000643805,0.000643805,0.00010189,0.00010189,0.000246902,0.000474434,0.000474434,0.000246031,0.000246031,0.000277837,0.000268697,0.000268697,0.0002504,0.0002504,1.11E-05,1.25E-05,1.25E-05,0.00013686,0.00013686,1.38E-05,6.14E-06,6.14E-06,1.03E-05,1.03E-05,1.79E-05,5.92E-06,5.92E-06,1.04E-05,1.04E-05,1.37E-05,6.89E-06,6.89E-06,7.51E-06,7.51E-06,0.000150004,1.20E-05,1.20E-05,6.81E-06,6.81E-06,0.000173198,0.606464,0.606464,0.94522405,0.94522405,0.87316954,0.9801026,0.9801026,0.7983561,0.7983561,0.91559815,0.9717239,0.9717239,0.975135,0.975135,0.97518706,0.97566915,0.97566915,0.95643616,0.95643616,0.97632295,0.94374067,0.94374067,0.016800905,0.016800905,0.000830784,0.000224509,0.000224509,0.004805963,0.004805963,0.000562709,0.000199683,0.000199683,8.77E-05,8.77E-05,4.24E-05,2.97E-05,2.97E-05,3.97E-05,3.97E-05,2.04E-05,5.46E-05,5.46E-05,3.06E-05,3.06E-05,0.000289675,0
0.98923755,0.98923755,0.98219174,0.98219174,0.9646614,0.9938379,0.9938379,0.9977048,0.9977048,0.8692514,0.4988034,0.4988034,0.5707492,0.5707492,0.9934902,0.99526393,0.99526393,0.9842868,0.9842868,0.8311597,0.000748366,0.000748366,0.000332208,0.000332208,8.36E-05,8.21E-05,8.21E-05,6.73E-05,6.73E-05,4.74E-05,3.59E-05,3.59E-05,0.001705491,0.001705491,0.000288514,0.000146461,0.000146461,3.92E-05,3.92E-05,0.000140945,0.000236557,0.000236557,5.50E-05,5.50E-05,2.81E-05,3.33E-05,3.33E-05,1.76E-05,1.76E-05,0.000404263,8.45E-05,8.45E-05,2.16E-05,2.16E-05,3.24E-05,2.64E-05,2.64E-05,2.68E-05,2.68E-05,0.000157634,2.29E-05,2.29E-05,5.54E-05,5.54E-05,0.050275866,0.000318277,0.000318277,0.00015558,0.00015558,0.000147131,2.82E-05,2.82E-05,7.13E-05,7.13E-05,2.41E-05,1.96E-05,1.96E-05,5.09E-05,5.09E-05,0.000236461,3.92E-05,3.92E-05,0.000727518,0.000727518,0.000335171,0.00020084,0.00020084,0.000229881,0.000229881,0.000236928,0.000191477,0.000191477,0.000130612,0.000130612,0.000214461,0.000264756,0.000264756,0.000181396,0.000181396,0.001014533,0.000200229,0.000200229,7.15E-05,7.15E-05,0.000192714,0.000232149,0.000232149,0.000155485,0.000155485,0.000324449,0.99324447,0.99324447,0.9987828,0.9987828,0.9479083,0.21939267,0.21939267,0.000124452,0.000124452,1.54E-05,9.48E-06,9.48E-06,8.41E-06,8.41E-06,6.51E-06,6.70E-06,6.70E-06,9.58E-06,9.58E-06,7.20E-06,1.76E-05,1.76E-05,0.000109339,0.000109339,1.85E-05,9.63E-06,9.63E-06,1.12E-05,1.12E-05,1.18E-05,1.26E-05,1.26E-05,1.54E-05,1.54E-05,1.12E-05,1.06E-05,1.06E-05,2.34E-05,2.34E-05,0.000143228,2.11E-05,2.11E-05,1.96E-05,1.96E-05,2.00E-05,1.29E-05,1.29E-05,1.24E-05,1.24E-05,3.01E-05,0.000257965,0.000257965,0.000389225,0.000389225,6.58E-05,0.000209682,0.000209682,0.000282664,0.000282664,2.79E-05,4.85E-05,4.85E-05,2.06E-05,2.06E-05,3.21E-05,2.96E-05,2.96E-05,0.000100953,0.000100953,0.000190312,2.76E-05,2.76E-05,0.000161555,0.000161555,1.88E-05,2.38E-05,2.38E-05,2.43E-05,2.43E-05,3.00E-05,6.80E-05,6.80E-05,1.79E-05,1.79E-05,3.34E-05,4.06E-05,4.06E-05,2.65E-05,2.65E-05,0.000265444,9.23E-05,9.23E-05,6.61E-05,6.61E-05,4.06E-05,2.25E-05,2.25E-05,2.41E-05,2.41E-05,3.09E-05,2.49E-05,2.49E-05,2.48E-05,2.48E-05,1.54E-05,0.00021227,0.00021227,1.84E-05,1.84E-05,1.61E-05,4.53E-05,4.53E-05,0.50996315,0.50996315,0.9824354,0
8.65E-06,8.65E-06,3.69E-06,3.69E-06,5.22E-06,5.22E-06,2.58E-06,2.58E-06,2.62E-06,2.62E-06,4.68E-06,4.68E-06,4.21E-06,4.21E-06,7.34E-06,7.34E-06,9.62E-06,9.62E-06,3.73E-05,3.73E-05,4.80E-05,4.80E-05,9.32E-06,9.32E-06,9.73E-06,9.73E-06,1.73E-05,1.73E-05,7.27E-06,7.27E-06,1.20E-05,1.20E-05,6.45E-05,6.45E-05,3.95E-05,3.95E-05,2.29E-05,2.29E-05,6.33E-05,6.33E-05,1.56E-05,1.56E-05,3.94E-05,3.94E-05,4.92E-06,4.92E-06,9.64E-06,9.64E-06,8.44E-06,8.44E-06,1.12E-05,1.12E-05,4.43E-06,4.43E-06,0.8394067,0.8394067,0.97858685,0.97858685,0.89782894,0.89782894,0.3272293,0.3272293,0.1078525,0.1078525,0.000187254,0.000187254,2.39E-05,2.39E-05,2.73E-05,2.73E-05,1.40E-05,1.40E-05,1.38E-05,1.38E-05,2.95E-05,2.95E-05,0.000128012,0.000128012,0.000156559,0.000156559,9.46E-06,9.46E-06,1.45E-05,1.45E-05,5.76E-06,5.76E-06,1.47E-05,1.47E-05,1.08E-05,1.08E-05,2.16E-05,2.16E-05,1.70E-05,1.70E-05,8.69E-06,8.69E-06,7.56E-06,7.56E-06,0.000107772,0.000107772,1.57E-05,1.57E-05,7.50E-06,7.50E-06,7.08E-06,7.08E-06,7.42E-06,7.42E-06,4.99E-06,4.99E-06,5.28E-06,5.28E-06,7.41E-06,7.41E-06,9.04E-06,9.04E-06,8.00E-06,8.00E-06,3.95E-05,3.95E-05,3.44E-06,3.44E-06,4.93E-06,4.93E-06,3.01E-06,3.01E-06,3.28E-06,3.28E-06,6.72E-06,6.72E-06,5.00E-06,5.00E-06,5.82E-06,5.82E-06,4.23E-06,4.23E-06,8.95E-06,8.95E-06,3.65E-05,3.65E-05,8.91E-06,8.91E-06,5.25E-06,5.25E-06,4.56E-06,4.56E-06,5.31E-06,5.31E-06,4.50E-06,4.50E-06,5.36E-06,5.36E-06,4.26E-06,4.26E-06,5.53E-06,5.53E-06,7.56E-06,7.56E-06,2.97E-05,2.97E-05,1.07E-05,1.07E-05,7.10E-06,7.10E-06,4.73E-06,4.73E-06,5.55E-06,5.55E-06,6.55E-06,6.55E-06,8.18E-06,8.18E-06,1.38E-05,1.38E-05,1.04E-05,1.04E-05,1.03E-05,1.03E-05,6.93E-05,6.93E-05,1.70E-05,1.70E-05,3.15E-05,3.15E-05,1.68E-05,1.68E-05,0.000312614,0.000312614,0.8994971,0.8994971,0.9953211,0.9953211,0.000142466,0.000142466,1.91E-05,1.91E-05,2.48E-05,2.48E-05,8.01E-05,8.01E-05,2.59E-05,2.59E-05,7.64E-06,7.64E-06,9.18E-06,9.18E-06,5.59E-06,5.59E-06,4.49E-06,4.49E-06,5.03E-06,5.03E-06,4.52E-06,4.52E-06,5.96E-06,5.96E-06,3.93E-06,3.93E-06,3.96E-05,3.96E-05,1.80E-05,1.80E-05,4.86E-06,4.86E-06,4.80E-06,0
4.80E-06,3.97E-06,3.97E-06,9.45E-06,9.45E-06,6.62E-06,6.62E-06,6.73E-06,6.73E-06,6.91E-06,6.91E-06,4.61E-06,4.61E-06,3.25E-05,3.25E-05,8.98E-06,8.98E-06,4.83E-06,4.83E-06,3.57E-06,3.57E-06,5.72E-06,5.72E-06,3.68E-06,3.68E-06,3.75E-06,3.75E-06,5.04E-06,5.04E-06,4.77E-06,4.77E-06,8.64E-06,8.64E-06,0.9691367,0.9691367,0.22512288,0.22512288,0.000104803,0.000104803,1.08E-05,1.08E-05,1.96E-06,1.96E-06,9.35E-07,9.35E-07,8.58E-07,8.58E-07,8.87E-07,8.87E-07,5.86E-07,5.86E-07,8.63E-07,8.63E-07,1.08E-05,1.08E-05,1.68E-06,1.68E-06,1.07E-06,1.07E-06,7.62E-07,7.62E-07,7.97E-07,7.97E-07,6.20E-07,6.20E-07,8.15E-07,8.15E-07,8.48E-07,8.48E-07,1.31E-06,1.31E-06,1.34E-06,1.34E-06,9.36E-06,9.36E-06,3.92E-06,3.92E-06,1.57E-06,1.57E-06,1.52E-06,1.52E-06,9.95E-07,9.95E-07,9.72E-07,9.72E-07,8.31E-07,8.31E-07,7.24E-07,7.24E-07,6.82E-07,6.82E-07,7.60E-07,7.60E-07,1.47E-05,1.47E-05,3.59E-06,3.59E-06,1.12E-06,1.12E-06,8.82E-07,8.82E-07,1.72E-06,1.72E-06,1.42E-06,1.42E-06,1.33E-06,1.33E-06,1.56E-06,1.56E-06,2.34E-06,2.34E-06,1.32E-06,1.32E-06,1.05E-05,1.05E-05,1.84E-06,1.84E-06,1.70E-06,1.70E-06,1.49E-06,1.49E-06,1.38E-06,1.38E-06,1.72E-06,1.72E-06,1.60E-06,1.60E-06,4.25E-06,4.25E-06,2.71E-06,2.71E-06,2.81E-06,2.81E-06,1.89E-05,1.89E-05,3.67E-06,3.67E-06,2.19E-06,2.19E-06,2.23E-06,2.23E-06,1.93E-06,1.93E-06,0.004221125,0.004221125,0.064913556,0.064913556,0.004485561,0.004485561,1.77E-05,1.77E-05,0.000157994,0.000157994,4.45E-05,4.45E-05,2.67E-06,2.67E-06,1.56E-06,1.56E-06,1.43E-06,1.43E-06,1.44E-06,1.44E-06,2.15E-06,2.15E-06,1.85E-06,1.85E-06,1.75E-06,1.75E-06,1.61E-06,1.61E-06,1.75E-06,1.75E-06,1.23E-05,1.23E-05,3.76E-06,3.76E-06,1.79E-06,1.79E-06,1.21E-06,1.21E-06,1.38E-06,1.38E-06,2.46E-06,2.46E-06,1.98E-06,1.98E-06,2.24E-06,2.24E-06,2.18E-06,2.18E-06,3.19E-06,3.19E-06,1.62E-05,1.62E-05,2.43E-06,2.43E-06,2.10E-06,2.10E-06,1.69E-06,1.69E-06,1.76E-06,1.76E-06,1.26E-06,1.26E-06,1.17E-06,1.17E-06,1.52E-06,1.52E-06,1.11E-06,1.11E-06,1.27E-06,1.27E-06,1.23E-05,1.23E-05,3.31E-06,3.31E-06,3.51E-06,3.51E-06,2.21E-06,2.21E-06,4.33E-06,4.33E-06,6.07E-06,6.07E-06,0
2.05E-06,2.05E-06,2.14E-06,2.14E-06,6.69E-06,6.69E-06,2.35E-06,2.35E-06,1.11E-05,1.11E-05,2.33E-06,2.33E-06,2.45E-06,2.45E-06,8.59E-07,8.59E-07,1.12E-06,1.12E-06,1.21E-06,1.21E-06,9.82E-07,9.82E-07,1.20E-06,1.20E-06,1.73E-06,1.73E-06,1.57E-06,1.57E-06,1.35E-05,1.35E-05,2.26E-06,2.26E-06,1.38E-06,1.38E-06,1.02E-06,1.02E-06,1.01E-06,1.01E-06,9.54E-07,9.54E-07,1.48E-06,1.48E-06,4.97E-06,4.97E-06,1.88E-06,1.88E-06,1.24E-06,1.24E-06,1.96E-05,1.96E-05,2.81E-06,2.81E-06,3.18E-06,3.18E-06,1.50E-06,1.50E-06,1.72E-06,1.72E-06,1.60E-06,1.60E-06,1.31E-06,1.31E-06,1.78E-06,1.78E-06,2.85E-06,2.85E-06,2.18E-06,2.18E-06,2.46E-05,2.46E-05,5.45E-06,5.45E-06,1.87E-06,1.87E-06,2.05E-06,2.05E-06,6.07E-06,6.07E-06,2.80E-06,2.80E-06,4.69E-06,4.69E-06,1.72E-06,1.72E-06,1.83E-06,1.83E-06,1.80E-06,1.80E-06,1.55E-05,1.55E-05,1.82E-06,1.82E-06,1.38E-06,1.38E-06,1.67E-06,1.67E-06,1.05E-06,1.05E-06,1.02E-06,1.02E-06,1.17E-06,1.17E-06,2.93E-06,2.93E-06,1.87E-06,1.87E-06,1.40E-06,1.40E-06,1.66E-05,1.66E-05,2.75E-06,2.75E-06,1.33E-06,1.33E-06,1.47E-06,1.47E-06,1.49E-06,1.49E-06,1.20E-06,1.20E-06,1.62E-06,1.62E-06,1.75E-06,1.75E-06,2.41E-06,2.41E-06,3.38E-06,3.38E-06,2.17E-05,2.17E-05,3.82E-06,3.82E-06,3.79E-06,3.79E-06,2.74E-06,2.74E-06,2.86E-06,2.86E-06,2.11E-06,2.11E-06,1.92E-06,1.92E-06,1.44E-06,1.44E-06,1.75E-06,1.75E-06,2.12E-06,2.12E-06,1.77E-05,1.77E-05,3.52E-06,3.52E-06,5.51E-06,5.51E-06,3.27E-06,3.27E-06,2.01E-06,2.01E-06,1.74E-06,1.74E-06,6.80E-06,6.80E-06,3.88E-06,3.88E-06,2.99E-06,2.99E-06,3.58E-06,3.58E-06,3.20E-05,3.20E-05,3.51E-06,3.51E-06,3.70E-06,3.70E-06,3.80E-06,3.80E-06,3.07E-06,3.07E-06,3.02E-06,3.02E-06,3.12E-06,3.12E-06,3.89E-06,3.89E-06,3.09E-06,3.09E-06,3.73E-06,3.73E-06,2.69E-05,2.69E-05,4.49E-06,4.49E-06,3.86E-06,3.86E-06,3.44E-06,3.44E-06,3.28E-06,3.28E-06,3.11E-06,3.11E-06,2.71E-06,2.71E-06,4.51E-06,4.51E-06,3.13E-06,3.13E-06,4.97E-06,4.97E-06,2.02E-05,2.02E-05,1.30E-05,1.30E-05,3.95E-06,3.95E-06,1.55E-06,1.55E-06,1.53E-06,1.53E-06,3.14E-06,3.14E-06,1.79E-06,1.79E-06,1.54E-06,1.54E-06,1.90E-06,0
0.000117097,0.000117097,4.90E-05,4.90E-05,1.87E-05,5.36E-05,5.36E-05,4.88E-05,4.88E-05,0.00013092,5.49E-05,5.49E-05,6.60E-05,6.60E-05,0.000461767,0.009379211,0.009379211,0.001163871,0.001163871,0.000646674,0.000449247,0.000449247,0.00022022,0.00022022,0.000334326,0.000262405,0.000262405,0.000244453,0.000244453,0.000298597,0.000104925,0.000104925,0.001048006,0.001048006,8.15E-05,7.54E-05,7.54E-05,5.28E-05,5.28E-05,6.03E-05,9.55E-05,9.55E-05,0.000218881,0.000218881,1.99E-05,0.000503304,0.000503304,0.1531663,0.1531663,0.2592907,0.040621337,0.040621337,0.001854912,0.001854912,0.000942373,0.000420386,0.000420386,0.000193975,0.000193975,0.000154409,0.000263634,0.000263634,9.83E-05,9.83E-05,9.29E-05,0.000944889,0.000944889,0.000194585,0.000194585,0.000124891,8.98E-05,8.98E-05,0.000137509,0.000137509,0.000241269,8.59E-05,8.59E-05,8.39E-05,8.39E-05,0.000100174,9.29E-05,9.29E-05,0.001036864,0.001036864,0.00019648,0.000171764,0.000171764,0.000194796,0.000194796,0.000574994,0.000107234,0.000107234,0.000408967,0.000408967,0.000129911,0.000192328,0.000192328,0.000159458,0.000159458,0.001176603,0.000362256,0.000362256,0.000399985,0.000399985,0.000332438,0.000387883,0.000387883,0.000332983,0.000332983,0.000834598,0.001086486,0.001086486,0.000204338,0.000204338,0.000102359,0.002402487,0.002402487,0.001274659,0.001274659,0.00050975,0.002520575,0.002520575,0.000130936,0.000130936,0.000383843,8.80E-05,8.80E-05,5.53E-05,5.53E-05,0.000229217,9.58E-05,9.58E-05,0.001061211,0.001061211,0.000215944,9.64E-05,9.64E-05,8.09E-05,8.09E-05,8.21E-05,8.91E-05,8.91E-05,0.000226767,0.000226767,0.000264089,0.000350238,0.000350238,0.000455245,0.000455245,0.002898663,0.000351947,0.000351947,0.000110859,0.000110859,0.000123913,0.000117513,0.000117513,0.000379195,0.000379195,0.000396222,0.00023338,0.00023338,0.00013282,0.00013282,6.11E-05,0.000607561,0.000607561,0.000113886,0.000113886,0.000103364,9.41E-05,9.41E-05,8.61E-05,8.61E-05,6.40E-05,2.78E-05,2.78E-05,2.55E-05,2.55E-05,1.98E-05,1.64E-05,1.64E-05,0.000236812,0.000236812,2.98E-05,1.96E-05,1.96E-05,1.46E-05,1.46E-05,1.28E-05,1.20E-05,1.20E-05,1.23E-05,1.23E-05,2.08E-05,1.82E-05,1.82E-05,6.55E-05,6.55E-05,0.000216675,2.33E-05,2.33E-05,3.01E-05,3.01E-05,1.54E-05,3.27E-05,3.27E-05,6.36E-05,6.36E-05,6.83E-05,0.000135963,0.000135963,5.03E-05,5.03E-05,8.77E-05,0.003076433,0.003076433,0.000171852,0.000171852,0.000121502,0.00012694,0.00012694,9.28E-05,9.28E-05,6.45E-05,0
7.64E-05,7.64E-05,0.000119646,0.000119646,0.000134983,0.000122052,0.000122052,0.001088816,0.001088816,0.000123909,1.63E-05,1.63E-05,1.04E-05,1.04E-05,8.75E-06,9.05E-06,9.05E-06,1.26E-05,1.26E-05,9.08E-06,5.19E-05,5.19E-05,4.79E-05,4.79E-05,0.000635661,7.82E-05,7.82E-05,1.22E-05,1.22E-05,8.35E-06,2.35E-05,2.35E-05,2.08E-05,2.08E-05,1.34E-05,2.89E-05,2.89E-05,2.14E-05,2.14E-05,2.46E-05,0.000405894,0.000405894,4.14E-05,4.14E-05,3.24E-05,4.76E-06,4.76E-06,4.36E-06,4.36E-06,1.34E-05,9.30E-05,9.30E-05,0.000106571,0.000106571,0.000146006,0.000192239,0.000192239,0.002054812,0.002054812,0.0003282,0.000232561,0.000232561,0.000284929,0.000284929,0.000257238,0.000207193,0.000207193,0.000248309,0.000248309,0.000206188,0.000180285,0.000180285,0.000248828,0.000248828,0.001502824,0.001127364,0.001127364,0.000151064,0.000151064,0.000114141,0.000104571,0.000104571,7.40E-05,7.40E-05,7.97E-05,5.71E-05,5.71E-05,5.12E-05,5.12E-05,1.82E-05,0.000985716,0.000985716,0.000220892,0.000220892,0.000142169,0.000165659,0.000165659,0.000117762,0.000117762,0.00012151,0.000115745,0.000115745,0.000129446,0.000129446,0.000116815,0.000129168,0.000129168,0.001415628,0.001415628,0.000182175,0.000110205,0.000110205,0.000228016,0.000228016,5.21E-05,5.54E-05,5.54E-05,8.23E-05,8.23E-05,0.000100286,0.00012023,0.00012023,0.000120916,0.000120916,0.001638061,0.000386301,0.000386301,0.000476905,0.000476905,0.000215632,0.000480688,0.000480688,0.000127179,0.000127179,7.36E-05,0.000350097,0.000350097,8.46E-05,8.46E-05,6.84E-05,0.000671729,0.000671729,0.000114861,0.000114861,7.88E-05,7.89E-05,7.89E-05,6.29E-05,6.29E-05,7.13E-05,4.83E-05,4.83E-05,4.98E-05,4.98E-05,6.38E-05,6.36E-05,6.36E-05,0.000539945,0.000539945,5.32E-05,2.82E-05,2.82E-05,2.50E-05,2.50E-05,2.85E-05,3.04E-05,3.04E-05,2.94E-05,2.94E-05,3.20E-05,3.37E-05,3.37E-05,3.14E-05,3.14E-05,0.000386301,5.21E-05,5.21E-05,3.70E-05,3.70E-05,3.47E-05,3.16E-05,3.16E-05,3.24E-05,3.24E-05,3.28E-05,3.45E-05,3.45E-05,3.54E-05,3.54E-05,3.70E-05,0.000400497,0.000400497,5.50E-05,5.50E-05,3.42E-05,3.16E-05,3.16E-05,3.23E-05,3.23E-05,3.28E-05,3.52E-05,3.52E-05,3.46E-05,3.46E-05,3.18E-05,3.32E-05,3.32E-05,0.000382023,0.000382023,5.34E-05,3.61E-05,3.61E-05,3.34E-05,3.34E-05,3.33E-05,3.25E-05,3.25E-05,3.33E-05,3.33E-05,3.41E-05,3.55E-05,3.55E-05,3.53E-05,3.53E-05,0.000397436,0
5.63E-05,5.63E-05,3.63E-05,3.63E-05,3.28E-05,3.16E-05,3.16E-05,3.28E-05,3.28E-05,4.23E-05,5.10E-05,5.10E-05,4.39E-05,4.39E-05,4.75E-05,0.000537654,0.000537654,7.39E-05,7.39E-05,5.05E-05,4.89E-05,4.89E-05,5.67E-05,5.67E-05,6.77E-05,2.05E-05,2.05E-05,3.59E-05,3.59E-05,4.69E-05,4.38E-05,4.38E-05,0.000528824,0.000528824,8.13E-05,4.51E-05,4.51E-05,3.92E-05,3.92E-05,0.000154706,3.26E-05,3.26E-05,3.03E-05,3.03E-05,3.44E-05,2.93E-05,2.93E-05,4.08E-05,4.08E-05,0.000454206,6.12E-05,6.12E-05,4.00E-05,4.00E-05,3.56E-05,3.18E-05,3.18E-05,3.08E-05,3.08E-05,3.28E-05,3.23E-05,3.23E-05,3.35E-05,3.35E-05,3.55E-05,0.000452088,0.000452088,6.55E-05,6.55E-05,3.58E-05,3.35E-05,3.35E-05,3.03E-05,3.03E-05,3.07E-05,1.41E-05,1.41E-05,1.24E-05,1.24E-05,1.27E-05,1.24E-05,1.24E-05,0.000285594,0.000285594,3.15E-05,5.53E-06,5.53E-06,4.74E-06,4.74E-06,1.46E-05,2.50E-05,2.50E-05,1.51E-05,1.51E-05,1.58E-05,1.47E-05,1.47E-05,1.49E-05,1.49E-05,0.000379185,3.21E-05,3.21E-05,9.74E-06,9.74E-06,4.03E-05,3.85E-05,3.85E-05,4.26E-05,4.26E-05,3.71E-05,6.42E-05,6.42E-05,8.40E-05,8.40E-05,8.33E-05,0.000883978,0.000883978,0.000117904,0.000117904,9.68E-05,8.27E-05,8.27E-05,9.96E-05,9.96E-05,0.000181496,0.000112566,0.000112566,3.71E-05,3.71E-05,0.000108274,4.46E-05,4.46E-05,0.000550717,0.000550717,8.33E-05,5.25E-05,5.25E-05,4.71E-05,4.71E-05,5.06E-05,5.17E-05,5.17E-05,4.89E-05,4.89E-05,0.000211668,6.55E-05,6.55E-05,5.77E-05,5.77E-05,0.002790075,6.35E-05,6.35E-05,9.38E-05,9.38E-05,0.000112186,0.00012151,0.00012151,0.000133371,0.000133371,0.000217123,0.000241476,0.000241476,0.00026268,0.00026268,0.000250503,0.001940531,0.001940531,0.000424136,0.000424136,0.000266159,0.000201552,0.000201552,3.63E-05,3.63E-05,1.92E-05,1.95E-05,1.95E-05,2.26E-05,2.26E-05,1.59E-05,1.54E-05,1.54E-05,0.000180507,0.000180507,2.84E-05,2.26E-05,2.26E-05,1.94E-05,1.94E-05,1.06E-05,1.58E-05,1.58E-05,1.41E-05,1.41E-05,5.19E-05,5.48E-05,5.48E-05,6.58E-05,6.58E-05,0.000882376,0.000222039,0.000222039,0.000111894,0.000111894,2.54E-05,3.82E-05,3.82E-05,0.000127267,0.000127267,5.51E-05,0.000101654,0.000101654,0.000120232,0.000120232,0.000209285,0.011305122,0.011305122,0.013036451,0.013036451,0.26331362,0.7550413,0.7550413,0.76194394,0.76194394,0.6315589,0
2.88E-05,2.88E-05,1.75E-05,1.75E-05,1.56E-05,1.50E-05,1.50E-05,1.52E-05,1.52E-05,3.03E-05,3.29E-05,3.29E-05,2.22E-05,2.22E-05,9.78E-05,0.000653782,0.000653782,5.19E-05,5.19E-05,0.000106762,6.10E-05,6.10E-05,4.04E-05,4.04E-05,0.000113093,1.44E-05,1.44E-05,1.43E-05,1.43E-05,1.50E-05,1.07E-05,1.07E-05,0.000193908,0.000193908,1.56E-05,1.21E-05,1.21E-05,1.49E-05,1.49E-05,1.62E-05,3.43E-05,3.43E-05,2.52E-05,2.52E-05,1.93E-05,6.19E-05,6.19E-05,0.066828534,0.066828534,0.14286685,0.41436318,0.41436318,0.003055856,0.003055856,3.63E-05,2.67E-05,2.67E-05,3.99E-05,3.99E-05,4.32E-05,2.29E-05,2.29E-05,2.33E-05,2.33E-05,2.68E-05,0.000339064,0.000339064,7.25E-05,7.25E-05,3.58E-05,3.74E-05,3.74E-05,8.99E-06,8.99E-06,8.22E-06,2.02E-05,2.02E-05,4.80E-06,4.80E-06,1.66E-05,1.41E-05,1.41E-05,0.000209744,0.000209744,3.45E-05,9.67E-06,9.67E-06,1.36E-05,1.36E-05,1.60E-05,1.71E-05,1.71E-05,2.42E-05,2.42E-05,3.13E-05,4.95E-05,4.95E-05,1.33E-05,1.33E-05,0.000161886,0.000389444,0.000389444,0.000304408,0.000304408,0.00033198,0.000658085,0.000658085,0.000448814,0.000448814,2.52E-05,0.00034844,0.00034844,0.000201363,0.000201363,0.000216392,0.011667199,0.011667199,0.000605077,0.000605077,0.000261997,8.20E-05,8.20E-05,0.000449452,0.000449452,6.90E-05,6.95E-05,6.95E-05,0.000122243,0.000122243,0.000120266,3.03E-05,3.03E-05,0.00078829,0.00078829,0.000253927,0.000151588,0.000151588,0.00010364,0.00010364,9.97E-05,0.000108084,0.000108084,0.000170978,0.000170978,0.000194582,0.000125591,0.000125591,6.31E-05,6.31E-05,0.001153547,0.00015017,0.00015017,7.65E-05,7.65E-05,6.69E-05,0.000422445,0.000422445,4.52E-05,4.52E-05,4.43E-05,2.53E-05,2.53E-05,0.000148311,0.000148311,2.38E-05,0.000321108,0.000321108,2.98E-05,2.98E-05,1.70E-05,3.12E-05,3.12E-05,1.56E-05,1.56E-05,1.78E-05,7.54E-06,7.54E-06,2.10E-05,2.10E-05,7.14E-06,1.04E-05,1.04E-05,0.000374749,0.000374749,3.79E-05,1.24E-05,1.24E-05,8.95E-06,8.95E-06,1.02E-05,1.80E-05,1.80E-05,1.31E-05,1.31E-05,1.00E-05,1.05E-05,1.05E-05,8.13E-06,8.13E-06,0.00010147,1.22E-05,1.22E-05,7.04E-06,7.04E-06,5.22E-06,3.42E-06,3.42E-06,5.06E-06,5.06E-06,5.41E-06,1.03E-05,1.03E-05,7.88E-06,7.88E-06,2.48E-06,0.000317096,0.000317096,3.75E-05,3.75E-05,1.99E-05,1.82E-05,1.82E-05,7.33E-06,7.33E-06,1.29E-05,0
4.60E-06,4.60E-06,3.25E-05,3.25E-05,6.78E-05,4.53E-06,4.53E-06,0.000391997,0.000391997,3.65E-05,2.09E-05,2.09E-05,3.80E-06,3.80E-06,8.13E-06,1.02E-05,1.02E-05,1.50E-05,1.50E-05,5.91E-06,5.50E-06,5.50E-06,1.44E-05,1.44E-05,0.000314683,3.54E-05,3.54E-05,1.96E-05,1.96E-05,1.05E-05,2.00E-05,2.00E-05,1.15E-05,1.15E-05,1.10E-05,2.03E-05,2.03E-05,7.26E-06,7.26E-06,5.17E-06,0.000109333,0.000109333,3.44E-05,3.44E-05,2.76E-05,2.95E-05,2.95E-05,2.59E-05,2.59E-05,7.46E-06,1.93E-05,1.93E-05,2.99E-05,2.99E-05,2.19E-05,2.68E-05,2.68E-05,0.000557697,0.000557697,4.36E-05,3.31E-05,3.31E-05,0.000137635,0.000137635,3.17E-05,6.07E-06,6.07E-06,1.87E-05,1.87E-05,3.13E-05,1.66E-05,1.66E-05,3.25E-05,3.25E-05,0.000365469,8.84E-05,8.84E-05,8.06E-06,8.06E-06,6.10E-06,2.86E-05,2.86E-05,3.33E-05,3.33E-05,3.51E-05,2.09E-05,2.09E-05,5.15E-06,5.15E-06,2.23E-05,0.000338035,0.000338035,3.76E-05,3.76E-05,1.78E-05,2.13E-05,2.13E-05,1.04E-05,1.04E-05,1.66E-05,1.49E-05,1.49E-05,5.24E-06,5.24E-06,1.25E-05,8.69E-06,8.69E-06,0.000177765,0.000177765,1.46E-05,3.70E-05,3.70E-05,1.25E-05,1.25E-05,9.22E-06,1.71E-05,1.71E-05,5.14E-06,5.14E-06,2.81E-06,2.51E-06,2.51E-06,3.21E-06,3.21E-06,0.000104431,1.20E-05,1.20E-05,3.72E-05,3.72E-05,1.37E-05,2.19E-05,2.19E-05,4.90E-05,4.90E-05,5.36E-05,3.32E-05,3.32E-05,7.03E-06,7.03E-06,7.52E-06,0.000108033,0.000108033,1.08E-05,1.08E-05,4.76E-05,3.47E-05,3.47E-05,5.25E-05,5.25E-05,1.86E-05,7.94E-06,7.94E-06,7.70E-06,7.70E-06,7.82E-06,8.81E-06,8.81E-06,0.000138302,0.000138302,1.77E-05,1.34E-05,1.34E-05,7.21E-06,7.21E-06,1.03E-05,5.70E-06,5.70E-06,1.05E-05,1.05E-05,6.32E-06,1.17E-05,1.17E-05,1.51E-05,1.51E-05,0.000235196,3.42E-05,3.42E-05,6.00E-06,6.00E-06,4.77E-06,4.44E-06,4.44E-06,8.40E-06,8.40E-06,7.18E-06,1.14E-05,1.14E-05,4.37E-06,4.37E-06,4.41E-06,0.00026138,0.00026138,2.13E-05,2.13E-05,1.21E-05,1.34E-05,1.34E-05,1.33E-05,1.33E-05,1.33E-05,1.44E-05,1.44E-05,1.63E-05,1.63E-05,1.28E-05,5.13E-06,5.13E-06,9.35E-05,9.35E-05,9.71E-06,5.69E-06,5.69E-06,4.92E-06,4.92E-06,4.68E-06,1.12E-05,1.12E-05,1.17E-05,1.17E-05,1.24E-05,1.49E-05,1.49E-05,1.58E-05,1.58E-05,0.000290841,0
2.78E-05,2.78E-05,1.65E-05,1.65E-05,1.45E-05,1.80E-05,1.80E-05,1.84E-05,1.84E-05,1.50E-05,1.56E-05,1.56E-05,1.59E-05,1.59E-05,1.30E-05,0.00026345,0.00026345,2.37E-05,2.37E-05,1.44E-05,4.70E-06,4.70E-06,9.18E-06,9.18E-06,1.90E-05,4.92E-06,4.92E-06,7.81E-06,7.81E-06,9.24E-06,7.59E-06,7.59E-06,7.18E-05,7.18E-05,1.38E-05,6.20E-06,6.20E-06,5.67E-06,5.67E-06,5.27E-06,5.13E-06,5.13E-06,4.87E-06,4.87E-06,1.22E-05,1.14E-05,1.14E-05,7.75E-06,7.75E-06,0.000338964,3.53E-05,3.53E-05,3.51E-05,3.51E-05,7.26E-05,4.34E-05,4.34E-05,2.15E-05,2.15E-05,2.02E-05,2.14E-05,2.14E-05,1.12E-05,1.12E-05,3.02E-05,0.000492014,0.000492014,7.58E-05,7.58E-05,2.01E-05,4.26E-05,4.26E-05,4.46E-05,4.46E-05,4.60E-05,1.93E-05,1.93E-05,1.71E-05,1.71E-05,1.85E-05,1.68E-05,1.68E-05,0.000264894,0.000264894,2.90E-05,1.73E-05,1.73E-05,1.44E-05,1.44E-05,1.37E-05,1.30E-05,1.30E-05,1.18E-05,1.18E-05,5.19E-06,1.10E-05,1.10E-05,1.15E-05,1.15E-05,0.000234038,1.27E-05,1.27E-05,7.51E-06,7.51E-06,7.32E-06,8.34E-06,8.34E-06,1.21E-05,1.21E-05,7.60E-06,2.86E-05,2.86E-05,2.20E-05,2.20E-05,2.37E-05,0.000467647,0.000467647,6.77E-05,6.77E-05,3.67E-05,3.26E-05,3.26E-05,2.54E-05,2.54E-05,6.99E-06,2.28E-05,2.28E-05,2.41E-05,2.41E-05,5.18E-06,6.00E-06,6.00E-06,0.000334741,0.000334741,5.73E-05,3.24E-05,3.24E-05,2.74E-05,2.74E-05,2.56E-05,2.72E-05,2.72E-05,1.28E-05,1.28E-05,4.24E-06,1.80E-05,1.80E-05,1.69E-05,1.69E-05,0.000309793,9.17E-06,9.17E-06,1.61E-05,1.61E-05,7.21E-06,6.86E-06,6.86E-06,7.04E-06,7.04E-06,7.52E-06,7.14E-06,7.14E-06,7.02E-06,7.02E-06,7.57E-06,0.000150109,0.000150109,1.62E-05,1.62E-05,1.70E-05,1.61E-05,1.61E-05,4.79E-06,4.79E-06,6.41E-06,0.000187095,0.000187095,0.000115764,0.000115764,6.48E-05,6.50E-05,6.50E-05,0.000436122,0.000436122,4.80E-05,5.99E-05,5.99E-05,3.38E-05,3.38E-05,2.52E-05,1.71E-05,1.71E-05,2.01E-05,2.01E-05,1.96E-05,1.59E-05,1.59E-05,1.71E-05,1.71E-05,0.000496517,6.09E-05,6.09E-05,2.11E-05,2.11E-05,5.41E-05,3.78E-06,3.78E-06,3.29E-06,3.29E-06,3.66E-06,1.74E-05,1.74E-05,8.45E-06,8.45E-06,0.000150261,0.038233798,0.038233798,0.002143498,0.002143498,0.021461986,0.07896163,0.07896163,0.027397403,0.027397403,0.08361325,0
1.84E-06,1.84E-06,0.701827,0.701827,0.96364737,0.96364737,8.31E-05,8.31E-05,1.81E-06,1.81E-06,7.03E-07,7.03E-07,6.47E-07,6.47E-07,5.87E-07,5.87E-07,1.05E-06,1.05E-06,3.27E-05,3.27E-05,2.96E-06,2.96E-06,1.87E-06,1.87E-06,1.17E-06,1.17E-06,8.89E-07,8.89E-07,8.60E-07,8.60E-07,7.92E-07,7.92E-07,0.07041966,0.07041966,0.9910222,0.9910222,0.93854636,0.93854636,0.010045234,0.010045234,9.35E-06,9.35E-06,1.65E-06,1.65E-06,1.11E-06,1.11E-06,1.00E-06,1.00E-06,1.11E-06,1.11E-06,9.48E-07,9.48E-07,8.63E-07,8.63E-07,7.48E-07,7.48E-07,0.6789317,0.6789317,0.9878852,0.9878852,0.9807747,0.9807747,0.000150213,0.000150213,3.01E-06,3.01E-06,2.69E-06,2.69E-06,1.43E-06,1.43E-06,1.44E-06,1.44E-06,1.14E-06,1.14E-06,1.67E-06,1.67E-06,1.68E-06,1.68E-06,3.04E-05,3.04E-05,2.97E-06,2.97E-06,1.89E-06,1.89E-06,5.23E-06,5.23E-06,0.9292611,0.9292611,0.19470556,0.19470556,1.10E-05,1.10E-05,2.78E-06,2.78E-06,1.65E-06,1.65E-06,1.05E-06,1.05E-06,5.12E-05,5.12E-05,3.09E-06,3.09E-06,4.01E-06,4.01E-06,3.84E-06,3.84E-06,1.65E-06,1.65E-06,1.24E-06,1.24E-06,1.64E-06,1.64E-06,1.40E-06,1.40E-06,1.15E-06,1.15E-06,1.65E-06,1.65E-06,0.2588183,0.2588183,0.60749316,0.60749316,0.000456584,0.000456584,3.72E-06,3.72E-06,2.03E-06,2.03E-06,1.56E-06,1.56E-06,1.01E-06,1.01E-06,6.93E-07,6.93E-07,8.44E-07,8.44E-07,1.08E-06,1.08E-06,1.77E-05,1.77E-05,2.03E-06,2.03E-06,1.67E-06,1.67E-06,1.81E-06,1.81E-06,1.45E-06,1.45E-06,1.21E-06,1.21E-06,1.09E-06,1.09E-06,1.32E-06,1.32E-06,1.70E-06,1.70E-06,1.53E-06,1.53E-06,1.68E-05,1.68E-05,1.61E-06,1.61E-06,1.02E-06,1.02E-06,6.48E-07,6.48E-07,8.97E-07,8.97E-07,8.52E-07,8.52E-07,9.59E-07,9.59E-07,9.11E-07,9.11E-07,5.91E-06,5.91E-06,0.18445921,0.18445921,0.950085,0.950085,0.00317136,0.00317136,2.10E-05,2.10E-05,1.60E-05,1.60E-05,5.07E-06,5.07E-06,3.48E-06,3.48E-06,1.38E-06,1.38E-06,7.57E-07,7.57E-07,7.51E-07,7.51E-07,6.71E-07,6.71E-07,1.73E-05,1.73E-05,1.64E-06,1.64E-06,1.45E-06,1.45E-06,1.06E-06,1.06E-06,1.19E-06,1.19E-06,9.15E-07,9.15E-07,9.30E-07,9.30E-07,7.90E-07,7.90E-07,8.88E-07,8.88E-07,9.47E-07,9.47E-07,1.76E-05,1.76E-05,1.68E-06,1.68E-06,8.13E-07,8.13E-07,1.26E-06,0
1.26E-06,4.86E-05,4.86E-05,0.35392985,0.35392985,0.001168522,0.001168522,1.03E-06,1.03E-06,8.83E-07,8.83E-07,5.76E-07,5.76E-07,1.85E-05,1.85E-05,1.57E-06,1.57E-06,8.91E-07,8.91E-07,8.30E-07,8.30E-07,6.51E-07,6.51E-07,5.52E-07,5.52E-07,0.000583696,0.000583696,0.56081337,0.56081337,0.9493086,0.9493086,0.000230417,0.000230417,6.15E-05,6.15E-05,5.03E-06,5.03E-06,1.12E-06,1.12E-06,1.15E-06,1.15E-06,8.49E-07,8.49E-07,7.81E-07,7.81E-07,7.90E-07,7.90E-07,8.12E-07,8.12E-07,5.97E-07,5.97E-07,6.58E-07,6.58E-07,1.46E-05,1.46E-05,1.96E-06,1.96E-06,1.35E-06,1.35E-06,1.36E-06,1.36E-06,1.11E-06,1.11E-06,1.17E-06,1.17E-06,1.21E-06,1.21E-06,1.32E-06,1.32E-06,1.50E-06,1.50E-06,1.66E-06,1.66E-06,1.09E-05,1.09E-05,1.35E-06,1.35E-06,9.57E-07,9.57E-07,9.36E-07,9.36E-07,1.06E-06,1.06E-06,1.16E-06,1.16E-06,1.20E-06,1.20E-06,1.52E-06,1.52E-06,1.68E-06,1.68E-06,1.11E-06,1.11E-06,1.09E-05,1.09E-05,1.84E-06,1.84E-06,1.57E-06,1.57E-06,7.49E-07,7.49E-07,7.59E-07,7.59E-07,0.4060614,0.4060614,0.9027008,0.9027008,0.001460889,0.001460889,1.85E-06,1.85E-06,1.21E-06,1.21E-06,2.80E-05,2.80E-05,2.44E-06,2.44E-06,1.43E-06,1.43E-06,1.07E-06,1.07E-06,0.44680643,0.44680643,0.99256825,0.99256825,0.59350264,0.59350264,9.01E-06,9.01E-06,1.31E-06,1.31E-06,5.78E-07,5.78E-07,1.65E-05,1.65E-05,1.82E-06,1.82E-06,1.15E-06,1.15E-06,8.16E-07,8.16E-07,8.25E-07,8.25E-07,0.32798547,0.32798547,0.91435975,0.91435975,0.000224434,0.000224434,4.89E-06,4.89E-06,8.13E-07,8.13E-07,2.74E-05,2.74E-05,2.32E-06,2.32E-06,2.50E-06,2.50E-06,1.42E-06,1.42E-06,0.4372036,0.4372036,0.10226777,0.10226777,8.34E-05,8.34E-05,3.49E-06,3.49E-06,1.70E-06,1.70E-06,1.18E-06,1.18E-06,2.38E-05,2.38E-05,3.22E-06,3.22E-06,2.02E-06,2.02E-06,1.59E-06,1.59E-06,0.6462659,0.6462659,0.90781254,0.90781254,0.001551811,0.001551811,5.95E-06,5.95E-06,2.52E-06,2.52E-06,1.89E-06,1.89E-06,2.99E-05,2.99E-05,2.53E-06,2.53E-06,1.67E-06,1.67E-06,1.37E-06,1.37E-06,1.20E-06,1.20E-06,1.59E-06,1.59E-06,9.82E-07,9.82E-07,1.11E-06,1.11E-06,9.93E-07,9.93E-07,1.07E-06,1.07E-06,2.03E-05,2.03E-05,2.37E-06,2.37E-06,0.87037444,0.87037444,0.8471281,0.8471281,0.000990135,0.000990135,1.21E-05,1.21E-05,0
2.13E-06,2.13E-06,1.02E-06,1.02E-06,8.42E-07,8.42E-07,2.51E-06,2.51E-06,2.97E-05,2.97E-05,4.14E-06,4.14E-06,2.02E-06,2.02E-06,1.70E-06,1.70E-06,1.76E-06,1.76E-06,1.13E-06,1.13E-06,1.11E-06,1.11E-06,1.30E-06,1.30E-06,0.86714184,0.86714184,0.98313934,0.98313934,0.001211106,0.001211106,1.11E-05,1.11E-05,2.40E-06,2.40E-06,2.20E-06,2.20E-06,1.95E-06,1.95E-06,1.64E-06,1.64E-06,1.65E-05,1.65E-05,0.9738002,0.9738002,0.7444324,0.7444324,4.69E-05,4.69E-05,4.38E-05,4.38E-05,4.76E-06,4.76E-06,1.87E-06,1.87E-06,1.50E-06,1.50E-06,1.39E-06,1.39E-06,1.33E-06,1.33E-06,1.36E-06,1.36E-06,1.61E-06,1.61E-06,1.56E-06,1.56E-06,0.7151004,0.7151004,0.24541517,0.24541517,0.004271267,0.004271267,5.19E-06,5.19E-06,1.19E-06,1.19E-06,1.39E-06,1.39E-06,6.95E-07,6.95E-07,5.72E-07,5.72E-07,4.20E-07,4.20E-07,4.75E-07,4.75E-07,5.05E-07,5.05E-07,2.35E-05,2.35E-05,2.56E-06,2.56E-06,2.02E-06,2.02E-06,1.09E-06,1.09E-06,1.48E-06,1.48E-06,1.17E-06,1.17E-06,1.25E-06,1.25E-06,1.20E-06,1.20E-06,1.31E-06,1.31E-06,1.36E-06,1.36E-06,1.94E-05,1.94E-05,0.013025112,0.013025112,0.01053678,0.01053678,4.62E-05,4.62E-05,1.70E-06,1.70E-06,6.52E-07,6.52E-07,6.68E-07,6.68E-07,5.81E-07,5.81E-07,5.99E-07,5.99E-07,5.57E-07,5.57E-07,1.40E-05,1.40E-05,1.30E-06,1.30E-06,5.64E-07,5.64E-07,5.78E-07,5.78E-07,5.49E-07,5.49E-07,5.52E-07,5.52E-07,7.42E-07,7.42E-07,8.89E-07,8.89E-07,8.31E-07,8.31E-07,9.22E-07,9.22E-07,1.80E-05,1.80E-05,2.02E-06,2.02E-06,1.48E-06,1.48E-06,1.91E-06,1.91E-06,8.77E-07,8.77E-07,1.05E-06,1.05E-06,8.10E-07,8.10E-07,1.02E-06,1.02E-06,7.73E-07,7.73E-07,1.76E-06,1.76E-06,2.74E-05,2.74E-05,3.77E-06,3.77E-06,1.78E-06,1.78E-06,1.94E-06,1.94E-06,2.02E-06,2.02E-06,1.13E-06,1.13E-06,1.32E-06,1.32E-06,9.79E-07,9.79E-07,1.08E-06,1.08E-06,1.16E-06,1.16E-06,1.47E-05,1.47E-05,1.31E-06,1.31E-06,9.53E-07,9.53E-07,9.54E-07,9.54E-07,6.58E-07,6.58E-07,6.37E-07,6.37E-07,5.87E-07,5.87E-07,5.40E-07,5.40E-07,5.70E-07,5.70E-07,6.12E-07,6.12E-07,8.70E-06,8.70E-06,9.96E-07,9.96E-07,2.78E-05,2.78E-05,0.89878756,0.89878756,0.007000052,0.007000052,2.31E-06,2.31E-06,8.88E-07,8.88E-07,6.54E-07,6.54E-07,6.53E-07,0
6.53E-07,7.56E-07,7.56E-07,2.71E-05,2.71E-05,2.55E-06,2.55E-06,1.59E-06,1.59E-06,9.38E-07,9.38E-07,9.41E-07,9.41E-07,9.75E-07,9.75E-07,9.70E-07,9.70E-07,9.93E-07,9.93E-07,8.97E-07,8.97E-07,7.73E-07,7.73E-07,1.47E-05,1.47E-05,1.79E-06,1.79E-06,9.28E-07,9.28E-07,8.13E-07,8.13E-07,9.20E-07,9.20E-07,0.00028656,0.00028656,6.70E-05,6.70E-05,3.74E-06,3.74E-06,1.37E-06,1.37E-06,9.29E-07,9.29E-07,1.36E-05,1.36E-05,1.68E-06,1.68E-06,1.22E-06,1.22E-06,9.09E-07,9.09E-07,8.48E-07,8.48E-07,1.03E-06,1.03E-06,1.10E-06,1.10E-06,1.22E-06,1.22E-06,1.03E-06,1.03E-06,9.92E-07,9.92E-07,1.84E-05,1.84E-05,1.98E-06,1.98E-06,1.20E-06,1.20E-06,1.32E-06,1.32E-06,1.23E-06,1.23E-06,1.39E-06,1.39E-06,1.74E-06,1.74E-06,1.44E-06,1.44E-06,1.17E-06,1.17E-06,1.19E-06,1.19E-06,2.00E-05,2.00E-05,1.57E-06,1.57E-06,1.00E-06,1.00E-06,8.99E-07,8.99E-07,7.59E-07,7.59E-07,6.99E-07,6.99E-07,0.43403557,0.43403557,0.8735761,0.8735761,0.1499264,0.1499264,2.81E-06,2.81E-06,3.07E-05,3.07E-05,5.18E-06,5.18E-06,2.73E-06,2.73E-06,1.87E-06,1.87E-06,1.85E-06,1.85E-06,1.63E-06,1.63E-06,1.39E-06,1.39E-06,1.51E-06,1.51E-06,1.36E-06,1.36E-06,1.30E-06,1.30E-06,2.06E-05,2.06E-05,1.99E-06,1.99E-06,1.39E-06,1.39E-06,1.36E-06,1.36E-06,1.37E-06,1.37E-06,1.77E-06,1.77E-06,1.55E-06,1.55E-06,1.39E-06,1.39E-06,1.41E-06,1.41E-06,1.30E-06,1.30E-06,1.91E-05,1.91E-05,2.50E-06,2.50E-06,1.27E-06,1.27E-06,1.10E-06,1.10E-06,1.54E-06,1.54E-06,1.52E-06,1.52E-06,0.0856724,0.0856724,0.33848646,0.33848646,5.73E-05,5.73E-05,2.60E-06,2.60E-06,3.65E-05,3.65E-05,3.27E-06,3.27E-06,0.00469049,0.00469049,0.9936907,0.9936907,0.8994274,0.8994274,2.28E-05,2.28E-05,6.61E-07,6.61E-07,7.26E-07,7.26E-07,5.88E-07,5.88E-07,5.69E-07,5.69E-07,1.89E-05,1.89E-05,1.37E-06,1.37E-06,6.59E-07,6.59E-07,5.34E-07,5.34E-07,5.91E-07,5.91E-07,6.45E-07,6.45E-07,6.08E-07,6.08E-07,6.07E-07,6.07E-07,8.26E-07,8.26E-07,6.77E-07,6.77E-07,2.05E-05,2.05E-05,2.80E-06,2.80E-06,0.005626393,0.005626393,4.60E-05,4.60E-05,3.38E-06,3.38E-06,1.79E-06,1.79E-06,1.19E-06,1.19E-06,1.25E-06,1.25E-06,1.12E-06,1.12E-06,7.45E-07,7.45E-07,2.08E-05,2.08E-05,0
3.40E-06,3.40E-06,2.29E-06,2.29E-06,4.39E-06,4.39E-06,1.34E-06,1.34E-06,1.32E-06,1.32E-06,1.15E-06,1.15E-06,8.18E-07,8.18E-07,9.77E-07,9.77E-07,1.01E-06,1.01E-06,1.43E-05,1.43E-05,1.77E-06,1.77E-06,1.15E-06,1.15E-06,1.01E-06,1.01E-06,8.28E-07,8.28E-07,1.00E-06,1.00E-06,9.06E-07,9.06E-07,7.73E-07,7.73E-07,8.98E-07,8.98E-07,9.82E-06,9.82E-06,0.9453591,0.9453591,0.00095888,0.00095888,3.18E-06,3.18E-06,1.12E-06,1.12E-06,1.31E-06,1.31E-06,7.67E-07,7.67E-07,6.58E-07,6.58E-07,5.68E-07,5.68E-07,5.10E-07,5.10E-07,6.01E-07,6.01E-07,1.42E-05,1.42E-05,1.50E-06,1.50E-06,9.31E-07,9.31E-07,8.22E-07,8.22E-07,6.86E-07,6.86E-07,6.97E-07,6.97E-07,7.20E-07,7.20E-07,4.56E-07,4.56E-07,5.67E-07,5.67E-07,5.99E-07,5.99E-07,1.66E-05,1.66E-05,1.49E-06,1.49E-06,1.15E-06,1.15E-06,0.3925137,0.3925137,0.7652621,0.7652621,7.90E-06,7.90E-06,1.86E-06,1.86E-06,1.11E-06,1.11E-06,8.59E-07,8.59E-07,9.16E-07,9.16E-07,2.53E-05,2.53E-05,2.78E-06,2.78E-06,1.77E-06,1.77E-06,1.10E-06,1.10E-06,0.35007662,0.35007662,0.29644108,0.29644108,4.88E-06,4.88E-06,1.64E-06,1.64E-06,1.54E-06,1.54E-06,1.24E-06,1.24E-06,2.16E-05,2.16E-05,2.78E-06,2.78E-06,1.70E-06,1.70E-06,1.21E-06,1.21E-06,1.39E-06,1.39E-06,1.32E-06,1.32E-06,1.30E-06,1.30E-06,1.40E-06,1.40E-06,1.76E-06,1.76E-06,1.19E-06,1.19E-06,2.00E-05,2.00E-05,3.28E-06,3.28E-06,1.68E-06,1.68E-06,1.34E-06,1.34E-06,1.84E-06,1.84E-06,1.49E-06,1.49E-06,1.34E-06,1.34E-06,1.31E-06,1.31E-06,9.31E-07,9.31E-07,1.40E-06,1.40E-06,0.7688177,0.7688177,0.92036206,0.92036206,0.000108571,0.000108571,3.17E-06,3.17E-06,1.15E-06,1.15E-06,1.00E-06,1.00E-06,1.07E-06,1.07E-06,1.33E-06,1.33E-06,1.15E-06,1.15E-06,8.10E-07,8.10E-07,1.57E-05,1.57E-05,1.36E-06,1.36E-06,1.05E-06,1.05E-06,0.936636,0.936636,0.9191942,0.9191942,0.000251025,0.000251025,2.32E-06,2.32E-06,1.77E-06,1.77E-06,9.99E-07,9.99E-07,7.72E-07,7.72E-07,4.47E-05,4.47E-05,2.59E-06,2.59E-06,1.02E-06,1.02E-06,9.52E-07,9.52E-07,1.93E-05,1.93E-05,0.9119027,0.9119027,0.82037544,0.82037544,2.73E-05,2.73E-05,4.96E-06,4.96E-06,2.38E-06,2.38E-06,7.08E-05,7.08E-05,1.01E-05,1.01E-05,7.63E-06,7.63E-06,4.52E-06,0
4.52E-06,2.99E-06,2.99E-06,2.39E-06,2.39E-06,1.84E-06,1.84E-06,1.10E-06,1.10E-06,9.06E-07,9.06E-07,9.41E-07,9.41E-07,0.9232456,0.9232456,0.8363929,0.8363929,0.000233689,0.000233689,3.76E-06,3.76E-06,9.86E-07,9.86E-07,1.39E-06,1.39E-06,6.91E-07,6.91E-07,1.75E-06,1.75E-06,0.11483785,0.11483785,0.8814152,0.8814152,0.062533565,0.062533565,4.43E-05,4.43E-05,7.62E-06,7.62E-06,5.42E-06,5.42E-06,3.75E-06,3.75E-06,4.51E-06,4.51E-06,4.47E-06,4.47E-06,0.289167,0.289167,0.79131407,0.79131407,0.000180977,0.000180977,0.000100475,0.000100475,1.05E-05,1.05E-05,1.06E-05,1.06E-05,3.46E-06,3.46E-06,2.03E-06,2.03E-06,1.79E-06,1.79E-06,1.39E-06,1.39E-06,1.50E-06,1.50E-06,1.68E-06,1.68E-06,1.41E-06,1.41E-06,1.81E-05,1.81E-05,1.72E-06,1.72E-06,1.04E-06,1.04E-06,1.06E-06,1.06E-06,2.22E-05,2.22E-05,0.22265574,0.22265574,0.058330934,0.058330934,3.55E-06,3.55E-06,3.26E-06,3.26E-06,1.62E-06,1.62E-06,4.04E-05,4.04E-05,4.22E-06,4.22E-06,3.93E-06,3.93E-06,3.29E-06,3.29E-06,1.92E-06,1.92E-06,3.03E-06,3.03E-06,2.01E-06,2.01E-06,1.69E-06,1.69E-06,1.91E-06,1.91E-06,1.70E-06,1.70E-06,2.85E-05,2.85E-05,3.10E-06,3.10E-06,1.59E-06,1.59E-06,9.19E-07,9.19E-07,8.61E-07,8.61E-07,9.21E-07,9.21E-07,8.61E-07,8.61E-07,9.44E-07,9.44E-07,9.92E-07,9.92E-07,1.30E-06,1.30E-06,1.84E-05,1.84E-05,1.99E-06,1.99E-06,0.9421605,0.9421605,0.99380916,0.99380916,6.50E-05,6.50E-05,3.66E-06,3.66E-06,8.42E-07,8.42E-07,5.47E-07,5.47E-07,6.75E-07,6.75E-07,4.77E-07,4.77E-07,2.16E-05,2.16E-05,1.92E-06,1.92E-06,1.44E-06,1.44E-06,1.28E-06,1.28E-06,1.32E-06,1.32E-06,1.15E-06,1.15E-06,1.04E-06,1.04E-06,1.05E-06,1.05E-06,1.08E-06,1.08E-06,1.07E-06,1.07E-06,1.22E-05,1.22E-05,1.73E-06,1.73E-06,1.25E-05,1.25E-05,0.606515,0.606515,0.003684834,0.003684834,5.58E-06,5.58E-06,1.91E-06,1.91E-06,8.22E-07,8.22E-07,7.14E-07,7.14E-07,7.14E-07,7.14E-07,1.55E-05,1.55E-05,1.48E-06,1.48E-06,6.63E-07,6.63E-07,6.00E-07,6.00E-07,5.47E-07,5.47E-07,5.22E-07,5.22E-07,5.03E-07,5.03E-07,2.45E-05,2.45E-05,0.9659922,0.9659922,0.001465684,0.001465684,5.37E-05,5.37E-05,1.84E-06,1.84E-06,7.51E-07,7.51E-07,6.84E-07,6.84E-07,5.24E-07,5.24E-07,6.07E-07,6.07E-07,0
5.39E-07,5.39E-07,5.58E-07,5.58E-07,6.49E-07,6.49E-07,6.19E-07,6.19E-07,1.06E-05,1.06E-05,1.34E-06,1.34E-06,6.94E-07,6.94E-07,5.94E-07,5.94E-07,6.71E-07,6.71E-07,5.41E-07,5.41E-07,5.92E-07,5.92E-07,6.15E-07,6.15E-07,5.21E-07,5.21E-07,0.000229958,0.000229958,0.70578015,0.70578015,0.9895432,0.9895432,0.000109904,0.000109904,2.55E-06,2.55E-06,1.30E-06,1.30E-06,6.46E-07,6.46E-07,6.27E-07,6.27E-07,5.91E-07,5.91E-07,8.00E-07,8.00E-07,5.16E-07,5.16E-07,1.31E-05,1.31E-05,1.24E-06,1.24E-06,8.41E-07,8.41E-07,8.09E-07,8.09E-07,1.02E-06,1.02E-06,9.00E-07,9.00E-07,1.15E-06,1.15E-06,1.06E-06,1.06E-06,1.19E-06,1.19E-06,1.15E-06,1.15E-06,1.27E-05,1.27E-05,1.53E-06,1.53E-06,9.35E-07,9.35E-07,8.45E-07,8.45E-07,8.10E-07,8.10E-07,7.21E-07,7.21E-07,6.15E-07,6.15E-07,5.99E-07,5.99E-07,6.58E-07,6.58E-07,6.66E-07,6.66E-07,1.02E-05,1.02E-05,8.28E-07,8.28E-07,5.06E-07,5.06E-07,4.81E-07,4.81E-07,2.50E-06,2.50E-06,8.40E-05,8.40E-05,2.64E-05,2.64E-05,2.56E-05,2.56E-05,1.48E-05,1.48E-05,6.40E-06,6.40E-06,0.00014531,0.00014531,1.74E-05,1.74E-05,6.90E-06,6.90E-06,3.51E-06,3.51E-06,6.06E-06,6.06E-06,3.32E-06,3.32E-06,3.39E-06,3.39E-06,3.60E-06,3.60E-06,2.86E-06,2.86E-06,1.99E-06,1.99E-06,2.29E-05,2.29E-05,2.67E-06,2.67E-06,1.42E-06,1.42E-06,8.39E-07,8.39E-07,1.04E-06,1.04E-06,9.58E-07,9.58E-07,8.80E-07,8.80E-07,1.04E-06,1.04E-06,0.000294363,0.000294363,0.100561224,0.100561224,0.001850731,0.001850731,1.94E-05,1.94E-05,4.38E-06,4.38E-06,2.01E-06,2.01E-06,1.92E-06,1.92E-06,2.27E-06,2.27E-06,3.28E-06,3.28E-06,3.11E-06,3.11E-06,2.86E-06,2.86E-06,2.40E-06,2.40E-06,2.11E-05,2.11E-05,2.18E-06,2.18E-06,1.43E-06,1.43E-06,1.06E-06,1.06E-06,1.08E-06,1.08E-06,8.05E-07,8.05E-07,7.78E-07,7.78E-07,8.03E-07,8.03E-07,7.58E-07,7.58E-07,7.29E-07,7.29E-07,1.37E-05,1.37E-05,2.05E-06,2.05E-06,1.71E-06,1.71E-06,1.31E-06,1.31E-06,1.62E-06,1.62E-06,0.5547266,0.5547266,0.4271731,0.4271731,4.10E-05,4.10E-05,6.91E-06,6.91E-06,1.40E-06,1.40E-06,2.89E-05,2.89E-05,2.06E-06,2.06E-06,8.18E-07,8.18E-07,1.21E-06,1.21E-06,9.03E-07,9.03E-07,0.0449526,0.0449526,0.009070072,0.009070072,3.08E-05,3.08E-05,1.89E-06,0
1.74E-06,1.74E-06,1.09E-06,1.09E-06,9.03E-07,8.91E-07,8.91E-07,8.68E-07,8.68E-07,9.82E-07,8.94E-07,8.94E-07,8.30E-07,8.30E-07,8.18E-07,1.45E-05,1.45E-05,1.53E-06,1.53E-06,8.24E-07,7.56E-07,7.56E-07,7.01E-07,7.01E-07,7.06E-07,7.50E-07,7.50E-07,7.97E-07,7.97E-07,8.22E-07,8.51E-07,8.51E-07,1.63E-05,1.63E-05,1.39E-06,9.26E-07,9.26E-07,8.05E-07,8.05E-07,7.71E-07,7.52E-07,7.52E-07,7.24E-07,7.24E-07,7.02E-07,8.05E-07,8.05E-07,7.87E-07,7.87E-07,1.37E-05,1.59E-06,1.59E-06,1.02E-06,1.02E-06,8.87E-07,8.93E-07,8.93E-07,7.80E-07,7.80E-07,7.40E-07,7.30E-07,7.30E-07,6.99E-07,6.99E-07,8.20E-07,1.17E-05,1.17E-05,1.20E-06,1.20E-06,7.32E-07,6.47E-07,6.47E-07,7.16E-07,7.16E-07,6.59E-07,9.40E-07,9.40E-07,6.51E-07,6.51E-07,8.17E-07,8.42E-07,8.42E-07,1.47E-05,1.47E-05,1.63E-06,8.79E-07,8.79E-07,7.79E-07,7.79E-07,7.92E-07,7.15E-07,7.15E-07,6.89E-07,6.89E-07,7.96E-07,9.54E-07,9.54E-07,9.74E-07,9.74E-07,1.23E-05,1.70E-06,1.70E-06,9.99E-07,9.99E-07,8.53E-07,8.23E-07,8.23E-07,8.35E-07,8.35E-07,8.43E-07,8.86E-07,8.86E-07,9.17E-07,9.17E-07,9.05E-07,0.44728008,0.44728008,0.9995528,0.9995528,0.99926454,0.998868,0.998868,0.99945897,0.99945897,0.99938285,0.99750805,0.99750805,1.65E-06,1.65E-06,2.25E-07,2.13E-07,2.13E-07,1.38E-05,1.38E-05,1.93E-06,1.07E-06,1.07E-06,9.53E-07,9.53E-07,1.04E-06,7.86E-07,7.86E-07,9.07E-07,9.07E-07,7.33E-07,6.37E-07,6.37E-07,5.43E-07,5.43E-07,0.14639316,0.9997167,0.9997167,0.9993311,0.9993311,0.006023804,2.96E-07,2.96E-07,2.05E-07,2.05E-07,2.02E-07,2.22E-07,2.22E-07,2.75E-07,2.75E-07,3.25E-07,1.58E-05,1.58E-05,2.54E-06,2.54E-06,1.86E-06,1.70E-06,1.70E-06,1.70E-06,1.70E-06,1.57E-06,1.45E-06,1.45E-06,1.62E-06,1.62E-06,1.59E-06,1.67E-06,1.67E-06,1.87E-05,1.87E-05,2.00E-06,1.30E-06,1.30E-06,1.32E-06,1.32E-06,1.08E-06,7.31E-07,7.31E-07,7.24E-07,7.24E-07,7.77E-07,7.64E-07,7.64E-07,7.22E-07,7.22E-07,1.56E-05,1.23E-06,1.23E-06,8.96E-07,8.96E-07,7.26E-07,6.91E-07,6.91E-07,4.97E-07,4.97E-07,4.75E-07,4.81E-07,4.81E-07,4.49E-07,4.49E-07,4.31E-07,1.10E-05,1.10E-05,9.54E-07,9.54E-07,5.92E-07,4.61E-07,4.61E-07,4.54E-07,4.54E-07,5.54E-07,0
6.38E-05,6.38E-05,6.38E-05,4.58E-05,4.58E-05,6.46E-05,6.46E-05,6.18E-05,6.18E-05,7.61E-05,7.61E-05,4.31E-05,4.31E-05,4.06E-05,4.06E-05,3.51E-05,3.51E-05,6.22E-05,6.22E-05,0.00020805,0.00020805,7.93E-05,7.93E-05,5.19E-05,5.19E-05,5.48E-05,5.48E-05,5.48E-05,8.99E-05,8.99E-05,0.000129436,0.000129436,8.46E-05,8.46E-05,7.54E-05,7.54E-05,0.000102059,0.000102059,0.000136844,0.000136844,0.000313644,0.000313644,9.09E-05,9.09E-05,0.000109671,0.000109671,0.001226353,0.001226353,0.09530269,0.09530269,0.000500849,0.000500849,0.000500849,0.000102821,0.000102821,8.09E-05,8.09E-05,7.26E-05,7.26E-05,4.75E-05,4.75E-05,0.000342153,0.000342153,7.50E-05,7.50E-05,8.62E-05,8.62E-05,8.72E-05,8.72E-05,0.000132605,0.000132605,7.75E-05,7.75E-05,6.83E-05,6.83E-05,0.000107616,0.000107616,0.000107616,6.99E-05,6.99E-05,9.69E-05,9.69E-05,0.00026652,0.00026652,0.000136544,0.000136544,0.000111874,0.000111874,9.24E-05,9.24E-05,6.86E-05,6.86E-05,6.20E-05,6.20E-05,8.04E-05,8.04E-05,9.19E-05,9.19E-05,9.34E-05,9.34E-05,9.51E-05,9.51E-05,9.51E-05,0.00022006,0.00022006,7.14E-05,7.14E-05,0.000146371,0.000146371,0.000163947,0.000163947,0.3186725,0.3186725,0.000869165,0.000869165,0.000134681,0.000134681,0.000113269,0.000113269,7.34E-05,7.34E-05,7.64E-05,7.64E-05,0.000201693,0.000201693,4.70E-05,4.70E-05,4.70E-05,3.91E-05,3.91E-05,3.30E-05,3.30E-05,4.30E-05,4.30E-05,4.34E-05,4.34E-05,4.79E-05,4.79E-05,5.42E-05,5.42E-05,7.31E-05,7.31E-05,5.99E-05,5.99E-05,0.000247758,0.000247758,7.10E-05,7.10E-05,0.000107261,0.000107261,0.4203669,0.4203669,0.4203669,0.012891898,0.012891898,0.000145746,0.000145746,6.66E-05,6.66E-05,6.52E-05,6.52E-05,5.38E-05,5.38E-05,5.39E-05,5.39E-05,0.000234899,0.000234899,6.84E-05,6.84E-05,6.34E-05,6.34E-05,5.89E-05,5.89E-05,6.37E-05,6.37E-05,6.08E-05,6.08E-05,6.08E-05,5.94E-05,5.94E-05,7.01E-05,7.01E-05,5.63E-05,5.63E-05,6.80E-05,6.80E-05,0.000170488,0.000170488,6.38E-05,6.38E-05,5.58E-05,5.58E-05,6.73E-05,6.73E-05,6.92E-05,6.92E-05,7.54E-05,7.54E-05,7.98E-05,7.98E-05,0.08221549,0.08221549,0.08221549,0.000596119,0.000596119,8.39E-05,8.39E-05,0.00016929,0.00016929,6.18E-05,6.18E-05,4.55E-05,4.55E-05,7.55E-05,7.55E-05,0.000170276,0.000170276,8.55E-05,8.55E-05,8.52E-05,8.52E-05,6.97E-05,6.97E-05,0.000116199,0.000116199,1
4.87E-06,4.87E-06,2.53E-06,2.53E-06,2.77E-06,2.61E-06,2.61E-06,4.08E-06,4.08E-06,2.15E-06,3.78E-06,3.78E-06,4.06E-06,4.06E-06,3.06E-06,9.73E-05,9.73E-05,1.08E-05,1.08E-05,7.10E-06,4.03E-06,4.03E-06,4.40E-06,4.40E-06,3.35E-06,3.16E-06,3.16E-06,2.86E-06,2.86E-06,2.40E-06,2.57E-06,2.57E-06,5.87E-05,5.87E-05,6.45E-06,3.58E-06,3.58E-06,4.48E-06,4.48E-06,3.90E-06,3.70E-06,3.70E-06,2.72E-06,2.72E-06,3.36E-06,3.71E-06,3.71E-06,3.47E-06,3.47E-06,7.59E-05,8.18E-06,8.18E-06,5.88E-06,5.88E-06,3.29E-06,2.16E-06,2.16E-06,2.09E-06,2.09E-06,2.53E-06,2.45E-06,2.45E-06,1.97E-06,1.97E-06,1.57E-06,5.04E-05,5.04E-05,5.64E-06,5.64E-06,3.24E-06,2.89E-06,2.89E-06,2.14E-06,2.14E-06,2.18E-06,1.83E-06,1.83E-06,2.26E-06,2.26E-06,2.19E-06,2.48E-06,2.48E-06,5.80E-05,5.80E-05,9.15E-06,3.34E-06,3.34E-06,3.47E-06,3.47E-06,5.98E-06,3.84E-06,3.84E-06,4.35E-06,4.35E-06,4.60E-06,4.68E-06,4.68E-06,2.46E-06,2.46E-06,6.50E-05,7.03E-06,7.03E-06,4.04E-06,4.04E-06,3.20E-06,2.94E-06,2.94E-06,3.53E-06,3.53E-06,2.18E-06,4.45E-06,4.45E-06,3.33E-06,3.33E-06,3.86E-06,7.34E-05,7.34E-05,7.16E-06,7.16E-06,4.72E-06,3.76E-06,3.76E-06,3.64E-06,3.64E-06,3.44E-06,2.17E-06,2.17E-06,2.71E-06,2.71E-06,2.92E-06,2.19E-06,2.19E-06,7.50E-05,7.50E-05,7.71E-06,5.32E-06,5.32E-06,2.70E-06,2.70E-06,2.78E-06,2.07E-06,2.07E-06,2.17E-06,2.17E-06,1.92E-06,2.14E-06,2.14E-06,2.17E-06,2.17E-06,6.11E-05,8.90E-06,8.90E-06,3.23E-06,3.23E-06,4.07E-06,5.16E-06,5.16E-06,4.43E-06,4.43E-06,7.43E-06,0.000127619,0.000127619,9.27E-05,9.27E-05,0.000157214,0.00085246,0.00085246,0.000185085,0.000185085,4.14E-05,2.60E-05,2.60E-05,6.12E-06,6.12E-06,3.23E-06,3.64E-06,3.64E-06,2.52E-06,2.52E-06,2.37E-06,3.57E-06,3.57E-06,5.37E-05,5.37E-05,5.12E-06,4.58E-06,4.58E-06,3.10E-06,3.10E-06,3.62E-06,2.74E-06,2.74E-06,2.19E-06,2.19E-06,8.06E-06,0.9987029,0.9987029,0.9994253,0.9994253,0.99462646,0.9902941,0.9902941,0.5171825,0.5171825,0.006726205,7.98E-06,7.98E-06,4.00E-05,4.00E-05,0.000134366,0.000111268,0.000111268,7.11E-06,7.11E-06,9.66E-06,0.00036846,0.00036846,8.67E-06,8.67E-06,4.68E-06,3.15E-06,3.15E-06,2.40E-06,2.40E-06,3.44E-06,1
4.84E-06,4.84E-06,7.47E-06,7.47E-06,3.97E-06,2.77E-06,2.77E-06,0.00012449,0.00012449,1.17E-05,5.37E-06,5.37E-06,3.62E-06,3.62E-06,3.84E-06,3.14E-06,3.14E-06,3.71E-06,3.71E-06,3.96E-06,3.30E-06,3.30E-06,2.68E-06,2.68E-06,7.93E-05,8.04E-06,8.04E-06,5.05E-06,5.05E-06,3.24E-06,2.36E-06,2.36E-06,2.77E-06,2.77E-06,3.51E-06,2.38E-06,2.38E-06,1.95E-06,1.95E-06,2.15E-06,5.60E-05,5.60E-05,5.73E-06,5.73E-06,4.15E-06,3.74E-06,3.74E-06,3.34E-06,3.34E-06,3.67E-06,1.66E-05,1.66E-05,2.18E-05,2.18E-05,7.78E-05,0.004217686,0.004217686,0.03257193,0.03257193,0.002239759,0.003414149,0.003414149,0.006276579,0.006276579,0.014238312,0.006381091,0.006381091,0.001179686,0.001179686,0.003190164,0.000734175,0.000734175,0.000353426,0.000353426,0.001109696,0.02939414,0.02939414,0.5020319,0.5020319,0.87377286,0.9638689,0.9638689,0.9973315,0.9973315,0.99740475,0.9964175,0.9964175,0.99429804,0.99429804,0.9886662,0.6703082,0.6703082,0.7361912,0.7361912,0.10244876,0.027188674,0.027188674,3.34E-05,3.34E-05,9.50E-06,2.98E-06,2.98E-06,2.99E-06,2.99E-06,1.53E-06,1.10E-06,1.10E-06,6.09E-05,6.09E-05,8.55E-06,4.47E-06,4.47E-06,3.73E-06,3.73E-06,2.95E-06,5.38E-06,5.38E-06,7.98E-06,7.98E-06,3.79E-06,4.25E-06,4.25E-06,3.22E-06,3.22E-06,7.46E-05,7.47E-06,7.47E-06,4.19E-06,4.19E-06,9.58E-06,9.62E-06,9.62E-06,9.19E-05,9.19E-05,1.60E-05,7.51E-06,7.51E-06,9.37E-06,9.37E-06,5.88E-06,0.000358734,0.000358734,2.98E-05,2.98E-05,8.52E-06,3.63E-06,3.63E-06,7.82E-06,7.82E-06,5.23E-06,7.00E-06,7.00E-06,4.82E-06,4.82E-06,5.00E-06,4.38E-06,4.38E-06,8.49E-05,8.49E-05,9.24E-06,5.54E-06,5.54E-06,4.39E-06,4.39E-06,3.21E-06,3.65E-06,3.65E-06,3.81E-06,3.81E-06,4.38E-06,4.44E-06,4.44E-06,3.19E-06,3.19E-06,5.18E-05,5.69E-06,5.69E-06,3.97E-06,3.97E-06,3.49E-06,2.99E-06,2.99E-06,3.09E-06,3.09E-06,3.16E-06,3.26E-06,3.26E-06,3.39E-06,3.39E-06,4.01E-06,9.72E-05,9.72E-05,1.25E-05,1.25E-05,1.26E-05,2.20E-05,2.20E-05,1.20E-05,1.20E-05,7.08E-06,3.73E-06,3.73E-06,4.10E-06,4.10E-06,3.22E-06,3.10E-06,3.10E-06,7.74E-05,7.74E-05,9.83E-06,5.93E-06,5.93E-06,5.31E-06,5.31E-06,5.07E-06,5.11E-06,5.11E-06,7.02E-06,7.02E-06,6.61E-06,4.13E-06,4.13E-06,4.05E-06,4.05E-06,6.62E-05,1
8.93E-06,8.93E-06,4.98E-06,4.98E-06,4.10E-06,3.86E-06,3.86E-06,2.28E-06,2.28E-06,0.9992663,0.9997489,0.9997489,0.9996321,0.9996321,0.9990946,0.98153895,0.98153895,0.91955024,0.91955024,0.9749727,0.001981565,0.001981565,0.023076361,0.023076361,0.01994043,0.001079417,0.001079417,7.27E-05,7.27E-05,7.29E-06,4.92E-06,4.92E-06,7.30E-05,7.30E-05,7.20E-06,3.74E-06,3.74E-06,2.88E-06,2.88E-06,3.02E-06,2.93E-06,2.93E-06,2.95E-06,2.95E-06,2.42E-06,4.35E-06,4.35E-06,0.9981864,0.9981864,0.997982,0.9979219,0.9979219,0.9937289,0.9937289,0.9871688,0.002855349,0.002855349,1.71E-06,1.71E-06,6.56E-07,6.35E-07,6.35E-07,6.76E-07,6.76E-07,1.87E-06,5.58E-05,5.58E-05,5.32E-06,5.32E-06,3.26E-06,3.27E-06,3.27E-06,3.53E-06,3.53E-06,2.87E-06,3.21E-06,3.21E-06,2.97E-06,2.97E-06,2.16E-06,3.10E-06,3.10E-06,5.58E-05,5.58E-05,7.93E-06,5.20E-06,5.20E-06,3.58E-06,3.58E-06,3.13E-06,2.90E-06,2.90E-06,3.14E-06,3.14E-06,4.14E-06,3.62E-06,3.62E-06,3.32E-06,3.32E-06,0.000308831,0.99846375,0.99846375,0.9980573,0.9980573,0.9954744,0.992516,0.992516,0.9910245,0.9910245,0.9793061,0.30047542,0.30047542,0.02325691,0.02325691,0.012637605,0.73315066,0.73315066,0.020520803,0.020520803,0.000390351,0.5014433,0.5014433,0.3960176,0.3960176,0.033998735,0.011928587,0.011928587,0.28068474,0.28068474,0.124079704,0.002781097,0.002781097,0.010378005,0.010378005,0.000396875,0.008916422,0.008916422,0.000107445,0.000107445,0.014158176,0.001237926,0.001237926,0.024728963,0.024728963,0.00010982,0.22780007,0.22780007,0.5634871,0.5634871,0.001869471,0.002172316,0.002172316,0.6438639,0.6438639,0.99112165,0.99689984,0.99689984,0.99233997,0.99233997,0.990071,0.9921842,0.9921842,0.971283,0.971283,0.979702,0.9858649,0.9858649,0.99217975,0.99217975,0.99562967,0.9931942,0.9931942,0.99178106,0.99178106,0.9837917,0.94574535,0.94574535,0.7962868,0.7962868,0.653268,0.440844,0.440844,0.43141454,0.43141454,0.123584144,0.002859975,0.002859975,0.002770885,0.002770885,0.000268475,0.000131679,0.000131679,1.39E-05,1.39E-05,4.20E-06,6.03E-06,6.03E-06,3.46E-06,3.46E-06,0.000107308,1.33E-05,1.33E-05,5.29E-06,5.29E-06,5.25E-06,4.01E-06,4.01E-06,3.21E-06,3.21E-06,4.68E-06,4.88E-06,4.88E-06,2.44E-06,2.44E-06,2.98E-06,4.90E-05,4.90E-05,5.44E-06,5.44E-06,3.36E-06,2.92E-06,2.92E-06,2.03E-06,2.03E-06,1.83E-06,1
1.39E-06,1.39E-06,1.39E-06,9.25E-07,9.25E-07,8.83E-07,8.83E-07,8.29E-07,8.29E-07,8.32E-07,8.32E-07,7.67E-07,7.67E-07,7.27E-07,7.27E-07,7.48E-07,7.48E-07,6.70E-07,6.70E-07,1.11E-05,1.11E-05,1.13E-06,1.13E-06,7.61E-07,7.61E-07,6.62E-07,6.62E-07,6.62E-07,6.50E-07,6.50E-07,6.66E-07,6.66E-07,5.97E-07,5.97E-07,5.85E-07,5.85E-07,7.06E-07,7.06E-07,5.18E-07,5.18E-07,1.39E-05,1.39E-05,1.31E-06,1.31E-06,7.37E-07,7.37E-07,8.23E-07,8.23E-07,7.87E-07,7.87E-07,8.31E-07,8.31E-07,8.31E-07,1.23E-06,1.23E-06,0.7500439,0.7500439,0.99436766,0.99436766,6.14E-05,6.14E-05,1.54E-05,1.54E-05,1.86E-06,1.86E-06,1.00E-06,1.00E-06,7.04E-07,7.04E-07,6.20E-07,6.20E-07,5.90E-07,5.90E-07,5.41E-07,5.41E-07,6.40E-07,6.40E-07,6.40E-07,6.16E-07,6.16E-07,7.15E-07,7.15E-07,1.06E-05,1.06E-05,1.48E-06,1.48E-06,1.02E-06,1.02E-06,1.00E-06,1.00E-06,8.92E-07,8.92E-07,1.17E-06,1.17E-06,1.18E-06,1.18E-06,1.05E-06,1.05E-06,1.08E-06,1.08E-06,1.28E-06,1.28E-06,1.28E-06,1.25E-05,1.25E-05,2.21E-06,2.21E-06,1.38E-06,1.38E-06,1.26E-06,1.26E-06,1.13E-06,1.13E-06,1.12E-06,1.12E-06,1.06E-06,1.06E-06,1.11E-06,1.11E-06,1.18E-06,1.18E-06,1.22E-06,1.22E-06,1.35E-05,1.35E-05,1.84E-06,1.84E-06,1.84E-06,1.47E-06,1.47E-06,1.40E-06,1.40E-06,1.39E-06,1.39E-06,1.17E-06,1.17E-06,1.33E-06,1.33E-06,0.36006853,0.36006853,0.9935375,0.9935375,0.89088404,0.89088404,7.86E-05,7.86E-05,2.69E-06,2.69E-06,1.31E-06,1.31E-06,1.13E-06,1.13E-06,1.13E-06,1.24E-06,1.24E-06,8.88E-07,8.88E-07,1.02E-06,1.02E-06,1.02E-06,1.02E-06,1.00E-06,1.00E-06,1.12E-06,1.12E-06,1.95E-05,1.95E-05,2.38E-06,2.38E-06,1.60E-06,1.60E-06,1.22E-06,1.22E-06,1.17E-06,1.17E-06,1.03E-06,1.03E-06,1.03E-06,1.14E-06,1.14E-06,9.77E-07,9.77E-07,1.00E-06,1.00E-06,1.78E-06,1.78E-06,0.9714145,0.9714145,0.9576161,0.9576161,1.50E-05,1.50E-05,6.95E-07,6.95E-07,3.77E-07,3.77E-07,3.76E-07,3.76E-07,4.54E-07,4.54E-07,6.35E-07,6.35E-07,6.35E-07,6.78E-07,6.78E-07,7.75E-07,7.75E-07,1.38E-05,1.38E-05,1.94E-06,1.94E-06,1.24E-06,1.24E-06,1.27E-06,1.27E-06,1.24E-06,1.24E-06,1.28E-06,1.28E-06,1.26E-06,1.26E-06,1.28E-06,1.28E-06,1.24E-06,1.24E-06,1
1.16E-06,1.16E-06,1.16E-06,1.32E-05,1.32E-05,1.52E-06,1.52E-06,1.03E-06,1.03E-06,8.70E-07,8.70E-07,8.44E-07,8.44E-07,1.00E-06,1.00E-06,9.99E-07,9.99E-07,8.86E-07,8.86E-07,9.13E-07,9.13E-07,8.44E-07,8.44E-07,1.08E-05,1.08E-05,1.53E-06,1.53E-06,1.53E-06,1.00E-06,1.00E-06,9.13E-07,9.13E-07,8.87E-07,8.87E-07,9.62E-07,9.62E-07,0.9674975,0.9674975,0.995301,0.995301,0.001289106,0.001289106,1.91E-06,1.91E-06,1.55E-05,1.55E-05,1.42E-06,1.42E-06,8.53E-07,8.53E-07,7.87E-07,7.87E-07,7.87E-07,8.08E-07,8.08E-07,8.04E-07,8.04E-07,8.32E-07,8.32E-07,8.30E-07,8.30E-07,8.24E-07,8.24E-07,9.66E-07,9.66E-07,1.35E-05,1.35E-05,1.45E-06,1.45E-06,8.55E-07,8.55E-07,7.62E-07,7.62E-07,7.36E-07,7.36E-07,9.92E-07,9.92E-07,9.92E-07,1.12E-06,1.12E-06,1.06E-06,1.06E-06,1.03E-06,1.03E-06,9.88E-07,9.88E-07,1.28E-05,1.28E-05,1.77E-06,1.77E-06,1.12E-06,1.12E-06,1.00E-06,1.00E-06,9.65E-07,9.65E-07,8.94E-07,8.94E-07,9.55E-07,9.55E-07,9.88E-07,9.88E-07,9.88E-07,1.11E-06,1.11E-06,9.67E-07,9.67E-07,1.30E-05,1.30E-05,1.89E-06,1.89E-06,1.30E-06,1.30E-06,1.07E-06,1.07E-06,1.10E-06,1.10E-06,1.01E-06,1.01E-06,8.86E-07,8.86E-07,8.17E-07,8.17E-07,8.90E-07,8.90E-07,9.34E-07,9.34E-07,9.34E-07,1.41E-05,1.41E-05,1.81E-06,1.81E-06,1.25E-06,1.25E-06,1.10E-06,1.10E-06,9.86E-07,9.86E-07,9.92E-07,9.92E-07,9.11E-07,9.11E-07,8.99E-07,8.99E-07,8.49E-07,8.49E-07,9.34E-07,9.34E-07,1.50E-05,1.50E-05,2.06E-06,2.06E-06,2.06E-06,1.37E-06,1.37E-06,1.20E-06,1.20E-06,9.93E-07,9.93E-07,9.76E-07,9.76E-07,9.03E-07,9.03E-07,9.90E-07,9.90E-07,1.00E-06,1.00E-06,1.02E-06,1.02E-06,1.18E-05,1.18E-05,1.41E-06,1.41E-06,1.01E-06,1.01E-06,9.04E-07,9.04E-07,9.04E-07,8.68E-07,8.68E-07,0.000996142,0.000996142,0.9556192,0.9556192,0.6064724,0.6064724,7.26E-06,7.26E-06,9.36E-07,9.36E-07,1.92E-05,1.92E-05,1.90E-06,1.90E-06,1.15E-06,1.15E-06,9.57E-07,9.57E-07,9.47E-07,9.47E-07,8.87E-07,8.87E-07,8.87E-07,9.77E-07,9.77E-07,1.02E-06,1.02E-06,9.54E-07,9.54E-07,9.78E-07,9.78E-07,1.54E-05,1.54E-05,1.83E-06,1.83E-06,1.03E-06,1.03E-06,8.10E-07,8.10E-07,7.42E-07,7.42E-07,7.17E-07,7.17E-07,6.69E-07,6.69E-07,1
6.73E-07,6.73E-07,6.73E-07,7.23E-07,7.23E-07,6.93E-07,6.93E-07,1.06E-05,1.06E-05,1.20E-06,1.20E-06,8.14E-07,8.14E-07,6.67E-07,6.67E-07,6.64E-07,6.64E-07,6.63E-07,6.63E-07,6.69E-07,6.69E-07,7.17E-07,7.17E-07,6.86E-07,6.86E-07,7.22E-07,7.22E-07,7.22E-07,1.13E-05,1.13E-05,1.27E-06,1.27E-06,7.88E-07,7.88E-07,6.51E-07,6.51E-07,6.44E-07,6.44E-07,5.87E-07,5.87E-07,6.02E-07,6.02E-07,6.35E-07,6.35E-07,6.46E-07,6.46E-07,6.35E-07,6.35E-07,1.12E-05,1.12E-05,1.29E-06,1.29E-06,1.29E-06,7.83E-07,7.83E-07,6.75E-07,6.75E-07,6.56E-07,6.56E-07,6.81E-07,6.81E-07,7.58E-07,7.58E-07,0.9248063,0.9248063,0.99019885,0.99019885,0.9673196,0.9673196,0.000185297,0.000185297,4.39E-06,4.39E-06,1.56E-06,1.56E-06,1.08E-06,1.08E-06,1.08E-06,1.05E-06,1.05E-06,8.36E-07,8.36E-07,8.07E-07,8.07E-07,8.30E-07,8.30E-07,9.14E-07,9.14E-07,8.49E-07,8.49E-07,1.30E-05,1.30E-05,1.57E-06,1.57E-06,1.06E-06,1.06E-06,9.29E-07,9.29E-07,9.08E-07,9.08E-07,9.07E-07,9.07E-07,9.07E-07,8.41E-07,8.41E-07,8.09E-07,8.09E-07,8.11E-07,8.11E-07,8.37E-07,8.37E-07,1.13E-05,1.13E-05,1.42E-06,1.42E-06,9.60E-07,9.60E-07,9.46E-07,9.46E-07,9.22E-07,9.22E-07,9.03E-07,9.03E-07,1.48E-06,1.48E-06,0.8954049,0.8954049,0.8954049,0.9905019,0.9905019,0.002341405,0.002341405,3.50E-05,3.50E-05,1.99E-06,1.99E-06,1.23E-06,1.23E-06,8.53E-07,8.53E-07,7.02E-07,7.02E-07,7.64E-07,7.64E-07,7.43E-07,7.43E-07,7.22E-07,7.22E-07,6.99E-07,6.99E-07,7.08E-07,7.08E-07,7.08E-07,1.10E-05,1.10E-05,1.32E-06,1.32E-06,8.58E-07,8.58E-07,7.65E-07,7.65E-07,7.52E-07,7.52E-07,8.95E-07,8.95E-07,8.67E-07,8.67E-07,8.70E-07,8.70E-07,8.93E-07,8.93E-07,9.06E-07,9.06E-07,1.30E-05,1.30E-05,1.65E-06,1.65E-06,1.65E-06,1.04E-06,1.04E-06,9.49E-07,9.49E-07,8.93E-07,8.93E-07,8.45E-07,8.45E-07,0.66519064,0.66519064,0.98153573,0.98153573,0.000292803,0.000292803,2.03E-06,2.03E-06,2.02E-05,2.02E-05,1.92E-06,1.92E-06,9.38E-07,9.38E-07,8.51E-07,8.51E-07,8.51E-07,8.70E-07,8.70E-07,8.35E-07,8.35E-07,7.75E-07,7.75E-07,7.75E-07,7.75E-07,7.40E-07,7.40E-07,7.16E-07,7.16E-07,1.06E-05,1.06E-05,1.60E-06,1.60E-06,9.68E-07,9.68E-07,8.57E-07,8.57E-07,8.59E-07,8.59E-07,1
8.11E-07,8.11E-07,8.11E-07,7.94E-07,7.94E-07,8.42E-07,8.42E-07,8.70E-07,8.70E-07,8.61E-07,8.61E-07,1.12E-05,1.12E-05,1.39E-06,1.39E-06,8.27E-07,8.27E-07,7.74E-07,7.74E-07,7.88E-07,7.88E-07,8.01E-07,8.01E-07,9.09E-07,9.09E-07,9.70E-07,9.70E-07,9.70E-07,9.67E-07,9.67E-07,9.39E-07,9.39E-07,1.30E-05,1.30E-05,1.53E-06,1.53E-06,9.31E-07,9.31E-07,8.03E-07,8.03E-07,7.82E-07,7.82E-07,7.31E-07,7.31E-07,7.25E-07,7.25E-07,7.28E-07,7.28E-07,6.93E-07,6.93E-07,7.38E-07,7.38E-07,7.38E-07,1.07E-05,1.07E-05,1.37E-06,1.37E-06,9.11E-07,9.11E-07,8.55E-07,8.55E-07,8.10E-05,8.10E-05,0.8804766,0.8804766,0.000190799,0.000190799,1.56E-06,1.56E-06,1.12E-06,1.12E-06,7.49E-07,7.49E-07,1.64E-05,1.64E-05,2.05E-06,2.05E-06,2.05E-06,1.37E-06,1.37E-06,1.14E-06,1.14E-06,1.06E-06,1.06E-06,1.03E-06,1.03E-06,9.75E-07,9.75E-07,9.48E-07,9.48E-07,9.37E-07,9.37E-07,9.46E-07,9.46E-07,1.40E-05,1.40E-05,1.87E-06,1.87E-06,1.15E-06,1.15E-06,1.00E-06,1.00E-06,1.00E-06,9.72E-07,9.72E-07,9.47E-07,9.47E-07,9.22E-07,9.22E-07,8.98E-07,8.98E-07,8.71E-07,8.71E-07,8.34E-07,8.34E-07,1.17E-05,1.17E-05,1.48E-06,1.48E-06,1.00E-06,1.00E-06,9.47E-07,9.47E-07,9.23E-07,9.23E-07,8.65E-07,8.65E-07,8.65E-07,9.63E-07,9.63E-07,9.73E-07,9.73E-07,1.67E-06,1.67E-06,0.83174175,0.83174175,0.962905,0.962905,0.000309829,0.000309829,1.93E-06,1.93E-06,1.00E-06,1.00E-06,5.72E-07,5.72E-07,5.26E-07,5.26E-07,5.75E-07,5.75E-07,6.41E-07,6.41E-07,6.41E-07,6.55E-07,6.55E-07,7.35E-07,7.35E-07,1.32E-05,1.32E-05,1.53E-06,1.53E-06,9.35E-07,9.35E-07,8.69E-07,8.69E-07,8.15E-07,8.15E-07,8.21E-07,8.21E-07,8.98E-07,8.98E-07,8.91E-07,8.91E-07,8.22E-07,8.22E-07,8.29E-07,8.29E-07,8.29E-07,1.03E-05,1.03E-05,1.34E-06,1.34E-06,8.64E-07,8.64E-07,8.66E-07,8.66E-07,9.09E-07,9.09E-07,9.17E-07,9.17E-07,9.03E-07,9.03E-07,9.12E-07,9.12E-07,8.95E-07,8.95E-07,8.91E-07,8.91E-07,1.11E-05,1.11E-05,1.66E-06,1.66E-06,1.66E-06,1.12E-06,1.12E-06,9.99E-07,9.99E-07,9.98E-07,9.98E-07,9.93E-07,9.93E-07,1.01E-06,1.01E-06,1.02E-06,1.02E-06,1.01E-06,1.01E-06,1.10E-06,1.10E-06,1.00E-05,1.00E-05,1.69E-06,1.69E-06,1.24E-06,1.24E-06,1
1.29E-06,1.29E-06,1.29E-06,1.33E-06,1.33E-06,1.28E-06,1.28E-06,1.22E-06,1.22E-06,1.29E-06,1.29E-06,1.29E-06,1.29E-06,1.34E-06,1.34E-06,1.13E-05,1.13E-05,1.51E-06,1.51E-06,9.71E-07,9.71E-07,8.77E-07,8.77E-07,9.38E-07,9.38E-07,9.52E-07,9.52E-07,9.52E-07,9.71E-07,9.71E-07,9.75E-07,9.75E-07,9.53E-07,9.53E-07,9.81E-07,9.81E-07,1.09E-05,1.09E-05,1.19E-06,1.19E-06,7.87E-07,7.87E-07,7.61E-07,7.61E-07,7.98E-07,7.98E-07,8.58E-07,8.58E-07,8.89E-07,8.89E-07,8.91E-07,8.91E-07,8.91E-07,8.61E-07,8.61E-07,9.61E-07,9.61E-07,1.28E-05,1.28E-05,1.59E-06,1.59E-06,1.02E-06,1.02E-06,9.63E-07,9.63E-07,9.77E-07,9.77E-07,1.06E-06,1.06E-06,1.12E-06,1.12E-06,1.09E-06,1.09E-06,2.54E-05,2.54E-05,0.96425027,0.96425027,0.96425027,0.08583738,0.08583738,2.46E-05,2.46E-05,1.83E-06,1.83E-06,1.01E-06,1.01E-06,7.57E-07,7.57E-07,7.04E-07,7.04E-07,7.18E-07,7.18E-07,8.01E-07,8.01E-07,8.67E-07,8.67E-07,9.61E-07,9.61E-07,1.27E-05,1.27E-05,1.61E-06,1.61E-06,1.61E-06,1.08E-06,1.08E-06,9.79E-07,9.79E-07,1.03E-06,1.03E-06,1.03E-06,1.03E-06,1.12E-06,1.12E-06,1.08E-06,1.08E-06,1.12E-06,1.12E-06,1.09E-06,1.09E-06,1.13E-05,1.13E-05,1.47E-06,1.47E-06,1.08E-06,1.08E-06,1.03E-06,1.03E-06,1.03E-06,1.03E-06,1.03E-06,9.96E-07,9.96E-07,1.09E-06,1.09E-06,1.11E-06,1.11E-06,1.11E-06,1.11E-06,1.20E-06,1.20E-06,1.19E-05,1.19E-05,1.21E-06,1.21E-06,8.66E-07,8.66E-07,8.44E-07,8.44E-07,9.04E-07,9.04E-07,9.14E-07,9.14E-07,9.14E-07,9.49E-07,9.49E-07,1.06E-06,1.06E-06,1.11E-06,1.11E-06,1.24E-06,1.24E-06,1.06E-05,1.06E-05,1.28E-06,1.28E-06,9.23E-07,9.23E-07,8.55E-07,8.55E-07,8.03E-07,8.03E-07,9.07E-07,9.07E-07,9.86E-07,9.86E-07,1.08E-06,1.08E-06,1.08E-06,1.17E-06,1.17E-06,1.15E-06,1.15E-06,1.21E-05,1.21E-05,1.45E-06,1.45E-06,8.77E-07,8.77E-07,8.40E-07,8.40E-07,9.06E-07,9.06E-07,1.00E-06,1.00E-06,1.06E-06,1.06E-06,1.19E-06,1.19E-06,1.19E-06,1.19E-06,1.19E-06,1.19E-06,1.19E-06,1.10E-05,1.10E-05,1.74E-06,1.74E-06,1.00E-06,1.00E-06,8.95E-07,8.95E-07,9.07E-07,9.07E-07,9.21E-07,9.21E-07,9.25E-07,9.25E-07,1.02E-06,1.02E-06,1.25E-06,1.25E-06,1.16E-06,1.16E-06,1.56E-05,1.56E-05,1
1.51E-06,1.51E-06,1.51E-06,1.18E-06,1.18E-06,1.05E-06,1.05E-06,1.06E-06,1.06E-06,1.22E-06,1.22E-06,1.31E-06,1.31E-06,1.19E-06,1.19E-06,1.16E-06,1.16E-06,1.06E-06,1.06E-06,1.13E-05,1.13E-05,1.31E-06,1.31E-06,8.09E-07,8.09E-07,8.18E-07,8.18E-07,8.18E-07,8.90E-07,8.90E-07,8.93E-07,8.93E-07,9.43E-07,9.43E-07,9.68E-07,9.68E-07,9.48E-07,9.48E-07,9.62E-07,9.62E-07,1.04E-05,1.04E-05,1.17E-06,1.17E-06,7.98E-07,7.98E-07,7.49E-07,7.49E-07,7.77E-07,7.77E-07,8.18E-07,8.18E-07,8.18E-07,7.73E-07,7.73E-07,7.99E-07,7.99E-07,9.03E-07,9.03E-07,8.72E-07,8.72E-07,1.19E-05,1.19E-05,1.37E-06,1.37E-06,9.22E-07,9.22E-07,0.801136,0.801136,0.993323,0.993323,0.9783115,0.9783115,0.002563403,0.002563403,2.70E-06,2.70E-06,2.70E-06,7.94E-07,7.94E-07,6.12E-07,6.12E-07,1.46E-05,1.46E-05,1.85E-06,1.85E-06,1.47E-06,1.47E-06,8.74E-07,8.74E-07,8.95E-07,8.95E-07,7.83E-07,7.83E-07,8.38E-07,8.38E-07,8.69E-07,8.69E-07,7.94E-07,7.94E-07,7.81E-07,7.81E-07,7.81E-07,1.25E-05,1.25E-05,1.72E-06,1.72E-06,9.82E-07,9.82E-07,8.42E-07,8.42E-07,7.89E-07,7.89E-07,7.85E-07,7.85E-07,7.62E-07,7.62E-07,7.07E-07,7.07E-07,7.08E-07,7.08E-07,7.22E-07,7.22E-07,1.18E-05,1.18E-05,1.62E-06,1.62E-06,1.62E-06,1.01E-06,1.01E-06,9.18E-07,9.18E-07,8.65E-07,8.65E-07,9.10E-07,9.10E-07,9.89E-07,9.89E-07,9.54E-07,9.54E-07,8.86E-07,8.86E-07,9.15E-07,9.15E-07,1.22E-05,1.22E-05,1.41E-06,1.41E-06,1.00E-06,1.00E-06,9.17E-07,9.17E-07,9.17E-07,8.69E-07,8.69E-07,8.43E-07,8.43E-07,8.78E-07,8.78E-07,8.53E-07,8.53E-07,9.67E-07,9.67E-07,9.80E-07,9.80E-07,1.29E-05,1.29E-05,1.93E-06,1.93E-06,1.31E-06,1.31E-06,1.22E-06,1.22E-06,1.16E-06,1.16E-06,1.16E-06,1.16E-06,1.16E-06,1.15E-06,1.15E-06,1.15E-06,1.15E-06,1.27E-06,1.27E-06,1.50E-06,1.50E-06,1.39E-05,1.39E-05,1.72E-06,1.72E-06,1.13E-06,1.13E-06,1.15E-06,1.15E-06,1.10E-06,1.10E-06,1.37E-06,1.37E-06,1.11E-06,1.11E-06,1.21E-06,1.21E-06,1.21E-06,1.15E-06,1.15E-06,1.23E-06,1.23E-06,1.90E-05,1.90E-05,2.03E-06,2.03E-06,1.20E-06,1.20E-06,1.03E-06,1.03E-06,9.81E-07,9.81E-07,9.54E-07,9.54E-07,8.80E-07,8.80E-07,8.19E-07,8.19E-07,7.54E-07,7.54E-07,1
8.61E-07,8.61E-07,8.61E-07,1.59E-05,1.59E-05,1.66E-06,1.66E-06,8.86E-07,8.86E-07,8.41E-07,8.41E-07,8.13E-07,8.13E-07,8.16E-07,8.16E-07,7.36E-07,7.36E-07,6.83E-07,6.83E-07,6.93E-07,6.93E-07,7.15E-07,7.15E-07,1.31E-05,1.31E-05,1.49E-06,1.49E-06,1.49E-06,8.38E-07,8.38E-07,8.52E-07,8.52E-07,8.00E-07,8.00E-07,8.27E-07,8.27E-07,8.56E-07,8.56E-07,7.61E-07,7.61E-07,0.093158506,0.093158506,0.98852485,0.98852485,0.011847325,0.011847325,1.07E-05,1.07E-05,1.62E-06,1.62E-06,1.05E-06,1.05E-06,1.05E-06,9.81E-07,9.81E-07,8.92E-07,8.92E-07,8.81E-07,8.81E-07,9.33E-07,9.33E-07,8.59E-07,8.59E-07,1.03E-06,1.03E-06,1.54E-05,1.54E-05,1.87E-06,1.87E-06,1.19E-06,1.19E-06,1.13E-06,1.13E-06,9.28E-07,9.28E-07,9.04E-07,9.04E-07,9.04E-07,9.43E-07,9.43E-07,9.99E-07,9.99E-07,9.66E-07,9.66E-07,1.06E-06,1.06E-06,1.31E-05,1.31E-05,2.00E-06,2.00E-06,1.14E-06,1.14E-06,9.80E-07,9.80E-07,1.01E-06,1.01E-06,9.96E-07,9.96E-07,1.06E-06,1.06E-06,1.07E-06,1.07E-06,1.07E-06,1.14E-06,1.14E-06,1.16E-06,1.16E-06,1.27E-05,1.27E-05,1.53E-06,1.53E-06,1.05E-06,1.05E-06,8.59E-07,8.59E-07,7.70E-07,7.70E-07,8.15E-07,8.15E-07,7.78E-07,7.78E-07,8.47E-07,8.47E-07,0.84954554,0.84954554,0.9866542,0.9866542,0.9866542,0.9462393,0.9462393,0.335069,0.335069,1.40E-05,1.40E-05,1.01E-06,1.01E-06,8.12E-07,8.12E-07,6.34E-07,6.34E-07,7.00E-07,7.00E-07,7.56E-07,7.56E-07,7.48E-07,7.48E-07,7.69E-07,7.69E-07,1.35E-05,1.35E-05,1.73E-06,1.73E-06,1.73E-06,1.03E-06,1.03E-06,8.85E-07,8.85E-07,8.79E-07,8.79E-07,9.64E-07,9.64E-07,1.04E-06,1.04E-06,1.06E-06,1.06E-06,9.95E-07,9.95E-07,9.79E-07,9.79E-07,1.20E-05,1.20E-05,1.54E-06,1.54E-06,1.08E-06,1.08E-06,9.51E-07,9.51E-07,9.51E-07,9.64E-07,9.64E-07,1.00E-06,1.00E-06,1.03E-06,1.03E-06,9.71E-07,9.71E-07,1.06E-06,1.06E-06,1.08E-06,1.08E-06,1.26E-05,1.26E-05,1.69E-06,1.69E-06,1.06E-06,1.06E-06,1.03E-06,1.03E-06,9.71E-07,9.71E-07,8.93E-07,8.93E-07,8.93E-07,9.96E-07,9.96E-07,9.63E-07,9.63E-07,9.73E-07,9.73E-07,1.00E-06,1.00E-06,1.27E-05,1.27E-05,1.64E-06,1.64E-06,1.14E-06,1.14E-06,1.04E-06,1.04E-06,9.88E-07,9.88E-07,1.05E-06,1.05E-06,1.06E-06,1.06E-06,1
1.03E-06,1.03E-06,1.03E-06,1.01E-06,1.01E-06,1.11E-06,1.11E-06,1.33E-05,1.33E-05,1.66E-06,1.66E-06,1.17E-06,1.17E-06,1.10E-06,1.10E-06,1.03E-06,1.03E-06,1.55E-06,1.55E-06,0.9512441,0.9512441,0.98742074,0.98742074,0.94421905,0.94421905,0.000290256,0.000290256,0.000290256,4.77E-05,4.77E-05,2.77E-06,2.77E-06,9.18E-07,9.18E-07,7.73E-07,7.73E-07,8.22E-07,8.22E-07,7.79E-07,7.79E-07,7.66E-07,7.66E-07,7.55E-07,7.55E-07,6.49E-07,6.49E-07,6.30E-07,6.30E-07,1.12E-05,1.12E-05,1.53E-06,1.53E-06,1.53E-06,9.99E-07,9.99E-07,9.88E-07,9.88E-07,9.52E-07,9.52E-07,9.80E-07,9.80E-07,1.01E-06,1.01E-06,1.06E-06,1.06E-06,1.11E-06,1.11E-06,1.09E-06,1.09E-06,1.18E-05,1.18E-05,1.60E-06,1.60E-06,1.10E-06,1.10E-06,9.24E-07,9.24E-07,9.24E-07,9.16E-07,9.16E-07,9.68E-07,9.68E-07,1.02E-06,1.02E-06,1.03E-06,1.03E-06,1.09E-06,1.09E-06,1.22E-06,1.22E-06,1.23E-05,1.23E-05,1.50E-06,1.50E-06,1.10E-06,1.10E-06,1.03E-06,1.03E-06,9.96E-07,9.96E-07,9.24E-07,9.24E-07,9.24E-07,1.02E-06,1.02E-06,9.74E-07,9.74E-07,9.76E-07,9.76E-07,1.06E-06,1.06E-06,1.33E-05,1.33E-05,1.83E-06,1.83E-06,1.24E-06,1.24E-06,1.16E-06,1.16E-06,1.03E-06,1.03E-06,1.21E-06,1.21E-06,1.13E-06,1.13E-06,1.17E-06,1.17E-06,1.17E-06,1.04E-06,1.04E-06,1.08E-06,1.08E-06,1.11E-05,1.11E-05,1.38E-06,1.38E-06,1.07E-06,1.07E-06,9.68E-07,9.68E-07,9.45E-07,9.45E-07,1.05E-06,1.05E-06,1.02E-06,1.02E-06,1.22E-06,1.22E-06,1.12E-06,1.12E-06,1.26E-06,1.26E-06,1.26E-06,1.35E-05,1.35E-05,1.67E-06,1.67E-06,1.12E-06,1.12E-06,1.02E-06,1.02E-06,9.27E-07,9.27E-07,9.02E-07,9.02E-07,9.25E-07,9.25E-07,1.04E-06,1.04E-06,1.18E-06,1.18E-06,1.21E-06,1.21E-06,1.31E-05,1.31E-05,1.65E-06,1.65E-06,1.65E-06,1.12E-06,1.12E-06,1.01E-06,1.01E-06,9.81E-07,9.81E-07,1.01E-06,1.01E-06,1.03E-06,1.03E-06,1.26E-06,1.26E-06,1.29E-06,1.29E-06,1.25E-06,1.25E-06,1.17E-05,1.17E-05,1.58E-06,1.58E-06,8.70E-07,8.70E-07,7.57E-07,7.57E-07,7.57E-07,8.02E-07,8.02E-07,7.51E-07,7.51E-07,7.76E-07,7.76E-07,8.34E-07,8.34E-07,8.35E-07,8.35E-07,8.03E-07,8.03E-07,1.26E-05,1.26E-05,1.29E-06,1.29E-06,8.38E-07,8.38E-07,6.78E-07,6.78E-07,6.78E-07,6.78E-07,1
7.07E-07,7.07E-07,7.07E-07,6.66E-07,6.66E-07,6.76E-07,6.76E-07,6.51E-07,6.51E-07,7.15E-07,7.15E-07,1.26E-05,1.26E-05,1.44E-06,1.44E-06,1.01E-06,1.01E-06,8.23E-07,8.23E-07,7.84E-07,7.84E-07,7.95E-07,7.95E-07,7.96E-07,7.96E-07,7.74E-07,7.74E-07,7.74E-07,8.46E-07,8.46E-07,7.71E-07,7.71E-07,1.22E-05,1.22E-05,1.52E-06,1.52E-06,1.09E-06,1.09E-06,7.82E-07,7.82E-07,6.69E-07,6.69E-07,7.04E-07,7.04E-07,7.86E-07,7.86E-07,7.41E-07,7.41E-07,8.70E-07,8.70E-07,8.53E-07,8.53E-07,8.53E-07,1.43E-05,1.43E-05,1.82E-06,1.82E-06,9.39E-07,9.39E-07,8.75E-07,8.75E-07,8.23E-07,8.23E-07,8.76E-07,8.76E-07,8.51E-07,8.51E-07,7.51E-07,7.51E-07,7.52E-07,7.52E-07,7.39E-07,7.39E-07,1.18E-05,1.18E-05,1.37E-06,1.37E-06,1.37E-06,7.37E-07,7.37E-07,6.68E-07,6.68E-07,6.84E-07,6.84E-07,7.45E-07,7.45E-07,7.22E-07,7.22E-07,8.27E-07,8.27E-07,7.04E-07,7.04E-07,7.83E-07,7.83E-07,1.25E-05,1.25E-05,1.57E-06,1.57E-06,8.66E-07,8.66E-07,8.37E-07,8.37E-07,8.37E-07,7.93E-07,7.93E-07,8.07E-07,8.07E-07,8.20E-07,8.20E-07,7.55E-07,7.55E-07,8.08E-07,8.08E-07,8.36E-07,8.36E-07,1.13E-05,1.13E-05,1.23E-06,1.23E-06,7.53E-07,7.53E-07,6.69E-07,6.69E-07,6.45E-07,6.45E-07,5.49E-07,5.49E-07,5.49E-07,5.47E-07,5.47E-07,5.22E-07,5.22E-07,4.79E-07,4.79E-07,5.15E-07,5.15E-07,1.09E-05,1.09E-05,1.39E-06,1.39E-06,8.47E-07,8.47E-07,7.94E-07,7.94E-07,7.07E-07,7.07E-07,7.46E-07,7.46E-07,7.41E-07,7.41E-07,5.76E-07,5.76E-07,5.76E-07,5.78E-07,5.78E-07,6.86E-07,6.86E-07,1.30E-05,1.30E-05,1.46E-06,1.46E-06,9.54E-07,9.54E-07,8.23E-07,8.23E-07,7.47E-07,7.47E-07,8.44E-07,8.44E-07,8.64E-07,8.64E-07,8.16E-07,8.16E-07,8.86E-07,8.86E-07,8.15E-07,8.15E-07,8.15E-07,1.06E-05,1.06E-05,1.48E-06,1.48E-06,9.85E-07,9.85E-07,1.01E-06,1.01E-06,9.64E-07,9.64E-07,8.30E-07,8.30E-07,6.85E-07,6.85E-07,7.63E-07,7.63E-07,7.85E-07,7.85E-07,7.77E-07,7.77E-07,1.35E-05,1.35E-05,1.52E-06,1.52E-06,1.52E-06,9.06E-07,9.06E-07,8.29E-07,8.29E-07,9.03E-07,9.03E-07,9.65E-07,9.65E-07,8.87E-07,8.87E-07,7.82E-07,7.82E-07,8.60E-07,8.60E-07,8.77E-07,8.77E-07,1.11E-05,1.11E-05,1.28E-06,1.28E-06,8.03E-07,8.03E-07,1
4.13E-06,4.13E-06,3.36E-06,3.36E-06,2.76E-06,1.98E-06,1.98E-06,1.95E-06,1.95E-06,2.25E-06,2.14E-06,2.14E-06,2.34E-06,2.34E-06,2.45E-06,2.53E-05,2.53E-05,8.81E-06,8.81E-06,5.13E-06,5.35E-06,5.35E-06,1.16E-05,1.16E-05,8.98E-05,0.000319423,0.000319423,4.24E-05,4.24E-05,2.98E-05,1.09E-05,1.09E-05,6.84E-05,6.84E-05,5.40E-06,3.54E-06,3.54E-06,2.50E-06,2.50E-06,2.54E-06,1.55E-06,1.55E-06,2.35E-06,2.35E-06,2.06E-06,1.99E-06,1.99E-06,2.50E-06,2.50E-06,3.17E-05,3.62E-06,3.62E-06,2.22E-06,2.22E-06,1.68E-06,2.07E-06,2.07E-06,1.78E-06,1.78E-06,1.26E-06,1.80E-06,1.80E-06,2.34E-06,2.34E-06,1.63E-06,3.33E-05,3.33E-05,4.05E-06,4.05E-06,2.59E-06,1.93E-06,1.93E-06,1.88E-06,1.88E-06,1.93E-06,2.00E-06,2.00E-06,1.90E-06,1.90E-06,1.88E-06,2.36E-06,2.36E-06,2.34E-05,2.34E-05,5.00E-06,4.23E-06,4.23E-06,3.73E-06,3.73E-06,2.90E-06,3.61E-06,3.61E-06,3.03E-06,3.03E-06,2.45E-06,2.38E-06,2.38E-06,2.13E-06,2.13E-06,3.46E-05,5.37E-06,5.37E-06,3.81E-06,3.81E-06,3.82E-06,3.21E-06,3.21E-06,4.36E-06,4.36E-06,3.91E-06,4.39E-06,4.39E-06,5.47E-06,5.47E-06,3.53E-06,4.22E-05,4.22E-05,6.08E-06,6.08E-06,6.67E-06,5.91E-06,5.91E-06,5.46E-06,5.46E-06,4.30E-06,5.82E-06,5.82E-06,5.55E-06,5.55E-06,2.98E-06,3.23E-06,3.23E-06,4.04E-05,4.04E-05,3.59E-06,3.13E-06,3.13E-06,3.12E-06,3.12E-06,3.02E-06,2.83E-06,2.83E-06,3.55E-06,3.55E-06,2.09E-06,1.93E-06,1.93E-06,2.23E-06,2.23E-06,2.07E-05,2.61E-06,2.61E-06,2.12E-06,2.12E-06,2.13E-06,2.01E-06,2.01E-06,2.10E-06,2.10E-06,1.79E-06,1.87E-06,1.87E-06,1.78E-06,1.78E-06,1.73E-06,2.40E-05,2.40E-05,3.11E-06,3.11E-06,3.56E-06,3.80E-06,3.80E-06,2.37E-06,2.37E-06,2.42E-06,2.00E-06,2.00E-06,1.66E-06,1.66E-06,2.30E-06,2.39E-06,2.39E-06,4.44E-05,4.44E-05,4.50E-06,4.05E-06,4.05E-06,2.11E-06,2.11E-06,4.59E-06,3.86E-06,3.86E-06,4.88E-06,4.88E-06,8.57E-06,6.21E-06,6.21E-06,1.46E-05,1.46E-05,2.89E-05,3.06E-06,3.06E-06,1.81E-06,1.81E-06,1.47E-06,1.88E-06,1.88E-06,1.50E-06,1.50E-06,1.57E-06,1.39E-06,1.39E-06,2.43E-06,2.43E-06,2.27E-06,2.53E-05,2.53E-05,4.70E-06,4.70E-06,3.44E-06,3.31E-06,3.31E-06,4.03E-06,4.03E-06,3.60E-06,1
3.49E-06,3.49E-06,2.93E-06,2.93E-06,5.41E-06,6.05E-06,6.05E-06,3.55E-05,3.55E-05,5.28E-06,2.87E-06,2.87E-06,2.94E-06,2.94E-06,1.71E-06,1.66E-06,1.66E-06,1.49E-06,1.49E-06,2.17E-06,1.84E-06,1.84E-06,2.74E-06,2.74E-06,2.86E-05,5.77E-06,5.77E-06,1.44E-05,1.44E-05,2.02E-05,0.000156168,0.000156168,7.69E-05,7.69E-05,1.68E-05,1.55E-05,1.55E-05,4.39E-06,4.39E-06,8.98E-06,0.005483043,0.005483043,0.0030586,0.0030586,0.81394464,0.91832554,0.91832554,0.93366176,0.93366176,0.7151453,0.29454237,0.29454237,0.3403953,0.3403953,0.24859473,0.31057343,0.31057343,0.8779808,0.8779808,0.9458983,0.002362921,0.002362921,0.00090415,0.00090415,2.30E-06,2.01E-06,2.01E-06,1.01E-06,1.01E-06,1.43E-06,1.34E-06,1.34E-06,1.36E-06,1.36E-06,2.89E-05,3.99E-06,3.99E-06,4.05E-06,4.05E-06,2.63E-06,2.85E-06,2.85E-06,3.02E-06,3.02E-06,4.35E-06,4.69E-06,4.69E-06,4.03E-06,4.03E-06,5.53E-06,3.32E-05,3.32E-05,5.05E-06,5.05E-06,4.15E-06,5.27E-06,5.27E-06,5.44E-06,5.44E-06,9.41E-06,1.68E-05,1.68E-05,2.15E-05,2.15E-05,8.96E-06,2.40E-05,2.40E-05,7.04E-05,7.04E-05,8.26E-06,5.44E-06,5.44E-06,4.04E-06,4.04E-06,4.53E-06,4.11E-06,4.11E-06,4.92E-06,4.92E-06,3.48E-06,4.05E-06,4.05E-06,4.17E-06,4.17E-06,4.17E-05,7.12E-06,7.12E-06,5.50E-06,5.50E-06,1.06E-05,0.000158527,0.000158527,0.00019767,0.00019767,1.93E-05,2.17E-05,2.17E-05,1.31E-05,1.31E-05,1.59E-05,3.30E-05,3.30E-05,7.81E-06,7.81E-06,6.42E-06,8.46E-06,8.46E-06,6.83E-06,6.83E-06,8.64E-06,1.25E-05,1.25E-05,1.21E-05,1.21E-05,0.003045751,0.008528544,0.008528544,0.93480945,0.93480945,0.5678742,0.000246267,0.000246267,8.28E-05,8.28E-05,2.10E-06,1.95E-06,1.95E-06,1.81E-06,1.81E-06,2.54E-06,3.51E-06,3.51E-06,2.81E-06,2.81E-06,6.14E-05,9.18E-06,9.18E-06,4.20E-06,4.20E-06,4.65E-06,3.24E-06,3.24E-06,2.91E-06,2.91E-06,3.67E-06,4.35E-06,4.35E-06,4.28E-06,4.28E-06,4.01E-06,3.84E-05,3.84E-05,4.28E-06,4.28E-06,2.39E-06,2.51E-06,2.51E-06,3.54E-06,3.54E-06,2.47E-06,2.64E-06,2.64E-06,3.64E-06,3.64E-06,2.75E-06,3.19E-06,3.19E-06,3.53E-05,3.53E-05,4.37E-06,3.93E-06,3.93E-06,3.19E-06,3.19E-06,3.94E-06,3.33E-06,3.33E-06,3.19E-06,3.19E-06,3.81E-06,3.43E-06,3.43E-06,2.95E-06,2.95E-06,5.00E-05,1
9.71E-05,9.71E-05,1.05E-05,1.05E-05,0.000156834,0.000156834,1.30E-05,1.30E-05,9.35E-06,9.35E-06,1.07E-05,1.07E-05,1.31E-05,1.31E-05,1.95E-05,1.95E-05,1.53E-05,1.53E-05,0.000137932,0.000137932,1.35E-05,1.35E-05,1.51E-05,1.51E-05,9.64E-06,9.64E-06,1.18E-05,1.18E-05,2.03E-05,2.03E-05,1.37E-05,1.37E-05,1.71E-05,1.71E-05,8.86E-06,8.86E-06,9.55E-06,9.55E-06,3.14E-05,3.14E-05,4.31E-06,4.31E-06,4.75E-06,4.75E-06,5.11E-06,5.11E-06,5.17E-06,5.17E-06,5.37E-06,5.37E-06,6.33E-06,6.33E-06,1.05E-05,1.05E-05,5.19E-06,5.19E-06,7.22E-06,7.22E-06,0.000112252,0.000112252,1.10E-05,1.10E-05,7.38E-06,7.38E-06,9.63E-06,9.63E-06,5.60E-06,5.60E-06,4.12E-06,4.12E-06,5.45E-06,5.45E-06,4.72E-06,4.72E-06,4.95E-06,4.95E-06,0.000174734,0.000174734,0.036608815,0.036608815,0.000484526,0.000484526,3.15E-05,3.15E-05,1.16E-05,1.16E-05,9.49E-06,9.49E-06,6.18E-06,6.18E-06,8.74E-06,8.74E-06,8.82E-06,8.82E-06,1.21E-05,1.21E-05,8.47E-06,8.47E-06,8.05E-05,8.05E-05,1.27E-05,1.27E-05,1.37E-05,1.37E-05,8.09E-06,8.09E-06,7.60E-06,7.60E-06,1.30E-05,1.30E-05,1.72E-05,1.72E-05,1.20E-05,1.20E-05,7.56E-06,7.56E-06,6.84E-06,6.84E-06,9.60E-05,9.60E-05,5.54E-06,5.54E-06,5.06E-06,5.06E-06,3.51E-06,3.51E-06,3.17E-06,3.17E-06,3.75E-06,3.75E-06,3.53E-06,3.53E-06,2.51E-06,2.51E-06,2.72E-06,2.72E-06,2.81E-06,2.81E-06,9.61E-05,9.61E-05,0.005090085,0.005090085,0.002267373,0.002267373,2.98E-05,2.98E-05,5.80E-06,5.80E-06,2.72E-06,2.72E-06,1.63E-06,1.63E-06,2.44E-06,2.44E-06,2.40E-06,2.40E-06,4.18E-06,4.18E-06,8.22E-05,8.22E-05,1.08E-05,1.08E-05,2.95E-05,2.95E-05,1.23E-05,1.23E-05,9.46E-06,9.46E-06,1.67E-05,1.67E-05,3.56E-05,3.56E-05,2.92E-05,2.92E-05,1.30E-05,1.30E-05,1.60E-05,1.60E-05,8.87E-05,8.87E-05,1.05E-05,1.05E-05,9.62E-06,9.62E-06,1.18E-05,1.18E-05,9.31E-06,9.31E-06,1.14E-05,1.14E-05,1.37E-05,1.37E-05,1.45E-05,1.45E-05,2.21E-05,2.21E-05,9.60E-06,9.60E-06,7.06E-05,7.06E-05,1.45E-05,1.45E-05,5.94E-06,5.94E-06,5.70E-06,5.70E-06,7.83E-06,7.83E-06,7.32E-06,7.32E-06,7.26E-06,7.26E-06,8.15E-06,8.15E-06,5.01E-06,5.01E-06,6.03E-06,6.03E-06,6.50E-05,6.50E-05,8.50E-06,8.50E-06,6.93E-06,6.93E-06,7.22E-06,1
7.22E-06,6.31E-06,6.31E-06,2.64E-05,2.64E-05,0.012642747,0.012642747,0.004118739,0.004118739,0.000357341,0.000357341,0.000101805,0.000101805,0.000269685,0.000269685,3.61E-05,3.61E-05,4.59E-05,4.59E-05,2.70E-05,2.70E-05,2.10E-05,2.10E-05,1.72E-05,1.72E-05,2.45E-05,2.45E-05,1.25E-05,1.25E-05,9.46E-06,9.46E-06,1.20E-05,1.20E-05,7.60E-05,7.60E-05,2.19E-05,2.19E-05,1.21E-05,1.21E-05,1.94E-05,1.94E-05,1.84E-05,1.84E-05,1.10E-05,1.10E-05,9.56E-06,9.56E-06,1.57E-05,1.57E-05,1.75E-05,1.75E-05,1.73E-05,1.73E-05,0.000116516,0.000116516,1.52E-05,1.52E-05,1.05E-05,1.05E-05,8.10E-06,8.10E-06,9.27E-06,9.27E-06,7.21E-06,7.21E-06,6.35E-06,6.35E-06,8.41E-06,8.41E-06,5.79E-06,5.79E-06,6.03E-06,6.03E-06,4.60E-05,4.60E-05,5.81E-06,5.81E-06,6.57E-06,6.57E-06,4.87E-06,4.87E-06,6.73E-06,6.73E-06,8.48E-06,8.48E-06,7.85E-06,7.85E-06,1.11E-05,1.11E-05,9.22E-06,9.22E-06,4.79E-06,4.79E-06,4.93E-05,4.93E-05,7.04E-06,7.04E-06,0.000132419,0.000132419,5.81E-05,5.81E-05,1.12E-05,1.12E-05,4.44E-06,4.44E-06,3.67E-06,3.67E-06,4.64E-06,4.64E-06,4.82E-06,4.82E-06,3.97E-06,3.97E-06,4.57E-05,4.57E-05,5.18E-06,5.18E-06,4.65E-06,4.65E-06,3.50E-06,3.50E-06,3.80E-06,3.80E-06,4.30E-06,4.30E-06,4.12E-06,4.12E-06,4.44E-06,4.44E-06,5.89E-06,5.89E-06,3.69E-06,3.69E-06,3.16E-05,3.16E-05,6.45E-06,6.45E-06,6.04E-06,6.04E-06,0.000386222,0.000386222,0.00037736,0.00037736,0.038385443,0.038385443,0.00015325,0.00015325,1.79E-05,1.79E-05,4.71E-05,4.71E-05,2.33E-05,2.33E-05,0.000301326,0.000301326,2.37E-05,2.37E-05,1.15E-05,1.15E-05,1.34E-05,1.34E-05,1.71E-05,1.71E-05,1.27E-05,1.27E-05,2.03E-05,2.03E-05,9.67E-06,9.67E-06,7.70E-06,7.70E-06,1.52E-05,1.52E-05,7.59E-05,7.59E-05,1.55E-05,1.55E-05,6.21E-06,6.21E-06,4.82E-06,4.82E-06,1.43E-05,1.43E-05,1.87E-05,1.87E-05,1.09E-05,1.09E-05,1.18E-05,1.18E-05,1.12E-05,1.12E-05,1.85E-05,1.85E-05,6.67E-05,6.67E-05,1.71E-05,1.71E-05,9.41E-06,9.41E-06,7.59E-06,7.59E-06,0.004559381,0.004559381,0.10491628,0.10491628,0.00132688,0.00132688,7.23E-05,7.23E-05,1.44E-05,1.44E-05,1.24E-05,1.24E-05,0.000137095,0.000137095,3.81E-05,3.81E-05,1.17E-05,1.17E-05,4.17E-06,4.17E-06,5.83E-06,5.83E-06,5.08E-06,5.08E-06,1
0.0677227,0.0677227,0.008609531,0.008609531,0.019258892,0.019258892,0.007566571,0.007566571,0.001590725,0.001590725,0.000108477,0.000108477,0.000204783,0.000204783,7.78E-05,7.78E-05,3.96E-05,3.96E-05,0.010194475,0.010194475,0.052709427,0.052709427,0.011992109,0.011992109,0.013147694,0.013147694,0.002666102,0.002666102,0.003993739,0.003993739,0.000315983,0.000315983,3.00E-05,3.00E-05,3.08E-05,3.08E-05,7.11E-05,7.11E-05,0.001232561,0.001232561,0.00030314,0.00030314,8.18E-05,8.18E-05,4.44E-05,4.44E-05,0.000105956,0.000105956,0.000119361,0.000119361,5.72E-05,5.72E-05,3.12E-05,3.12E-05,2.88E-05,2.88E-05,3.39E-05,3.39E-05,0.000534685,0.000534685,7.22E-05,7.22E-05,2.66E-05,2.66E-05,3.78E-05,3.78E-05,4.01E-05,4.01E-05,0.80908304,0.80908304,0.9801573,0.9801573,0.49302715,0.49302715,0.011901955,0.011901955,0.000187325,0.000187325,0.000650822,0.000650822,0.000548025,0.000548025,0.001019829,0.001019829,9.50E-05,9.50E-05,0.000126651,0.000126651,0.002318464,0.002318464,0.00032635,0.00032635,0.000344359,0.000344359,3.96E-05,3.96E-05,0.000206747,0.000206747,0.002107501,0.002107501,0.000188675,0.000188675,0.000403534,0.000403534,0.00013755,0.00013755,0.000300339,0.000300339,9.51E-05,9.51E-05,6.58E-05,6.58E-05,5.73E-05,5.73E-05,0.000384155,0.000384155,0.000398192,0.000398192,0.002461638,0.002461638,0.00021466,0.00021466,0.000566608,0.000566608,0.00019861,0.00019861,0.000115643,0.000115643,5.12E-05,5.12E-05,0.000106797,0.000106797,8.83E-05,8.83E-05,4.38E-05,4.38E-05,3.19E-05,3.19E-05,0.000388123,0.000388123,0.000132742,0.000132742,1.16E-05,1.16E-05,1.21E-05,1.21E-05,1.07E-05,1.07E-05,8.11E-05,8.11E-05,8.70E-06,8.70E-06,1.34E-05,1.34E-05,1.63E-05,1.63E-05,3.98E-05,3.98E-05,0.000186379,0.000186379,1.91E-05,1.91E-05,4.69E-05,4.69E-05,2.34E-05,2.34E-05,1.08E-05,1.08E-05,3.24E-05,3.24E-05,2.85E-05,2.85E-05,6.88E-05,6.88E-05,4.95E-05,4.95E-05,1.94E-05,1.94E-05,0.00033484,0.00033484,7.31E-05,7.31E-05,5.39E-05,5.39E-05,3.93E-05,3.93E-05,4.64E-05,4.64E-05,2.34E-05,2.34E-05,3.57E-05,3.57E-05,5.24E-05,5.24E-05,1.04E-05,1.04E-05,2.90E-05,2.90E-05,0.000132495,0.000132495,1.72E-05,1.72E-05,1.06E-05,1.06E-05,2.94E-05,2.94E-05,0.28619173,0.28619173,0.13434908,0.13434908,0.98712546,0.98712546,0.11049339,0.11049339,0.06181115,0.06181115,0.000334126,0.000334126,0.001095997,0.001095997,0.000276469,0.000276469,0.000112865,0.000112865,6.98E-05,1
6.98E-05,5.03E-05,5.03E-05,7.50E-05,7.50E-05,4.78E-05,4.78E-05,1.40E-05,1.40E-05,2.77E-05,2.77E-05,3.78E-05,3.78E-05,0.001513539,0.001513539,5.82E-05,5.82E-05,6.46E-05,6.46E-05,2.91E-05,2.91E-05,1.41E-05,1.41E-05,1.68E-05,1.68E-05,3.28E-05,3.28E-05,2.02E-05,2.02E-05,3.00E-05,3.00E-05,2.91E-05,2.91E-05,0.000143876,0.000143876,2.39E-05,2.39E-05,5.69E-05,5.69E-05,2.80E-05,2.80E-05,2.67E-05,2.67E-05,2.32E-05,2.32E-05,3.99E-05,3.99E-05,2.75E-05,2.75E-05,0.000180922,0.000180922,0.03865191,0.03865191,0.11464877,0.11464877,0.42430285,0.42430285,0.011329146,0.011329146,0.003027809,0.003027809,0.001526306,0.001526306,0.000620926,0.000620926,0.001274047,0.001274047,0.000426105,0.000426105,3.79E-05,3.79E-05,4.75E-05,4.75E-05,0.000280865,0.000280865,0.000154873,0.000154873,5.09E-05,5.09E-05,9.13E-05,9.13E-05,0.000106554,0.000106554,4.37E-05,4.37E-05,4.88E-05,4.88E-05,7.76E-05,7.76E-05,0.000129584,0.000129584,0.000541098,0.000541098,0.00032858,0.00032858,3.93E-05,3.93E-05,3.39E-05,3.39E-05,3.84E-05,3.84E-05,4.46E-05,4.46E-05,3.99E-05,3.99E-05,5.55E-05,5.55E-05,4.19E-05,4.19E-05,2.54E-05,2.54E-05,4.79E-05,4.79E-05,0.001874576,0.001874576,7.76E-05,7.76E-05,2.93E-05,2.93E-05,1.67E-05,1.67E-05,2.87E-05,2.87E-05,2.65E-05,2.65E-05,2.13E-05,2.13E-05,8.47E-05,8.47E-05,0.000356664,0.000356664,0.00015869,0.00015869,0.000421767,0.000421767,0.000126221,0.000126221,0.000262504,0.000262504,4.41E-05,4.41E-05,3.00E-05,3.00E-05,2.11E-05,2.11E-05,7.08E-06,7.08E-06,8.10E-06,8.10E-06,3.50E-05,3.50E-05,7.57E-05,7.57E-05,0.000461779,0.000461779,0.67248225,0.67248225,0.97931004,0.97931004,0.003662179,0.003662179,0.01824981,0.01824981,0.000282154,0.000282154,0.000416779,0.000416779,8.90E-06,8.90E-06,0.00021383,0.00021383,0.000170565,0.000170565,0.000348468,0.000348468,8.62E-05,8.62E-05,0.000105082,0.000105082,0.000291191,0.000291191,0.000132294,0.000132294,0.000153745,0.000153745,0.00048797,0.00048797,0.000134248,0.000134248,2.54E-05,2.54E-05,9.31E-05,9.31E-05,0.000640754,0.000640754,8.77E-05,8.77E-05,2.34E-05,2.34E-05,9.22E-05,9.22E-05,0.000107017,0.000107017,3.20E-05,3.20E-05,3.63E-05,3.63E-05,5.19E-05,5.19E-05,3.64E-05,3.64E-05,0.000196804,0.000196804,0.051786397,0.051786397,0.00321438,0.00321438,0.02428171,0.02428171,0.000893954,0.000893954,7.60E-05,7.60E-05,0.001159085,0.001159085,1
0.000180223,0.000180223,0.000212853,0.000212853,2.91E-05,2.91E-05,5.82E-05,5.82E-05,0.0005446,0.0005446,7.96E-05,7.96E-05,0.000235723,0.000235723,0.000128974,0.000128974,3.32E-05,3.32E-05,4.11E-05,4.11E-05,5.39E-05,5.39E-05,2.92E-05,2.92E-05,2.08E-05,2.08E-05,1.97E-05,1.97E-05,0.000208612,0.000208612,2.57E-05,2.57E-05,2.02E-05,2.02E-05,1.10E-05,1.10E-05,7.07E-06,7.07E-06,1.33E-05,1.33E-05,9.46E-06,9.46E-06,2.05E-05,2.05E-05,6.11E-05,6.11E-05,2.60E-05,2.60E-05,0.000340401,0.000340401,5.28E-05,5.28E-05,1.73E-05,1.73E-05,1.03E-05,1.03E-05,1.29E-05,1.29E-05,2.02E-05,2.02E-05,1.58E-05,1.58E-05,4.74E-05,4.74E-05,2.15E-05,2.15E-05,9.87E-06,9.87E-06,0.000297154,0.000297154,4.20E-05,4.20E-05,2.52E-05,2.52E-05,0.000163411,0.000163411,1.73E-05,1.73E-05,3.57E-05,3.57E-05,1.20E-05,1.20E-05,8.78E-06,8.78E-06,1.38E-05,1.38E-05,3.84E-05,3.84E-05,0.000247961,0.000247961,4.36E-05,4.36E-05,4.64E-05,4.64E-05,3.66E-05,3.66E-05,4.82E-05,4.82E-05,6.31E-05,6.31E-05,2.01E-05,2.01E-05,2.43E-05,2.43E-05,6.27E-05,6.27E-05,2.10E-05,2.10E-05,0.000253709,0.000253709,3.43E-05,3.43E-05,3.30E-05,3.30E-05,3.77E-05,3.77E-05,2.27E-05,2.27E-05,3.86E-05,3.86E-05,1.54E-05,1.54E-05,2.00E-05,2.00E-05,1.35E-05,1.35E-05,2.57E-05,2.57E-05,0.000360863,0.000360863,3.92E-05,3.92E-05,1.31E-05,1.31E-05,4.89E-05,4.89E-05,2.51E-05,2.51E-05,2.25E-05,2.25E-05,1.81E-05,1.81E-05,2.62E-05,2.62E-05,2.63E-05,2.63E-05,2.66E-05,2.66E-05,0.000178787,0.000178787,4.16E-05,4.16E-05,1.28E-05,1.28E-05,1.46E-05,1.46E-05,7.55E-05,7.55E-05,1.34E-05,1.34E-05,2.93E-05,2.93E-05,2.08E-05,2.08E-05,1.21E-05,1.21E-05,1.65E-05,1.65E-05,0.000289273,0.000289273,2.05E-05,2.05E-05,2.31E-05,2.31E-05,1.85E-05,1.85E-05,2.67E-05,2.67E-05,1.85E-05,1.85E-05,1.71E-05,1.71E-05,4.29E-05,4.29E-05,3.17E-05,3.17E-05,4.30E-05,4.30E-05,0.00031725,0.00031725,7.20E-05,7.20E-05,5.12E-05,5.12E-05,1.61E-05,1.61E-05,1.90E-05,1.90E-05,3.16E-05,3.16E-05,2.19E-05,2.19E-05,3.37E-05,3.37E-05,5.25E-05,5.25E-05,3.40E-05,3.40E-05,0.004527391,0.004527391,0.000179606,0.000179606,3.79E-05,3.79E-05,0.000202931,0.000202931,3.23E-05,3.23E-05,1.63E-05,1.63E-05,7.77E-05,7.77E-05,2.82E-05,2.82E-05,2.77E-05,1
2.77E-05,2.67E-05,2.67E-05,0.000359768,0.000359768,2.96E-05,2.96E-05,1.15E-05,1.15E-05,1.01E-05,1.01E-05,6.62E-05,6.62E-05,1.72E-05,1.72E-05,3.86E-05,3.86E-05,5.35E-05,5.35E-05,1.39E-05,1.39E-05,1.51E-05,1.51E-05,0.000429029,0.000429029,6.93E-05,6.93E-05,1.65E-05,1.65E-05,1.06E-05,1.06E-05,3.15E-05,3.15E-05,1.99E-05,1.99E-05,3.77E-05,3.77E-05,8.32E-06,8.32E-06,1.48E-05,1.48E-05,2.71E-05,2.71E-05,0.000145936,0.000145936,3.59E-05,3.59E-05,2.04E-05,2.04E-05,2.50E-05,2.50E-05,2.88E-05,2.88E-05,3.98E-05,3.98E-05,6.78E-05,6.78E-05,3.77E-05,3.77E-05,0.019657949,0.019657949,0.011461491,0.011461491,0.14848107,0.14848107,0.22738017,0.22738017,0.000580794,0.000580794,0.000212787,0.000212787,1.39E-05,1.39E-05,1.72E-05,1.72E-05,0.000889571,0.000889571,0.001274683,0.001274683,7.64E-05,7.64E-05,2.13E-05,2.13E-05,0.001045663,0.001045663,4.53E-05,4.53E-05,4.70E-05,4.70E-05,4.91E-05,4.91E-05,1.64E-05,1.64E-05,2.06E-05,2.06E-05,3.61E-05,3.61E-05,1.67E-05,1.67E-05,1.41E-05,1.41E-05,2.19E-05,2.19E-05,0.000551881,0.000551881,6.06E-05,6.06E-05,2.29E-05,2.29E-05,2.70E-05,2.70E-05,1.61E-05,1.61E-05,2.58E-05,2.58E-05,1.53E-05,1.53E-05,2.02E-05,2.02E-05,1.05E-05,1.05E-05,8.15E-06,8.15E-06,7.66E-05,7.66E-05,1.34E-05,1.34E-05,1.15E-05,1.15E-05,2.11E-05,2.11E-05,2.98E-05,2.98E-05,2.29E-05,2.29E-05,2.23E-05,2.23E-05,3.83E-05,3.83E-05,2.80E-05,2.80E-05,7.93E-05,7.93E-05,0.000280338,0.000280338,9.88E-05,9.88E-05,6.85E-05,6.85E-05,2.55E-05,2.55E-05,2.63E-05,2.63E-05,9.44E-05,9.44E-05,2.86E-05,2.86E-05,8.49E-05,8.49E-05,0.000160155,0.000160155,5.45E-05,5.45E-05,0.000403758,0.000403758,6.38E-05,6.38E-05,0.000106785,0.000106785,6.94E-05,6.94E-05,1.46E-05,1.46E-05,3.13E-05,3.13E-05,9.85E-06,9.85E-06,1.99E-05,1.99E-05,1.12E-05,1.12E-05,4.53E-05,4.53E-05,0.00041749,0.00041749,6.85E-05,6.85E-05,0.000142999,0.000142999,9.63E-05,9.63E-05,7.32E-05,7.32E-05,6.14E-05,6.14E-05,4.06E-05,4.06E-05,4.04E-05,4.04E-05,5.05E-05,5.05E-05,2.20E-05,2.20E-05,0.002049906,0.002049906,0.00065178,0.00065178,0.000124839,0.000124839,9.83E-05,9.83E-05,0.000111614,0.000111614,2.09E-05,2.09E-05,0.00013819,0.00013819,4.52E-05,4.52E-05,0.000136263,0.000136263,3.77E-05,3.77E-05,0.000607152,0.000607152,1
2.80E-05,2.80E-05,4.41E-06,4.41E-06,4.94E-06,4.65E-06,4.65E-06,9.90E-06,9.90E-06,9.60E-06,1.68E-05,1.68E-05,5.37E-05,5.37E-05,8.81E-05,9.53E-05,9.53E-05,0.000154662,0.000154662,6.74E-05,2.25E-05,2.25E-05,3.28E-05,3.28E-05,3.75E-05,1.96E-05,1.96E-05,4.02E-05,4.02E-05,2.04E-05,2.17E-05,2.17E-05,0.000165972,0.000165972,3.59E-05,2.10E-05,2.10E-05,2.19E-05,2.19E-05,1.77E-05,1.10E-05,1.10E-05,0.6125775,0.6125775,0.94660807,0.8107847,0.8107847,0.054327246,0.054327246,0.005767247,6.00E-05,6.00E-05,9.83E-06,9.83E-06,6.10E-06,5.53E-06,5.53E-06,4.84E-06,4.84E-06,5.44E-06,4.55E-06,4.55E-06,3.67E-06,3.67E-06,2.79E-06,5.88E-05,5.88E-05,8.93E-06,8.93E-06,5.48E-06,4.80E-06,4.80E-06,4.95E-06,4.95E-06,4.60E-06,6.25E-06,6.25E-06,5.94E-06,5.94E-06,4.24E-06,8.00E-06,8.00E-06,5.51E-05,5.51E-05,7.79E-06,9.74E-06,9.74E-06,1.07E-05,1.07E-05,8.45E-06,9.65E-06,9.65E-06,1.07E-05,1.07E-05,1.12E-05,1.25E-05,1.25E-05,1.23E-05,1.23E-05,4.65E-05,0.021334294,0.021334294,0.9275822,0.9275822,0.27375358,1.51E-05,1.51E-05,2.75E-06,2.75E-06,2.05E-06,1.51E-06,1.51E-06,2.00E-06,2.00E-06,1.52E-06,2.88E-05,2.88E-05,4.37E-06,4.37E-06,3.65E-06,2.96E-06,2.96E-06,4.56E-06,4.56E-06,5.68E-06,6.01E-06,6.01E-06,6.94E-06,6.94E-06,0.90586257,0.98571485,0.98571485,0.67528796,0.67528796,6.11E-05,6.24E-06,6.24E-06,3.86E-06,3.86E-06,2.05E-06,1.67E-06,1.67E-06,1.51E-06,1.51E-06,1.98E-06,1.58E-06,1.58E-06,1.89E-06,1.89E-06,5.07E-05,8.67E-06,8.67E-06,5.13E-06,5.13E-06,4.11E-06,3.35E-06,3.35E-06,2.97E-06,2.97E-06,3.53E-06,3.40E-06,3.40E-06,4.23E-06,4.23E-06,3.89E-06,4.38E-05,4.38E-05,1.11E-05,1.11E-05,7.85E-06,6.33E-06,6.33E-06,7.27E-06,7.27E-06,5.06E-06,7.44E-06,7.44E-06,7.74E-06,7.74E-06,9.16E-06,7.26E-06,7.26E-06,5.29E-05,5.29E-05,1.23E-05,7.04E-06,7.04E-06,3.76E-06,3.76E-06,0.9766029,0.9867697,0.9867697,0.70007735,0.70007735,8.65E-06,3.73E-06,3.73E-06,1.19E-06,1.19E-06,3.97E-05,5.00E-06,5.00E-06,4.46E-06,4.46E-06,4.36E-06,5.06E-06,5.06E-06,5.47E-06,5.47E-06,6.09E-06,7.32E-06,7.32E-06,6.35E-06,6.35E-06,5.09E-06,3.07E-05,3.07E-05,5.37E-06,5.37E-06,5.06E-06,4.72E-06,4.72E-06,4.19E-06,4.19E-06,4.64E-06,1
4.94E-06,4.94E-06,3.17E-06,3.17E-06,3.15E-06,3.42E-06,3.42E-06,3.95E-05,3.95E-05,0.7247623,0.9032857,0.9032857,0.9357212,0.9357212,6.60E-05,2.03E-06,2.03E-06,8.07E-07,8.07E-07,4.93E-07,6.28E-07,6.28E-07,7.17E-07,7.17E-07,1.88E-05,2.91E-06,2.91E-06,2.02E-06,2.02E-06,1.36E-06,1.35E-06,1.35E-06,1.17E-06,1.17E-06,9.23E-07,1.04E-06,1.04E-06,1.15E-06,1.15E-06,9.52E-07,1.44E-05,1.44E-05,2.16E-06,2.16E-06,1.48E-06,1.60E-06,1.60E-06,1.57E-06,1.57E-06,1.89E-06,2.02E-06,2.02E-06,2.03E-06,2.03E-06,1.61E-06,1.61E-06,1.61E-06,1.89E-05,1.89E-05,3.22E-06,1.79E-06,1.79E-06,1.47E-06,1.47E-06,1.56E-06,1.08E-06,1.08E-06,1.02E-06,1.02E-06,1.25E-06,1.36E-06,1.36E-06,1.27E-06,1.27E-06,2.08E-05,2.84E-06,2.84E-06,1.77E-06,1.77E-06,2.12E-06,2.33E-06,2.33E-06,3.34E-05,3.34E-05,0.7120218,0.4557592,0.4557592,9.57E-06,9.57E-06,3.18E-06,2.40E-05,2.40E-05,2.23E-06,2.23E-06,1.29E-06,1.53E-06,1.53E-06,1.53E-06,1.53E-06,1.67E-06,1.63E-06,1.63E-06,1.82E-06,1.82E-06,1.57E-06,1.99E-06,1.99E-06,2.39E-05,2.39E-05,6.69E-06,4.19E-06,4.19E-06,4.32E-06,4.32E-06,4.93E-06,2.97E-06,2.97E-06,4.66E-06,4.66E-06,3.30E-06,3.33E-06,3.33E-06,2.83E-06,2.83E-06,2.28E-05,5.94E-06,5.94E-06,6.07E-06,6.07E-06,4.32E-06,6.27E-06,6.27E-06,6.16E-06,6.16E-06,5.24E-06,5.63E-06,5.63E-06,5.29E-06,5.29E-06,4.40E-06,3.12E-05,3.12E-05,6.76E-06,6.76E-06,6.61E-06,5.94E-06,5.94E-06,6.29E-06,6.29E-06,4.19E-06,0.000106852,0.000106852,0.9162373,0.9162373,0.001006783,9.66E-06,9.66E-06,6.71E-05,6.71E-05,8.55E-06,4.99E-06,4.99E-06,3.56E-06,3.56E-06,2.45E-06,2.28E-06,2.28E-06,2.76E-06,2.76E-06,2.46E-06,3.54E-06,3.54E-06,3.01E-06,3.01E-06,2.68E-05,5.06E-06,5.06E-06,3.60E-06,3.60E-06,3.41E-06,3.64E-06,3.64E-06,3.42E-06,3.42E-06,3.52E-06,3.60E-06,3.60E-06,2.76E-06,2.76E-06,8.66E-05,0.8958219,0.8958219,0.9042306,0.9042306,2.65E-05,6.25E-06,6.25E-06,2.29E-06,2.29E-06,2.31E-06,1.92E-06,1.92E-06,2.06E-06,2.06E-06,1.50E-06,1.36E-06,1.36E-06,4.28E-05,4.28E-05,5.71E-06,4.85E-06,4.85E-06,4.52E-06,4.52E-06,4.57E-06,5.48E-06,5.48E-06,5.32E-06,5.32E-06,5.98E-06,7.62E-06,7.62E-06,7.68E-06,7.68E-06,4.83E-05,1
3.98E-06,3.98E-06,2.75E-06,2.75E-06,2.36E-06,2.00E-06,2.00E-06,2.46E-06,2.46E-06,2.29E-06,2.45E-06,2.45E-06,3.42E-06,3.42E-06,2.64E-06,2.44E-05,2.44E-05,4.55E-06,4.55E-06,2.80E-06,4.19E-06,4.19E-06,4.82E-06,4.82E-06,2.44E-05,2.97E-05,2.97E-05,1.17E-05,1.17E-05,3.17E-05,7.81E-06,7.81E-06,5.77E-05,5.77E-05,6.38E-06,4.47E-06,4.47E-06,2.51E-06,2.51E-06,2.58E-06,2.45E-06,2.45E-06,2.18E-06,2.18E-06,2.66E-06,2.07E-06,2.07E-06,2.58E-06,2.58E-06,2.40E-05,3.53E-06,3.53E-06,2.22E-06,2.22E-06,2.28E-06,2.63E-06,2.63E-06,2.26E-06,2.26E-06,2.32E-06,2.03E-06,2.03E-06,2.39E-06,2.39E-06,2.27E-06,2.54E-05,2.54E-05,2.67E-06,2.67E-06,2.63E-06,2.66E-06,2.66E-06,2.70E-06,2.70E-06,2.69E-06,2.78E-06,2.78E-06,2.67E-06,2.67E-06,2.71E-06,2.60E-06,2.60E-06,3.30E-05,3.30E-05,6.51E-06,4.74E-06,4.74E-06,4.50E-06,4.50E-06,5.47E-06,3.94E-06,3.94E-06,3.95E-06,3.95E-06,4.66E-06,5.11E-06,5.11E-06,5.06E-06,5.06E-06,3.17E-05,4.79E-06,4.79E-06,2.60E-06,2.60E-06,3.02E-06,2.64E-06,2.64E-06,2.91E-06,2.91E-06,3.05E-06,2.76E-06,2.76E-06,2.64E-06,2.64E-06,2.60E-06,2.64E-05,2.64E-05,2.93E-06,2.93E-06,4.12E-06,3.58E-06,3.58E-06,4.90E-06,4.90E-06,7.15E-06,7.82E-06,7.82E-06,9.02E-06,9.02E-06,6.50E-06,5.68E-06,5.68E-06,3.02E-05,3.02E-05,3.48E-06,2.73E-06,2.73E-06,2.91E-06,2.91E-06,2.30E-06,2.62E-06,2.62E-06,2.91E-06,2.91E-06,2.60E-06,2.58E-06,2.58E-06,2.49E-06,2.49E-06,2.61E-05,2.61E-06,2.61E-06,1.84E-06,1.84E-06,2.19E-06,1.95E-06,1.95E-06,1.91E-06,1.91E-06,1.95E-06,2.08E-06,2.08E-06,2.53E-06,2.53E-06,2.63E-06,2.17E-05,2.17E-05,4.49E-06,4.49E-06,3.12E-06,3.19E-06,3.19E-06,3.58E-06,3.58E-06,3.25E-06,2.44E-06,2.44E-06,2.54E-06,2.54E-06,2.30E-06,2.94E-06,2.94E-06,2.99E-05,2.99E-05,3.66E-06,2.06E-06,2.06E-06,1.99E-06,1.99E-06,2.70E-06,3.06E-06,3.06E-06,4.91E-06,4.91E-06,9.49E-06,1.26E-05,1.26E-05,1.30E-05,1.30E-05,3.42E-05,5.59E-06,5.59E-06,2.03E-06,2.03E-06,1.50E-06,1.97E-06,1.97E-06,2.15E-06,2.15E-06,2.14E-06,3.11E-06,3.11E-06,2.85E-06,2.85E-06,2.67E-06,3.42E-05,3.42E-05,4.26E-06,4.26E-06,3.21E-06,3.33E-06,3.33E-06,4.33E-06,4.33E-06,4.33E-06,1
3.71E-06,3.71E-06,4.49E-06,4.49E-06,4.68E-06,4.24E-06,4.24E-06,4.77E-05,4.77E-05,5.42E-06,3.02E-06,3.02E-06,2.48E-06,2.48E-06,1.55E-06,1.75E-06,1.75E-06,1.91E-06,1.91E-06,1.71E-06,1.65E-06,1.65E-06,1.98E-06,1.98E-06,2.91E-05,3.44E-06,3.44E-06,5.78E-06,5.78E-06,7.24E-06,3.45E-05,3.45E-05,6.90E-05,6.90E-05,1.08E-05,8.84E-06,8.84E-06,3.29E-06,3.29E-06,6.67E-06,0.001761752,0.001761752,0.000327526,0.000327526,0.8181527,0.9003022,0.9003022,0.029427992,0.029427992,0.006607544,0.006350755,0.006350755,0.005541901,0.005541901,0.018396782,0.02669687,0.02669687,0.09278567,0.09278567,0.43607232,0.001311599,0.001311599,0.001865765,0.001865765,2.44E-06,2.39E-06,2.39E-06,1.96E-06,1.96E-06,2.92E-06,2.21E-06,2.21E-06,1.93E-06,1.93E-06,4.32E-05,5.34E-06,5.34E-06,3.58E-06,3.58E-06,3.33E-06,3.44E-06,3.44E-06,3.82E-06,3.82E-06,4.83E-06,5.03E-06,5.03E-06,3.49E-06,3.49E-06,4.72E-06,4.90E-05,4.90E-05,4.48E-06,4.48E-06,4.06E-06,4.35E-06,4.35E-06,4.90E-06,4.90E-06,7.79E-06,1.40E-05,1.40E-05,1.40E-05,1.40E-05,7.84E-06,1.03E-05,1.03E-05,7.33E-05,7.33E-05,8.57E-06,5.57E-06,5.57E-06,4.47E-06,4.47E-06,3.41E-06,4.54E-06,4.54E-06,4.27E-06,4.27E-06,3.48E-06,3.58E-06,3.58E-06,3.98E-06,3.98E-06,5.04E-05,6.00E-06,6.00E-06,4.68E-06,4.68E-06,2.15E-05,0.000381485,0.000381485,0.000182889,0.000182889,1.95E-05,2.43E-05,2.43E-05,2.99E-05,2.99E-05,1.23E-05,0.000135345,0.000135345,1.34E-05,1.34E-05,9.62E-06,9.65E-06,9.65E-06,1.29E-05,1.29E-05,1.38E-05,3.40E-05,3.40E-05,2.10E-05,2.10E-05,0.00144402,0.004735163,0.004735163,0.965406,0.965406,0.7963741,0.000340508,0.000340508,9.52E-05,9.52E-05,1.52E-06,1.36E-06,1.36E-06,2.07E-06,2.07E-06,2.13E-06,3.02E-06,3.02E-06,3.25E-06,3.25E-06,5.91E-05,8.86E-06,8.86E-06,4.78E-06,4.78E-06,3.44E-06,3.52E-06,3.52E-06,4.66E-06,4.66E-06,3.95E-06,4.15E-06,4.15E-06,4.16E-06,4.16E-06,4.45E-06,4.08E-05,4.08E-05,4.80E-06,4.80E-06,3.48E-06,3.43E-06,3.43E-06,3.81E-06,3.81E-06,3.21E-06,4.36E-06,4.36E-06,4.50E-06,4.50E-06,4.40E-06,3.75E-06,3.75E-06,3.39E-05,3.39E-05,5.55E-06,4.04E-06,4.04E-06,4.54E-06,4.54E-06,3.65E-06,3.50E-06,3.50E-06,3.20E-06,3.20E-06,3.51E-06,2.86E-06,2.86E-06,2.99E-06,2.99E-06,3.78E-05,1
3.10E-06,3.10E-06,3.10E-06,2.25E-06,2.25E-06,2.33E-06,2.33E-06,1.75E-06,1.75E-06,1.52E-06,1.52E-06,1.38E-06,1.38E-06,1.65E-06,1.65E-06,1.54E-06,1.54E-06,1.59E-06,1.59E-06,2.97E-05,2.97E-05,3.68E-06,3.68E-06,1.98E-06,1.98E-06,1.70E-06,1.70E-06,1.70E-06,1.60E-06,1.60E-06,1.61E-06,1.61E-06,1.42E-06,1.42E-06,1.68E-06,1.68E-06,1.09E-05,1.09E-05,0.33883587,0.33883587,0.47063732,0.47063732,0.7251374,0.7251374,0.030711068,0.030711068,7.41E-05,7.41E-05,1.32E-05,1.32E-05,6.24E-06,6.24E-06,6.24E-06,3.61E-06,3.61E-06,2.88E-06,2.88E-06,4.76E-06,4.76E-06,3.01E-06,3.01E-06,4.35E-05,4.35E-05,4.77E-06,4.77E-06,2.73E-06,2.73E-06,1.96E-06,1.96E-06,1.87E-06,1.87E-06,1.69E-06,1.69E-06,1.71E-06,1.71E-06,1.49E-06,1.49E-06,1.49E-06,1.43E-06,1.43E-06,1.53E-06,1.53E-06,2.85E-05,2.85E-05,3.01E-06,3.01E-06,2.10E-06,2.10E-06,1.73E-06,1.73E-06,1.90E-06,1.90E-06,1.64E-06,1.64E-06,2.04E-06,2.04E-06,1.92E-06,1.92E-06,1.90E-06,1.90E-06,1.92E-06,1.92E-06,1.92E-06,2.90E-05,2.90E-05,4.53E-06,4.53E-06,3.40E-06,3.40E-06,2.72E-06,2.72E-06,2.17E-06,2.17E-06,1.66E-06,1.66E-06,1.39E-06,1.39E-06,1.73E-06,1.73E-06,1.84E-06,1.84E-06,1.86E-06,1.86E-06,2.28E-05,2.28E-05,2.64E-06,2.64E-06,2.64E-06,1.77E-06,1.77E-06,1.65E-06,1.65E-06,1.43E-06,1.43E-06,1.73E-06,1.73E-06,1.67E-06,1.67E-06,1.45E-06,1.45E-06,1.58E-06,1.58E-06,1.58E-06,1.58E-06,3.01E-05,3.01E-05,2.80E-06,2.80E-06,1.90E-06,1.90E-06,1.68E-06,1.68E-06,1.68E-06,1.79E-06,1.79E-06,1.89E-06,1.89E-06,1.99E-06,1.99E-06,1.68E-06,1.68E-06,1.68E-06,1.68E-06,1.41E-06,1.41E-06,3.11E-05,3.11E-05,3.20E-06,3.20E-06,1.90E-06,1.90E-06,1.47E-06,1.47E-06,1.67E-06,1.67E-06,1.79E-06,1.79E-06,1.79E-06,1.35E-06,1.35E-06,1.62E-06,1.62E-06,1.78E-06,1.78E-06,1.77E-06,1.77E-06,2.73E-05,2.73E-05,2.96E-06,2.96E-06,1.80E-06,1.80E-06,1.87E-06,1.87E-06,1.81E-06,1.81E-06,1.99E-06,1.99E-06,2.03E-06,2.03E-06,1.94E-06,1.94E-06,1.94E-06,1.53E-06,1.53E-06,1.59E-06,1.59E-06,2.53E-05,2.53E-05,2.93E-06,2.93E-06,2.22E-06,2.22E-06,2.28E-06,2.28E-06,2.00E-06,2.00E-06,2.40E-06,2.40E-06,2.07E-06,2.07E-06,1.91E-06,1.91E-06,1.75E-06,1.75E-06,1
1.76E-06,1.76E-06,1.76E-06,2.60E-05,2.60E-05,3.04E-06,3.04E-06,2.28E-06,2.28E-06,1.88E-06,1.88E-06,2.25E-06,2.25E-06,2.08E-06,2.08E-06,1.89E-06,1.89E-06,1.61E-06,1.61E-06,1.81E-06,1.81E-06,1.73E-06,1.73E-06,2.79E-05,2.79E-05,3.83E-06,3.83E-06,3.83E-06,2.23E-06,2.23E-06,5.06E-05,5.06E-05,0.19716665,0.19716665,0.8201654,0.8201654,0.6315255,0.6315255,0.87763304,0.87763304,0.62785196,0.62785196,0.5699028,0.5699028,0.002778971,0.002778971,0.000111643,0.000111643,3.58E-05,3.58E-05,1.46E-05,1.46E-05,1.46E-05,1.10E-05,1.10E-05,6.96E-06,6.96E-06,4.62E-06,4.62E-06,2.33E-06,2.33E-06,2.23E-06,2.23E-06,2.25E-06,2.25E-06,3.28E-05,3.28E-05,3.14E-06,3.14E-06,1.86E-06,1.86E-06,1.98E-06,1.98E-06,1.86E-06,1.86E-06,1.77E-06,1.77E-06,1.77E-06,1.73E-06,1.73E-06,1.81E-06,1.81E-06,1.71E-06,1.71E-06,1.85E-06,1.85E-06,2.80E-05,2.80E-05,3.37E-06,3.37E-06,2.00E-06,2.00E-06,1.81E-06,1.81E-06,1.56E-06,1.56E-06,1.75E-06,1.75E-06,1.69E-06,1.69E-06,1.48E-06,1.48E-06,1.48E-06,1.73E-06,1.73E-06,1.50E-06,1.50E-06,3.15E-05,3.15E-05,3.79E-06,3.79E-06,2.09E-06,2.09E-06,1.89E-06,1.89E-06,1.86E-06,1.86E-06,1.71E-06,1.71E-06,1.55E-06,1.55E-06,1.48E-06,1.48E-06,1.45E-06,1.45E-06,1.47E-06,1.47E-06,1.47E-06,3.14E-05,3.14E-05,3.21E-06,3.21E-06,2.17E-06,2.17E-06,1.74E-06,1.74E-06,1.68E-06,1.68E-06,2.00E-06,2.00E-06,1.73E-06,1.73E-06,1.59E-06,1.59E-06,1.53E-06,1.53E-06,1.58E-06,1.58E-06,2.83E-05,2.83E-05,3.65E-06,3.65E-06,3.65E-06,2.15E-06,2.15E-06,1.87E-06,1.87E-06,1.78E-06,1.78E-06,1.72E-06,1.72E-06,2.00E-06,2.00E-06,2.02E-06,2.02E-06,1.87E-06,1.87E-06,2.00E-06,2.00E-06,2.50E-05,2.50E-05,3.23E-06,3.23E-06,2.68E-06,2.68E-06,2.28E-06,2.28E-06,2.28E-06,1.86E-06,1.86E-06,1.94E-06,1.94E-06,1.92E-06,1.92E-06,1.70E-06,1.70E-06,1.71E-06,1.71E-06,1.64E-06,1.64E-06,2.58E-05,2.58E-05,2.96E-06,2.96E-06,1.92E-06,1.92E-06,1.90E-06,1.90E-06,1.60E-06,1.60E-06,1.57E-06,1.57E-06,1.57E-06,1.69E-06,1.69E-06,1.78E-06,1.78E-06,1.64E-06,1.64E-06,1.58E-06,1.58E-06,2.55E-05,2.55E-05,3.04E-06,3.04E-06,2.01E-06,2.01E-06,1.83E-06,1.83E-06,2.35E-05,2.35E-05,0.10195835,0.10195835,0.37129706,0.37129706,1
0.25651067,0.25651067,0.25651067,0.54132074,0.54132074,0.001325142,0.001325142,0.000210791,0.000210791,1.48E-05,1.48E-05,9.23E-06,9.23E-06,4.73E-06,4.73E-06,3.62E-06,3.62E-06,3.52E-06,3.52E-06,2.59E-06,2.59E-06,2.36E-06,2.36E-06,2.59E-06,2.59E-06,2.23E-06,2.23E-06,2.23E-06,3.30E-05,3.30E-05,3.85E-06,3.85E-06,2.22E-06,2.22E-06,2.10E-06,2.10E-06,1.88E-06,1.88E-06,2.12E-06,2.12E-06,1.76E-06,1.76E-06,1.66E-06,1.66E-06,1.13E-05,1.13E-05,0.23973344,0.23973344,0.6569775,0.6569775,0.5221623,0.5221623,0.5221623,0.4353415,0.4353415,0.1797474,0.1797474,0.11340564,0.11340564,0.13760583,0.13760583,0.1959839,0.1959839,0.3945199,0.3945199,0.023120046,0.023120046,0.000140487,0.000140487,0.000216096,0.000216096,2.31E-05,2.31E-05,1.50E-05,1.50E-05,1.31E-05,1.31E-05,1.31E-05,6.39E-06,6.39E-06,9.14E-06,9.14E-06,5.74E-06,5.74E-06,7.12E-06,7.12E-06,7.13E-06,7.13E-06,5.83E-06,5.83E-06,4.89E-05,4.89E-05,4.60E-06,4.60E-06,3.08E-06,3.08E-06,2.36E-06,2.36E-06,2.90E-06,2.90E-06,2.81E-06,2.81E-06,2.81E-06,3.11E-06,3.11E-06,2.75E-06,2.75E-06,2.31E-06,2.31E-06,2.00E-06,2.00E-06,3.06E-05,3.06E-05,3.45E-06,3.45E-06,2.53E-06,2.53E-06,2.31E-06,2.31E-06,2.04E-06,2.04E-06,1.62E-06,1.62E-06,1.65E-06,1.65E-06,2.07E-06,2.07E-06,2.07E-06,2.37E-06,2.37E-06,2.81E-06,2.81E-06,2.42E-05,2.42E-05,2.69E-06,2.69E-06,2.03E-06,2.03E-06,2.07E-06,2.07E-06,2.10E-06,2.10E-06,2.30E-06,2.30E-06,2.03E-06,2.03E-06,2.08E-06,2.08E-06,1.94E-06,1.94E-06,1.82E-06,1.82E-06,1.82E-06,2.58E-05,2.58E-05,3.00E-06,3.00E-06,2.06E-06,2.06E-06,1.78E-06,1.78E-06,1.90E-06,1.90E-06,2.29E-06,2.29E-06,3.03E-06,3.03E-06,0.008875197,0.008875197,0.03159203,0.03159203,0.000384934,0.000384934,0.000246292,0.000246292,2.52E-05,2.52E-05,2.52E-05,2.76E-06,2.76E-06,3.13E-06,3.13E-06,1.55E-06,1.55E-06,1.43E-06,1.43E-06,2.52E-06,2.52E-06,2.08E-06,2.08E-06,1.90E-06,1.90E-06,1.68E-06,1.68E-06,3.10E-05,3.10E-05,2.97E-06,2.97E-06,1.86E-06,1.86E-06,1.65E-06,1.65E-06,1.65E-06,1.47E-06,1.47E-06,1.55E-06,1.55E-06,1.45E-06,1.45E-06,1.74E-06,1.74E-06,1.75E-06,1.75E-06,1.79E-06,1.79E-06,3.11E-05,3.11E-05,2.92E-06,2.92E-06,2.07E-06,2.07E-06,1.66E-06,1.66E-06,1.58E-06,1.58E-06,1
1.63E-06,1.63E-06,1.63E-06,1.46E-06,1.46E-06,1.25E-06,1.25E-06,1.37E-06,1.37E-06,1.14E-06,1.14E-06,2.24E-05,2.24E-05,2.59E-06,2.59E-06,1.79E-06,1.79E-06,1.57E-06,1.57E-06,1.61E-06,1.61E-06,1.42E-05,1.42E-05,0.19127087,0.19127087,0.2498591,0.2498591,0.2498591,0.3606686,0.3606686,0.13843451,0.13843451,0.23986621,0.23986621,0.054115098,0.054115098,0.043288507,0.043288507,0.042844184,0.042844184,9.65E-05,9.65E-05,4.59E-06,4.59E-06,0.001041672,0.001041672,0.14859332,0.14859332,0.25328842,0.25328842,0.010692623,0.010692623,0.010692623,6.30E-05,6.30E-05,3.70E-06,3.70E-06,1.91E-06,1.91E-06,2.12E-06,2.12E-06,1.77E-06,1.77E-06,1.71E-06,1.71E-06,1.93E-06,1.93E-06,1.80E-06,1.80E-06,2.13E-06,2.13E-06,1.91E-06,1.91E-06,2.61E-05,2.61E-05,3.23E-06,3.23E-06,3.23E-06,2.42E-06,2.42E-06,2.21E-06,2.21E-06,2.36E-06,2.36E-06,1.84E-06,1.84E-06,1.93E-06,1.93E-06,1.46E-06,1.46E-06,1.82E-06,1.82E-06,1.73E-06,1.73E-06,2.22E-05,2.22E-05,3.65E-06,3.65E-06,2.04E-06,2.04E-06,1.91E-06,1.91E-06,1.91E-06,2.21E-06,2.21E-06,2.01E-06,2.01E-06,1.92E-06,1.92E-06,1.82E-06,1.82E-06,1.81E-06,1.81E-06,1.84E-06,1.84E-06,2.34E-05,2.34E-05,2.94E-06,2.94E-06,2.10E-06,2.10E-06,1.67E-06,1.67E-06,1.47E-06,1.47E-06,1.71E-06,1.71E-06,1.71E-06,2.61E-06,2.61E-06,2.70E-06,2.70E-06,2.19E-06,2.19E-06,2.43E-06,2.43E-06,3.09E-05,3.09E-05,3.58E-06,3.58E-06,2.55E-06,2.55E-06,2.26E-06,2.26E-06,1.75E-06,1.75E-06,1.85E-06,1.85E-06,2.05E-06,2.05E-06,2.18E-06,2.18E-06,2.18E-06,2.32E-06,2.32E-06,2.17E-06,2.17E-06,2.91E-05,2.91E-05,4.04E-06,4.04E-06,2.42E-06,2.42E-06,2.09E-06,2.09E-06,1.88E-06,1.88E-06,1.88E-06,1.88E-06,1.60E-06,1.60E-06,1.77E-06,1.77E-06,1.61E-06,1.61E-06,1.77E-06,1.77E-06,1.77E-06,2.73E-05,2.73E-05,3.03E-06,3.03E-06,2.40E-06,2.40E-06,2.35E-06,2.35E-06,1.82E-06,1.82E-06,1.78E-06,1.78E-06,2.06E-06,2.06E-06,1.89E-06,1.89E-06,1.46E-06,1.46E-06,1.47E-06,1.47E-06,3.08E-05,3.08E-05,3.75E-06,3.75E-06,3.75E-06,2.72E-06,2.72E-06,2.26E-06,2.26E-06,2.13E-06,2.13E-06,2.30E-06,2.30E-06,1.93E-06,1.93E-06,2.15E-06,2.15E-06,2.14E-06,2.14E-06,1.85E-06,1.85E-06,2.93E-05,2.93E-05,3.75E-06,3.75E-06,2.79E-06,2.79E-06,1
2.16E-06,2.16E-06,2.16E-06,1.81E-06,1.81E-06,2.20E-06,2.20E-06,2.50E-06,2.50E-06,2.04E-06,2.04E-06,2.14E-06,2.14E-06,2.34E-06,2.34E-06,2.87E-05,2.87E-05,3.42E-05,3.42E-05,0.0981692,0.0981692,0.46303344,0.46303344,0.72531074,0.72531074,0.08645433,0.08645433,0.08645433,0.28001,0.28001,0.19072683,0.19072683,0.37680164,0.37680164,0.35146272,0.35146272,0.32434645,0.32434645,0.208264,0.208264,0.060621727,0.060621727,0.03220559,0.03220559,0.031729784,0.031729784,0.07387919,0.07387919,0.11221559,0.11221559,0.040145863,0.040145863,0.040145863,0.05028767,0.05028767,0.03310028,0.03310028,0.078160614,0.078160614,0.023416227,0.023416227,0.000174542,0.000174542,3.36E-05,3.36E-05,3.39E-05,3.39E-05,4.22E-05,4.22E-05,1.80E-05,1.80E-05,1.48E-05,1.48E-05,1.29E-05,1.29E-05,8.18E-06,8.18E-06,8.18E-06,7.15E-05,7.15E-05,1.17E-05,1.17E-05,7.80E-06,7.80E-06,7.04E-06,7.04E-06,4.77E-06,4.77E-06,3.82E-06,3.82E-06,3.79E-06,3.79E-06,2.14E-06,2.14E-06,2.35E-06,2.35E-06,2.17E-06,2.17E-06,2.84E-05,2.84E-05,4.06E-06,4.06E-06,4.06E-06,2.67E-06,2.67E-06,3.38E-06,3.38E-06,2.11E-06,2.11E-06,2.56E-06,2.56E-06,2.76E-06,2.76E-06,2.64E-06,2.64E-06,2.30E-06,2.30E-06,2.00E-06,2.00E-06,2.57E-05,2.57E-05,3.31E-06,3.31E-06,2.96E-06,2.96E-06,2.59E-06,2.59E-06,2.59E-06,2.78E-06,2.78E-06,2.06E-06,2.06E-06,2.01E-06,2.01E-06,2.28E-06,2.28E-06,2.36E-06,2.36E-06,2.82E-06,2.82E-06,4.64E-05,4.64E-05,6.92E-06,6.92E-06,3.64E-06,3.64E-06,3.63E-06,3.63E-06,4.59E-06,4.59E-06,5.13E-06,5.13E-06,5.13E-06,4.48E-06,4.48E-06,3.98E-06,3.98E-06,3.12E-06,3.12E-06,3.11E-06,3.11E-06,3.07E-05,3.07E-05,3.20E-06,3.20E-06,1.99E-05,1.99E-05,0.09805027,0.09805027,0.543794,0.543794,0.4849079,0.4849079,0.4209214,0.4209214,0.1447146,0.1447146,0.1447146,0.010295052,0.010295052,0.019459886,0.019459886,0.08300533,0.08300533,0.014099561,0.014099561,0.10913303,0.10913303,0.056992926,0.056992926,0.2960614,0.2960614,0.001377901,0.001377901,3.65E-05,3.65E-05,1.29E-05,1.29E-05,6.05E-06,6.05E-06,6.53E-06,6.53E-06,6.53E-06,6.14E-05,6.14E-05,1.37E-05,1.37E-05,1.15E-05,1.15E-05,1.71E-05,1.71E-05,1.25E-05,1.25E-05,8.97E-06,8.97E-06,1.03E-05,1.03E-05,8.51E-06,8.51E-06,8.43E-06,8.43E-06,5.56E-06,5.56E-06,6.55E-05,6.55E-05,1
1.60E-05,1.60E-05,1.60E-05,6.81E-06,6.81E-06,4.21E-06,4.21E-06,3.58E-06,3.58E-06,3.49E-06,3.49E-06,4.33E-06,4.33E-06,3.42E-06,3.42E-06,3.24E-06,3.24E-06,3.00E-06,3.00E-06,5.59E-05,5.59E-05,5.90E-06,5.90E-06,5.63E-06,5.63E-06,4.13E-06,4.13E-06,4.13E-06,4.18E-06,4.18E-06,4.44E-06,4.44E-06,4.93E-06,4.93E-06,5.02E-06,5.02E-06,4.63E-06,4.63E-06,5.26E-06,5.26E-06,7.73E-05,7.73E-05,1.38E-05,1.38E-05,7.82E-06,7.82E-06,7.45E-06,7.45E-06,7.05E-06,7.05E-06,5.10E-06,5.10E-06,5.10E-06,4.37E-06,4.37E-06,4.27E-06,4.27E-06,3.29E-06,3.29E-06,5.48E-06,5.48E-06,7.67E-05,7.67E-05,1.26E-05,1.26E-05,1.28E-05,1.28E-05,1.32E-05,1.32E-05,8.12E-06,8.12E-06,7.14E-06,7.14E-06,6.23E-06,6.23E-06,4.88E-06,4.88E-06,4.88E-06,4.62E-06,4.62E-06,4.85E-06,4.85E-06,4.40E-05,4.40E-05,6.80E-06,6.80E-06,4.92E-06,4.92E-06,5.28E-06,5.28E-06,6.84E-06,6.84E-06,9.32E-06,9.32E-06,1.09E-05,1.09E-05,1.05E-05,1.05E-05,9.98E-06,9.98E-06,1.05E-05,1.05E-05,1.05E-05,0.000110604,0.000110604,2.49E-05,2.49E-05,1.14E-05,1.14E-05,6.97E-06,6.97E-06,7.84E-06,7.84E-06,6.26E-06,6.26E-06,5.75E-06,5.75E-06,5.86E-06,5.86E-06,6.77E-06,6.77E-06,1.44E-05,1.44E-05,0.000120565,0.000120565,2.34E-05,2.34E-05,2.34E-05,2.05E-05,2.05E-05,2.26E-05,2.26E-05,6.46E-05,6.46E-05,5.27E-05,5.27E-05,5.27E-05,5.27E-05,0.000102079,0.000102079,0.001079414,0.001079414,0.000310903,0.000310903,0.012195092,0.012195092,0.001781676,0.001781676,0.00588987,0.00588987,1.69E-05,1.69E-05,1.69E-05,3.37E-06,3.37E-06,3.82E-06,3.82E-06,3.24E-06,3.24E-06,4.19E-06,4.19E-06,3.76E-06,3.76E-06,2.83E-06,2.83E-06,4.22E-05,4.22E-05,0.008399289,0.008399289,0.08668,0.08668,0.058782782,0.058782782,0.03979575,0.03979575,0.00018223,0.00018223,0.00018223,9.52E-05,9.52E-05,1.27E-05,1.27E-05,5.87E-06,5.87E-06,6.53E-06,6.53E-06,6.84E-05,6.84E-05,1.13E-05,1.13E-05,1.80E-05,1.80E-05,1.34E-05,1.34E-05,1.55E-05,1.55E-05,1.89E-05,1.89E-05,1.42E-05,1.42E-05,2.13E-05,2.13E-05,2.13E-05,3.01E-05,3.01E-05,2.89E-05,2.89E-05,0.0001657,0.0001657,2.15E-05,2.15E-05,1.57E-05,1.57E-05,1.71E-05,1.71E-05,1.05E-05,1.05E-05,1.44E-05,1.44E-05,1.65E-05,1.65E-05,1.23E-05,1.23E-05,1.48E-05,1.48E-05,1
7.21E-06,7.21E-06,7.21E-06,8.13E-05,8.13E-05,7.96E-06,7.96E-06,4.99E-06,4.99E-06,6.88E-06,6.88E-06,5.74E-06,5.74E-06,5.71E-06,5.71E-06,5.35E-06,5.35E-06,5.96E-06,5.96E-06,5.26E-06,5.26E-06,4.52E-06,4.52E-06,4.34E-05,4.34E-05,5.83E-06,5.83E-06,5.83E-06,3.54E-06,3.54E-06,4.02E-06,4.02E-06,4.27E-06,4.27E-06,5.79E-06,5.79E-06,7.04E-06,7.04E-06,5.06E-06,5.06E-06,6.36E-06,6.36E-06,5.55E-06,5.55E-06,4.16E-05,4.16E-05,8.65E-06,8.65E-06,4.28E-06,4.28E-06,4.81E-06,4.81E-06,4.81E-06,4.93E-06,4.93E-06,4.76E-06,4.76E-06,4.95E-06,4.95E-06,5.37E-06,5.37E-06,4.14E-06,4.14E-06,3.18E-06,3.18E-06,5.53E-05,5.53E-05,8.93E-06,8.93E-06,5.27E-06,5.27E-06,4.40E-06,4.40E-06,4.32E-06,4.32E-06,3.58E-06,3.58E-06,3.58E-06,2.86E-06,2.86E-06,4.08E-06,4.08E-06,4.08E-06,4.08E-06,0.000279978,0.000279978,0.19098808,0.19098808,0.012683727,0.012683727,0.000440792,0.000440792,0.000130464,0.000130464,6.20E-05,6.20E-05,7.18E-05,7.18E-05,2.76E-05,2.76E-05,2.51E-05,2.51E-05,2.51E-05,2.99E-05,2.99E-05,2.79E-05,2.79E-05,0.00024777,0.00024777,3.69E-05,3.69E-05,3.20E-05,3.20E-05,2.02E-05,2.02E-05,1.50E-05,1.50E-05,1.82E-05,1.82E-05,1.31E-05,1.31E-05,1.40E-05,1.40E-05,1.37E-05,1.37E-05,1.46E-05,1.46E-05,1.46E-05,8.35E-05,8.35E-05,1.20E-05,1.20E-05,7.66E-06,7.66E-06,7.38E-06,7.38E-06,5.71E-06,5.71E-06,7.20E-06,7.20E-06,8.74E-06,8.74E-06,7.20E-06,7.20E-06,6.16E-06,6.16E-06,7.45E-06,7.45E-06,9.45E-05,9.45E-05,1.14E-05,1.14E-05,1.14E-05,6.56E-06,6.56E-06,5.59E-06,5.59E-06,4.84E-06,4.84E-06,4.24E-06,4.24E-06,5.12E-06,5.12E-06,4.79E-06,4.79E-06,5.44E-06,5.44E-06,4.32E-06,4.32E-06,5.51E-05,5.51E-05,1.01E-05,1.01E-05,4.41E-06,4.41E-06,3.37E-06,3.37E-06,3.37E-06,4.87E-06,4.87E-06,5.48E-06,5.48E-06,5.22E-06,5.22E-06,1.09E-05,1.09E-05,6.71E-06,6.71E-06,1.56E-05,1.56E-05,0.000814472,0.000814472,0.000153701,0.000153701,0.000252533,0.000252533,0.000511905,0.000511905,0.002008714,0.002008714,0.000227675,0.000227675,0.000227675,0.000128514,0.000128514,4.81E-05,4.81E-05,0.000144981,0.000144981,0.000122056,0.000122056,0.000212118,0.000212118,2.73E-05,2.73E-05,7.97E-06,7.97E-06,4.64E-06,4.64E-06,4.08E-06,4.08E-06,3.11E-06,3.11E-06,3.65E-06,3.65E-06,1
1.34E-05,1.34E-05,1.13E-05,1.13E-05,6.79E-06,6.79E-06,4.25E-06,4.25E-06,4.02E-06,4.02E-06,4.59E-06,4.59E-06,5.21E-06,5.21E-06,4.00E-06,4.00E-06,3.60E-06,3.60E-06,5.30E-05,5.30E-05,9.76E-06,9.76E-06,1.06E-05,1.06E-05,1.29E-05,1.29E-05,1.30E-05,1.30E-05,9.11E-06,9.11E-06,9.68E-06,9.68E-06,1.49E-05,1.49E-05,1.44E-05,1.44E-05,1.84E-05,1.84E-05,0.00011368,0.00011368,2.02E-05,2.02E-05,1.36E-05,1.36E-05,1.48E-05,1.48E-05,1.52E-05,1.52E-05,1.57E-05,1.57E-05,1.01E-05,1.01E-05,1.57E-05,1.57E-05,2.45E-05,2.45E-05,1.41E-05,1.41E-05,8.47E-05,8.47E-05,1.16E-05,1.16E-05,8.20E-05,8.20E-05,0.35662758,0.35662758,0.58838737,0.58838737,3.19E-05,3.19E-05,1.17E-05,1.17E-05,6.82E-06,6.82E-06,4.23E-06,4.23E-06,4.52E-06,4.52E-06,7.83E-05,7.83E-05,9.26E-06,9.26E-06,5.24E-06,5.24E-06,4.34E-06,4.34E-06,4.42E-06,4.42E-06,3.98E-06,3.98E-06,3.67E-06,3.67E-06,4.10E-06,4.10E-06,4.28E-06,4.28E-06,4.76E-06,4.76E-06,6.93E-05,6.93E-05,6.96E-06,6.96E-06,4.57E-06,4.57E-06,3.87E-06,3.87E-06,4.62E-06,4.62E-06,3.47E-06,3.47E-06,3.81E-06,3.81E-06,5.00E-06,5.00E-06,5.18E-06,5.18E-06,4.57E-06,4.57E-06,7.26E-05,7.26E-05,7.91E-06,7.91E-06,4.15E-06,4.15E-06,4.67E-06,4.67E-06,4.49E-06,4.49E-06,3.31E-06,3.31E-06,5.53E-06,5.53E-06,7.29E-06,7.29E-06,9.07E-06,9.07E-06,6.53E-06,6.53E-06,7.20E-05,7.20E-05,9.85E-06,9.85E-06,5.18E-06,5.18E-06,5.23E-06,5.23E-06,4.59E-06,4.59E-06,4.73E-06,4.73E-06,4.95E-06,4.95E-06,5.30E-06,5.30E-06,3.83E-06,3.83E-06,4.77E-06,4.77E-06,5.88E-05,5.88E-05,6.60E-06,6.60E-06,4.36E-06,4.36E-06,2.59E-06,2.59E-06,1.93E-06,1.93E-06,2.10E-06,2.10E-06,2.24E-06,2.24E-06,1.92E-06,1.92E-06,1.95E-06,1.95E-06,1.91E-06,1.91E-06,4.07E-05,4.07E-05,3.85E-06,3.85E-06,2.78E-06,2.78E-06,2.28E-06,2.28E-06,2.11E-06,2.11E-06,2.18E-06,2.18E-06,2.46E-06,2.46E-06,2.09E-06,2.09E-06,1.98E-06,1.98E-06,2.01E-06,2.01E-06,4.71E-05,4.71E-05,4.47E-06,4.47E-06,2.91E-06,2.91E-06,2.37E-06,2.37E-06,2.58E-06,2.58E-06,2.66E-06,2.66E-06,2.59E-06,2.59E-06,2.40E-06,2.40E-06,2.28E-06,2.28E-06,2.43E-06,2.43E-06,4.23E-05,4.23E-05,4.81E-06,4.81E-06,2.78E-06,2.78E-06,2.75E-06,1
2.75E-06,2.72E-06,2.72E-06,2.66E-06,2.66E-06,2.62E-06,2.62E-06,3.00E-06,3.00E-06,2.50E-06,2.50E-06,2.23E-06,2.23E-06,4.05E-05,4.05E-05,4.52E-06,4.52E-06,2.96E-06,2.96E-06,2.84E-06,2.84E-06,3.04E-06,3.04E-06,3.26E-06,3.26E-06,2.90E-06,2.90E-06,3.17E-06,3.17E-06,3.37E-06,3.37E-06,2.74E-06,2.74E-06,5.02E-05,5.02E-05,5.02E-06,5.02E-06,3.02E-06,3.02E-06,2.94E-06,2.94E-06,2.69E-06,2.69E-06,3.49E-06,3.49E-06,2.92E-06,2.92E-06,2.76E-06,2.76E-06,2.80E-06,2.80E-06,3.54E-06,3.54E-06,8.32E-05,8.32E-05,9.65E-06,9.65E-06,8.07E-06,8.07E-06,4.74E-06,4.74E-06,3.09E-06,3.09E-06,3.73E-06,3.73E-06,3.52E-06,3.52E-06,3.79E-06,3.79E-06,3.20E-06,3.20E-06,5.88E-06,5.88E-06,7.29E-05,7.29E-05,1.07E-05,1.07E-05,7.66E-06,7.66E-06,9.68E-06,9.68E-06,1.46E-05,1.46E-05,1.20E-05,1.20E-05,1.42E-05,1.42E-05,1.28E-05,1.28E-05,1.24E-05,1.24E-05,1.44E-05,1.44E-05,0.000119613,0.000119613,1.79E-05,1.79E-05,1.06E-05,1.06E-05,9.51E-06,9.51E-06,1.04E-05,1.04E-05,1.66E-05,1.66E-05,1.36E-05,1.36E-05,1.68E-05,1.68E-05,1.47E-05,1.47E-05,1.79E-05,1.79E-05,0.000143465,0.000143465,4.36E-05,4.36E-05,2.59E-05,2.59E-05,1.98E-05,1.98E-05,1.81E-05,1.81E-05,1.73E-05,1.73E-05,1.59E-05,1.59E-05,2.09E-05,2.09E-05,4.47E-05,4.47E-05,2.20E-05,2.20E-05,0.000157209,0.000157209,3.79E-05,3.79E-05,9.14E-05,9.14E-05,4.39E-05,4.39E-05,5.93E-05,5.93E-05,5.44E-05,5.44E-05,7.38E-05,7.38E-05,3.98E-05,3.98E-05,0.10417967,0.10417967,0.45907947,0.45907947,0.003806467,0.003806467,7.77E-05,7.77E-05,1.55E-05,1.55E-05,8.12E-06,8.12E-06,6.90E-06,6.90E-06,8.31E-06,8.31E-06,8.55E-06,8.55E-06,8.52E-06,8.52E-06,8.01E-06,8.01E-06,7.04E-06,7.04E-06,0.000111985,0.000111985,1.41E-05,1.41E-05,1.08E-05,1.08E-05,7.75E-06,7.75E-06,7.63E-06,7.63E-06,7.55E-06,7.55E-06,6.74E-06,6.74E-06,7.63E-06,7.63E-06,5.70E-06,5.70E-06,4.75E-06,4.75E-06,6.64E-05,6.64E-05,9.83E-06,9.83E-06,5.94E-06,5.94E-06,3.91E-06,3.91E-06,5.41E-06,5.41E-06,5.84E-06,5.84E-06,5.55E-06,5.55E-06,4.21E-06,4.21E-06,3.92E-06,3.92E-06,3.55E-06,3.55E-06,5.52E-05,5.52E-05,6.45E-06,6.45E-06,3.93E-06,3.93E-06,3.32E-06,3.32E-06,3.47E-06,3.47E-06,3.06E-06,3.06E-06,1
3.31E-06,3.31E-06,3.09E-06,3.09E-06,3.75E-06,3.75E-06,3.49E-06,3.49E-06,5.41E-05,5.41E-05,5.69E-06,5.69E-06,3.43E-06,3.43E-06,3.24E-06,3.24E-06,2.52E-06,2.52E-06,3.13E-06,3.13E-06,2.89E-06,2.89E-06,5.19E-06,5.19E-06,4.88E-06,4.88E-06,5.93E-06,5.93E-06,6.52E-05,6.52E-05,1.03E-05,1.03E-05,6.25E-06,6.25E-06,7.50E-06,7.50E-06,6.36E-06,6.36E-06,6.17E-06,6.17E-06,1.07E-05,1.07E-05,8.56E-06,8.56E-06,8.44E-06,8.44E-06,9.75E-06,9.75E-06,8.60E-05,8.60E-05,1.37E-05,1.37E-05,7.46E-06,7.46E-06,6.11E-06,6.11E-06,7.14E-06,7.14E-06,6.42E-06,6.42E-06,6.85E-06,6.85E-06,7.43E-06,7.43E-06,6.34E-06,6.34E-06,8.85E-06,8.85E-06,8.12E-05,8.12E-05,1.97E-05,1.97E-05,9.58E-06,9.58E-06,9.53E-06,9.53E-06,6.34E-06,6.34E-06,6.60E-06,6.60E-06,5.97E-06,5.97E-06,6.50E-06,6.50E-06,6.63E-06,6.63E-06,7.22E-06,7.22E-06,8.91E-05,8.91E-05,1.43E-05,1.43E-05,1.11E-05,1.11E-05,7.16E-06,7.16E-06,1.28E-05,1.28E-05,1.33E-05,1.33E-05,1.18E-05,1.18E-05,8.23E-06,8.23E-06,1.29E-05,1.29E-05,1.55E-05,1.55E-05,8.33E-05,8.33E-05,1.49E-05,1.49E-05,1.18E-05,1.18E-05,1.06E-05,1.06E-05,8.29E-06,8.29E-06,0.84186196,0.84186196,0.99170786,0.99170786,0.6482863,0.6482863,0.001199445,0.001199445,8.97E-05,8.97E-05,0.000366837,0.000366837,3.16E-05,3.16E-05,1.14E-05,1.14E-05,7.23E-06,7.23E-06,5.62E-06,5.62E-06,4.86E-06,4.86E-06,5.50E-06,5.50E-06,5.25E-06,5.25E-06,4.93E-06,4.93E-06,5.25E-06,5.25E-06,8.34E-05,8.34E-05,8.71E-06,8.71E-06,5.25E-06,5.25E-06,5.38E-06,5.38E-06,4.77E-06,4.77E-06,5.12E-06,5.12E-06,5.31E-06,5.31E-06,5.70E-06,5.70E-06,6.28E-06,6.28E-06,6.26E-06,6.26E-06,6.74E-05,6.74E-05,6.31E-06,6.31E-06,3.66E-06,3.66E-06,2.94E-06,2.94E-06,2.92E-06,2.92E-06,2.72E-06,2.72E-06,2.43E-06,2.43E-06,2.82E-06,2.82E-06,2.69E-06,2.69E-06,2.44E-06,2.44E-06,5.41E-05,5.41E-05,4.30E-06,4.30E-06,3.43E-06,3.43E-06,3.52E-06,3.52E-06,3.18E-06,3.18E-06,2.63E-06,2.63E-06,2.54E-06,2.54E-06,2.53E-06,2.53E-06,2.10E-06,2.10E-06,2.48E-06,2.48E-06,4.79E-05,4.79E-05,4.34E-06,4.34E-06,2.84E-06,2.84E-06,2.73E-06,2.73E-06,2.24E-06,2.24E-06,1.98E-06,1.98E-06,1.99E-06,1.99E-06,2.73E-06,2.73E-06,0.40181902,1
7.74E-06,7.74E-06,3.74E-06,3.74E-06,1.60E-06,1.45E-06,1.45E-06,8.57E-07,8.57E-07,8.10E-07,1.35E-06,1.35E-06,7.43E-07,7.43E-07,1.65E-06,0.5074218,0.5074218,0.27154663,0.27154663,0.03323966,1.23E-05,1.23E-05,1.03E-06,1.03E-06,8.22E-07,6.73E-07,6.73E-07,5.73E-07,5.73E-07,6.33E-07,5.82E-07,5.82E-07,0.6583618,0.6583618,0.5412773,0.000264277,0.000264277,2.37E-06,2.37E-06,1.49E-06,2.22E-06,2.22E-06,2.16E-06,2.16E-06,1.48E-06,2.21E-06,2.21E-06,0.19551134,0.19551134,0.9552255,0.904837,0.904837,0.00230629,0.00230629,4.59E-06,1.15E-06,1.15E-06,7.53E-07,7.53E-07,5.15E-07,5.30E-07,5.30E-07,1.99E-05,1.99E-05,0.06848091,0.17734502,0.17734502,1.38E-05,1.38E-05,3.01E-06,1.56E-06,1.56E-06,7.31E-07,7.31E-07,5.47E-07,4.54E-07,4.54E-07,5.27E-07,5.27E-07,4.55E-07,4.43E-07,4.43E-07,1.62E-05,1.62E-05,1.45E-06,5.98E-07,5.98E-07,4.10E-07,4.10E-07,4.09E-07,3.61E-07,3.61E-07,3.48E-07,3.48E-07,3.27E-07,3.03E-07,3.03E-07,3.37E-07,3.37E-07,7.59E-06,6.90E-07,6.90E-07,4.84E-07,4.84E-07,4.29E-07,4.27E-07,4.27E-07,3.59E-07,3.59E-07,4.59E-07,5.36E-07,5.36E-07,4.50E-07,4.50E-07,4.40E-07,9.98E-06,9.98E-06,1.31E-06,1.31E-06,1.29E-06,0.5554062,0.5554062,0.9280364,0.9280364,0.46227172,1.53E-05,1.53E-05,1.72E-06,1.72E-06,1.65E-06,7.42E-07,7.42E-07,2.30E-05,2.30E-05,1.78E-06,1.04E-06,1.04E-06,7.09E-07,7.09E-07,5.43E-07,8.35E-06,8.35E-06,0.5227798,0.5227798,0.5375002,0.000235104,0.000235104,1.73E-06,1.73E-06,8.41E-05,3.17E-06,3.17E-06,1.41E-06,1.41E-06,7.10E-07,5.78E-07,5.78E-07,6.17E-07,6.17E-07,5.91E-07,4.84E-07,4.84E-07,4.44E-07,4.44E-07,6.70E-07,0.031326506,0.031326506,0.2222069,0.2222069,0.001889158,3.52E-05,3.52E-05,1.49E-06,1.49E-06,9.72E-07,5.91E-07,5.91E-07,4.95E-07,4.95E-07,4.20E-07,4.55E-07,4.55E-07,1.29E-05,1.29E-05,9.41E-07,4.98E-07,4.98E-07,4.33E-07,4.33E-07,3.73E-07,3.38E-07,3.38E-07,3.20E-07,3.20E-07,3.17E-07,2.61E-07,2.61E-07,2.87E-07,2.87E-07,1.07E-05,9.04E-07,9.04E-07,4.89E-07,4.89E-07,5.67E-07,9.57E-05,9.57E-05,0.18069327,0.18069327,2.97E-05,2.12E-06,2.12E-06,6.51E-07,6.51E-07,4.95E-07,1.82E-05,1.82E-05,1.07E-06,1.07E-06,4.66E-07,4.08E-07,4.08E-07,3.19E-07,3.19E-07,2.77E-07,1
2.53E-07,2.53E-07,2.23E-07,2.23E-07,2.13E-07,2.08E-07,2.08E-07,1.32E-05,1.32E-05,1.41E-06,7.63E-07,7.63E-07,6.76E-07,6.76E-07,5.08E-07,4.07E-07,4.07E-07,3.84E-07,3.84E-07,3.19E-07,3.21E-07,3.21E-07,3.09E-07,3.09E-07,9.18E-06,8.96E-07,8.96E-07,4.62E-07,4.62E-07,3.56E-07,3.07E-07,3.07E-07,3.40E-07,3.40E-07,3.32E-07,3.12E-07,3.12E-07,2.99E-07,2.99E-07,2.98E-07,9.33E-06,9.33E-06,0.025024427,0.025024427,0.001680135,8.94E-06,8.94E-06,1.53E-06,1.53E-06,7.32E-07,4.61E-07,4.61E-07,4.03E-07,4.03E-07,2.75E-07,2.32E-07,2.32E-07,7.24E-06,7.24E-06,7.30E-07,3.37E-07,3.37E-07,2.98E-07,2.98E-07,2.64E-07,2.61E-07,2.61E-07,2.29E-07,2.29E-07,3.34E-07,2.59E-07,2.59E-07,2.55E-07,2.55E-07,1.28E-05,9.90E-07,9.90E-07,6.14E-07,6.14E-07,4.77E-07,6.48E-07,6.48E-07,0.06668523,0.06668523,0.032052767,3.69E-05,3.69E-05,2.44E-06,2.44E-06,8.69E-07,1.37E-05,1.37E-05,1.27E-06,1.27E-06,4.71E-07,3.67E-07,3.67E-07,3.10E-07,3.10E-07,4.13E-07,0.001167207,0.001167207,0.9281968,0.9281968,0.000513604,2.84E-06,2.84E-06,2.01E-05,2.01E-05,1.25E-06,7.52E-07,7.52E-07,4.51E-07,4.51E-07,4.35E-07,4.17E-07,4.17E-07,3.33E-07,3.33E-07,3.41E-07,3.25E-07,3.25E-07,3.33E-07,3.33E-07,9.09E-06,1.68E-06,1.68E-06,0.66580653,0.66580653,0.05453283,2.61E-05,2.61E-05,6.34E-07,6.34E-07,3.61E-07,3.59E-07,3.59E-07,2.52E-07,2.52E-07,2.86E-07,8.96E-06,8.96E-06,8.63E-07,8.63E-07,3.51E-07,2.76E-07,2.76E-07,2.51E-07,2.51E-07,2.23E-07,2.30E-07,2.30E-07,2.13E-07,2.13E-07,2.26E-07,2.11E-07,2.11E-07,8.92E-06,8.92E-06,1.02E-05,0.3150869,0.3150869,0.84907776,0.84907776,1.91E-05,1.70E-06,1.70E-06,8.29E-07,8.29E-07,3.83E-07,3.45E-07,3.45E-07,3.03E-07,3.03E-07,1.12E-05,1.05E-06,1.05E-06,5.66E-07,5.66E-07,6.58E-07,0.7499413,0.7499413,0.9954112,0.9954112,0.121569924,7.12E-05,7.12E-05,1.30E-06,1.30E-06,4.54E-07,1.26E-05,1.26E-05,1.05E-06,1.05E-06,6.14E-07,4.36E-07,4.36E-07,4.12E-07,4.12E-07,2.66E-07,2.38E-07,2.38E-07,2.04E-07,2.04E-07,1.88E-07,1.81E-07,1.81E-07,8.57E-06,8.57E-06,9.06E-07,4.11E-07,4.11E-07,2.82E-07,2.82E-07,2.32E-07,2.22E-07,2.22E-07,2.31E-07,2.31E-07,2.35E-07,2.15E-07,2.15E-07,2.65E-07,2.65E-07,1.22E-05,1
8.00E-06,8.00E-06,8.00E-06,7.03E-06,7.03E-06,4.94E-06,4.94E-06,5.56E-06,5.56E-06,5.48E-06,5.48E-06,5.45E-06,5.45E-06,5.20E-06,5.20E-06,4.45E-06,4.45E-06,4.40E-06,4.40E-06,4.76E-05,4.76E-05,7.39E-06,7.39E-06,6.14E-06,6.14E-06,7.60E-06,7.60E-06,7.60E-06,5.56E-06,5.56E-06,5.99E-06,5.99E-06,6.29E-06,6.29E-06,6.48E-06,6.48E-06,7.14E-06,7.14E-06,8.54E-06,8.54E-06,4.53E-05,4.53E-05,1.01E-05,1.01E-05,7.90E-06,7.90E-06,7.79E-06,7.79E-06,7.98E-06,7.98E-06,6.76E-06,6.76E-06,6.76E-06,8.35E-06,8.35E-06,6.13E-06,6.13E-06,8.64E-06,8.64E-06,7.38E-06,7.38E-06,6.03E-05,6.03E-05,0.96132255,0.96132255,0.39840266,0.39840266,0.070311256,0.070311256,9.59E-06,9.59E-06,6.54E-06,6.54E-06,6.19E-06,6.19E-06,5.97E-06,5.97E-06,5.97E-06,8.34E-06,8.34E-06,1.01E-05,1.01E-05,0.000126167,0.000126167,2.45E-05,2.45E-05,1.14E-05,1.14E-05,8.30E-06,8.30E-06,8.03E-06,8.03E-06,5.38E-06,5.38E-06,4.58E-06,4.58E-06,4.70E-06,4.70E-06,4.27E-06,4.27E-06,4.01E-06,4.01E-06,4.01E-06,5.27E-05,5.27E-05,7.90E-06,7.90E-06,3.70E-06,3.70E-06,4.15E-06,4.15E-06,5.75E-06,5.75E-06,7.26E-06,7.26E-06,8.26E-06,8.26E-06,8.49E-06,8.49E-06,1.11E-05,1.11E-05,1.15E-05,1.15E-05,8.80E-05,8.80E-05,2.00E-05,2.00E-05,2.00E-05,1.69E-05,1.69E-05,9.25E-06,9.25E-06,8.00E-06,8.00E-06,1.22E-05,1.22E-05,6.72E-06,6.72E-06,7.05E-06,7.05E-06,8.21E-06,8.21E-06,8.33E-06,8.33E-06,0.00017787,0.00017787,2.47E-05,2.47E-05,1.89E-05,1.89E-05,2.23E-05,2.23E-05,2.23E-05,2.38E-05,2.38E-05,1.47E-05,1.47E-05,1.37E-05,1.37E-05,1.42E-05,1.42E-05,2.09E-05,2.09E-05,2.17E-05,2.17E-05,0.00018156,0.00018156,2.60E-05,2.60E-05,2.55E-05,2.55E-05,1.48E-05,1.48E-05,1.53E-05,1.53E-05,7.16E-06,7.16E-06,7.16E-06,7.69E-06,7.69E-06,7.13E-06,7.13E-06,1.41E-05,1.41E-05,1.06E-05,1.06E-05,0.000116125,0.000116125,1.80E-05,1.80E-05,7.20E-06,7.20E-06,1.47E-05,1.47E-05,1.79E-05,1.79E-05,1.64E-05,1.64E-05,9.81E-06,9.81E-06,1.91E-05,1.91E-05,1.91E-05,1.05E-05,1.05E-05,1.12E-05,1.12E-05,0.000150799,0.000150799,3.11E-05,3.11E-05,2.75E-05,2.75E-05,2.16E-05,2.16E-05,2.56E-05,2.56E-05,3.08E-05,3.08E-05,3.95E-05,3.95E-05,1.66E-05,1.66E-05,2.54E-05,2.54E-05,1
5.63E-05,5.63E-05,5.63E-05,0.000441847,0.000441847,3.96E-05,3.96E-05,4.04E-05,4.04E-05,1.44E-05,1.44E-05,1.54E-05,1.54E-05,1.50E-05,1.50E-05,1.27E-05,1.27E-05,1.30E-05,1.30E-05,1.20E-05,1.20E-05,2.20E-05,2.20E-05,0.000198353,0.000198353,2.21E-05,2.21E-05,2.21E-05,7.68E-06,7.68E-06,6.35E-06,6.35E-06,8.72E-06,8.72E-06,6.80E-06,6.80E-06,8.70E-06,8.70E-06,9.87E-06,9.87E-06,1.28E-05,1.28E-05,1.29E-05,1.29E-05,0.000140034,0.000140034,1.80E-05,1.80E-05,1.26E-05,1.26E-05,1.06E-05,1.06E-05,1.06E-05,7.62E-06,7.62E-06,6.21E-06,6.21E-06,6.68E-06,6.68E-06,5.98E-06,5.98E-06,5.13E-06,5.13E-06,8.35E-06,8.35E-06,0.000163427,0.000163427,1.21E-05,1.21E-05,1.15E-05,1.15E-05,1.10E-05,1.10E-05,3.10E-05,3.10E-05,1.80E-05,1.80E-05,1.80E-05,2.98E-05,2.98E-05,4.43E-05,4.43E-05,2.92E-05,2.92E-05,4.02E-05,4.02E-05,0.000111657,0.000111657,1.43E-05,1.43E-05,1.32E-05,1.32E-05,9.25E-06,9.25E-06,1.59E-05,1.59E-05,1.15E-05,1.15E-05,1.10E-05,1.10E-05,1.20E-05,1.20E-05,1.20E-05,1.27E-05,1.27E-05,2.42E-05,2.42E-05,0.000183943,0.000183943,1.45E-05,1.45E-05,4.65E-06,4.65E-06,6.47E-06,6.47E-06,1.14E-05,1.14E-05,1.06E-05,1.06E-05,1.13E-05,1.13E-05,1.10E-05,1.10E-05,1.40E-05,1.40E-05,2.33E-05,2.33E-05,2.33E-05,0.000290694,0.000290694,3.67E-05,3.67E-05,2.53E-05,2.53E-05,1.61E-05,1.61E-05,3.08E-05,3.08E-05,1.28E-05,1.28E-05,4.30E-06,4.30E-06,5.73E-06,5.73E-06,1.11E-05,1.11E-05,1.06E-05,1.06E-05,8.22E-05,8.22E-05,1.97E-05,1.97E-05,1.97E-05,1.21E-05,1.21E-05,9.98E-06,9.98E-06,8.13E-06,8.13E-06,6.49E-06,6.49E-06,8.19E-06,8.19E-06,6.32E-06,6.32E-06,7.50E-06,7.50E-06,9.65E-06,9.65E-06,0.000106455,0.000106455,2.26E-05,2.26E-05,1.43E-05,1.43E-05,1.53E-05,1.53E-05,1.53E-05,1.44E-05,1.44E-05,2.28E-05,2.28E-05,1.22E-05,1.22E-05,1.25E-05,1.25E-05,1.32E-05,1.32E-05,1.29E-05,1.29E-05,8.43E-05,8.43E-05,1.35E-05,1.35E-05,8.78E-06,8.78E-06,8.57E-06,8.57E-06,7.59E-06,7.59E-06,7.25E-06,7.25E-06,7.25E-06,1.10E-05,1.10E-05,1.39E-05,1.39E-05,1.24E-05,1.24E-05,7.66E-06,7.66E-06,0.000104207,0.000104207,1.48E-05,1.48E-05,7.18E-06,7.18E-06,7.59E-06,7.59E-06,6.79E-06,6.79E-06,9.44E-06,9.44E-06,8.06E-06,8.06E-06,1
9.77E-06,9.77E-06,9.77E-06,1.93E-05,1.93E-05,2.13E-05,2.13E-05,0.000136254,0.000136254,2.16E-05,2.16E-05,1.61E-05,1.61E-05,1.57E-05,1.57E-05,8.41E-06,8.41E-06,1.73E-05,1.73E-05,2.49E-05,2.49E-05,1.94E-05,1.94E-05,7.86E-06,7.86E-06,1.39E-05,1.39E-05,1.39E-05,0.000179404,0.000179404,1.70E-05,1.70E-05,9.38E-06,9.38E-06,8.33E-06,8.33E-06,1.03E-05,1.03E-05,1.82E-05,1.82E-05,1.46E-05,1.46E-05,1.59E-05,1.59E-05,1.03E-05,1.03E-05,6.75E-06,6.75E-06,8.59E-05,8.59E-05,1.85E-05,1.85E-05,1.85E-05,1.28E-05,1.28E-05,1.77E-05,1.77E-05,9.66E-06,9.66E-06,2.00E-05,2.00E-05,1.88E-05,1.88E-05,3.23E-05,3.23E-05,2.42E-05,2.42E-05,1.97E-05,1.97E-05,0.0001259,0.0001259,2.95E-05,2.95E-05,1.24E-05,1.24E-05,5.82E-06,5.82E-06,5.82E-06,7.39E-06,7.39E-06,8.70E-06,8.70E-06,7.03E-06,7.03E-06,5.80E-06,5.80E-06,1.44E-05,1.44E-05,1.56E-05,1.56E-05,0.000185389,0.000185389,2.49E-05,2.49E-05,1.45E-05,1.45E-05,1.74E-05,1.74E-05,1.43E-05,1.43E-05,1.43E-05,1.43E-05,1.43E-05,2.43E-05,2.43E-05,1.03E-05,1.03E-05,1.37E-05,1.37E-05,8.40E-06,8.40E-06,0.000132856,0.000132856,2.78E-05,2.78E-05,7.87E-06,7.87E-06,8.80E-06,8.80E-06,1.06E-05,1.06E-05,1.36E-05,1.36E-05,1.68E-05,1.68E-05,2.45E-05,2.45E-05,2.45E-05,1.06E-05,1.06E-05,1.28E-05,1.28E-05,6.41E-05,6.41E-05,5.52E-06,5.52E-06,4.39E-06,4.39E-06,3.72E-06,3.72E-06,3.56E-06,3.56E-06,3.03E-06,3.03E-06,3.56E-06,3.56E-06,4.16E-06,4.16E-06,4.87E-06,4.87E-06,5.09E-06,5.09E-06,5.09E-06,5.86E-05,5.86E-05,1.24E-05,1.24E-05,7.88E-06,7.88E-06,1.12E-05,1.12E-05,1.28E-05,1.28E-05,1.93E-05,1.93E-05,3.21E-05,3.21E-05,5.15E-05,5.15E-05,0.000161129,0.000161129,0.00050072,0.00050072,0.000986927,0.000986927,0.000618823,0.000618823,0.000618823,0.000336622,0.000336622,0.033576276,0.033576276,0.84663826,0.84663826,0.9853571,0.9853571,0.8824762,0.8824762,0.72676146,0.72676146,0.56143546,0.56143546,0.81486505,0.81486505,0.88617295,0.88617295,0.81737673,0.81737673,0.80057925,0.80057925,0.46792486,0.46792486,0.46792486,0.35627314,0.35627314,0.24837795,0.24837795,0.06646574,0.06646574,0.033989858,0.033989858,0.009057767,0.009057767,0.00827672,0.00827672,0.048920713,0.048920713,0.07716748,0.07716748,0.47744855,0.47744855,0.33965278,0.33965278,0.029227905,0.029227905,1
0.03927203,0.03927203,0.03927203,0.024409853,0.024409853,0.04493479,0.04493479,0.14229901,0.14229901,0.18860914,0.18860914,0.4130616,0.4130616,0.78297836,0.78297836,0.001043383,0.001043383,3.22E-05,3.22E-05,2.99E-05,2.99E-05,3.06E-05,3.06E-05,0.000721295,0.000721295,0.000108133,0.000108133,0.000108133,0.000253691,0.000253691,0.000105752,0.000105752,0.00117653,0.00117653,0.000201377,0.000201377,6.44E-05,6.44E-05,8.74E-05,8.74E-05,8.93E-05,8.93E-05,0.000146427,0.000146427,0.000398065,0.000398065,7.98E-05,7.98E-05,2.46E-05,2.46E-05,6.02E-05,6.02E-05,6.02E-05,0.000725495,0.000725495,9.56E-05,9.56E-05,4.21E-05,4.21E-05,3.24E-05,3.24E-05,2.04E-05,2.04E-05,5.58E-05,5.58E-05,1.78E-05,1.78E-05,3.06E-05,3.06E-05,2.93E-05,2.93E-05,0.000105959,0.000105959,0.000554388,0.000554388,3.54E-05,3.54E-05,3.54E-05,3.20E-05,3.20E-05,3.20E-05,3.20E-05,2.35E-05,2.35E-05,9.59E-06,9.59E-06,3.61E-06,3.61E-06,3.41E-06,3.41E-06,3.91E-06,3.91E-06,3.83E-06,3.83E-06,6.00E-05,6.00E-05,9.07E-06,9.07E-06,4.58E-06,4.58E-06,7.26E-06,7.26E-06,7.26E-06,4.09E-06,4.09E-06,4.98E-06,4.98E-06,4.63E-06,4.63E-06,6.33E-06,6.33E-06,7.22E-06,7.22E-06,7.31E-06,7.31E-06,0.000140969,0.000140969,1.02E-05,1.02E-05,8.28E-06,8.28E-06,1.26E-05,1.26E-05,1.13E-05,1.13E-05,1.43E-05,1.43E-05,1.43E-05,1.65E-05,1.65E-05,1.40E-05,1.40E-05,1.10E-05,1.10E-05,9.68E-06,9.68E-06,0.000107953,0.000107953,1.43E-05,1.43E-05,7.21E-06,7.21E-06,7.05E-06,7.05E-06,7.78E-06,7.78E-06,5.85E-06,5.85E-06,7.25E-06,7.25E-06,5.63E-06,5.63E-06,5.63E-06,4.55E-06,4.55E-06,8.11E-06,8.11E-06,8.55E-05,8.55E-05,2.72E-05,2.72E-05,1.36E-05,1.36E-05,1.17E-05,1.17E-05,1.36E-05,1.36E-05,1.36E-05,1.36E-05,2.93E-05,2.93E-05,1.50E-05,1.50E-05,3.14E-05,3.14E-05,1.01E-05,1.01E-05,1.01E-05,0.000109281,0.000109281,1.74E-05,1.74E-05,3.82E-06,3.82E-06,4.74E-06,4.74E-06,4.55E-06,4.55E-06,4.38E-06,4.38E-06,1.09E-05,1.09E-05,1.02E-05,1.02E-05,0.00319526,0.00319526,0.98735774,0.98735774,0.6853865,0.6853865,0.59593534,0.59593534,0.59593534,0.16862333,0.16862333,0.005495495,0.005495495,0.001408405,0.001408405,0.047874898,0.047874898,0.7025735,0.7025735,0.8811375,0.8811375,0.18237503,0.18237503,0.000818847,0.000818847,0.001052157,0.001052157,0.000121752,0.000121752,3.95E-05,3.95E-05,1
2.98E-05,2.98E-05,2.98E-05,1.36E-05,1.36E-05,2.49E-05,2.49E-05,2.12E-05,2.12E-05,1.40E-05,1.40E-05,8.98E-06,8.98E-06,7.80E-06,7.80E-06,7.72E-05,7.72E-05,7.95E-06,7.95E-06,1.61E-05,1.61E-05,1.29E-05,1.29E-05,1.59E-05,1.59E-05,1.09E-05,1.09E-05,1.09E-05,6.33E-06,6.33E-06,8.03E-06,8.03E-06,9.19E-06,9.19E-06,7.63E-06,7.63E-06,8.08E-05,8.08E-05,1.74E-05,1.74E-05,1.30E-05,1.30E-05,1.46E-05,1.46E-05,1.78E-05,1.78E-05,1.94E-05,1.94E-05,1.50E-05,1.50E-05,2.64E-05,2.64E-05,2.64E-05,4.57E-05,4.57E-05,0.000496938,0.000496938,0.000670848,0.000670848,0.000108617,0.000108617,6.06E-05,6.06E-05,0.000198081,0.000198081,0.60569394,0.60569394,0.9079636,0.9079636,0.96724796,0.96724796,0.92391604,0.92391604,0.62708324,0.62708324,0.31904343,0.31904343,0.31904343,0.4644734,0.4644734,0.31830934,0.31830934,0.07121861,0.07121861,0.03569327,0.03569327,0.01608369,0.01608369,0.011099197,0.011099197,0.004420159,0.004420159,0.030134909,0.030134909,0.24838579,0.24838579,0.61507297,0.61507297,0.8799619,0.8799619,0.8539642,0.8539642,0.8539642,0.79717106,0.79717106,0.30477154,0.30477154,0.000210191,0.000210191,6.44E-05,6.44E-05,4.83E-05,4.83E-05,9.11E-05,9.11E-05,3.98E-05,3.98E-05,3.25E-05,3.25E-05,0.000285217,0.000285217,5.50E-05,5.50E-05,4.27E-05,4.27E-05,3.86E-05,3.86E-05,3.86E-05,3.45E-05,3.45E-05,2.71E-05,2.71E-05,4.58E-05,4.58E-05,0.000297309,0.000297309,0.060161315,0.060161315,0.99167585,0.99167585,0.99014586,0.99014586,0.9605304,0.9605304,0.8416113,0.8416113,0.8211313,0.8211313,0.94218177,0.94218177,0.18439528,0.18439528,0.18439528,0.015192501,0.015192501,0.008664846,0.008664846,0.00135593,0.00135593,0.00053909,0.00053909,0.019070799,0.019070799,0.001677873,0.001677873,0.026641864,0.026641864,0.15500648,0.15500648,0.7423966,0.7423966,0.5255986,0.5255986,0.03123254,0.03123254,0.000245179,0.000245179,0.000245179,3.53E-05,3.53E-05,1.41E-05,1.41E-05,0.000350108,0.000350108,6.72E-05,6.72E-05,0.00011118,0.00011118,8.12E-05,8.12E-05,0.000204143,0.000204143,9.83E-05,9.83E-05,0.000217161,0.000217161,7.86E-05,7.86E-05,4.11E-05,4.11E-05,3.16E-05,3.16E-05,3.16E-05,8.80E-05,8.80E-05,1.07E-05,1.07E-05,7.66E-06,7.66E-06,3.83E-06,3.83E-06,4.25E-06,4.25E-06,6.41E-06,6.41E-06,1.09E-05,1.09E-05,1.43E-05,1.43E-05,8.47E-06,8.47E-06,6.14E-06,6.14E-06,5.08E-05,5.08E-05,1
1.01E-05,1.01E-05,1.01E-05,9.79E-06,9.79E-06,5.18E-05,5.18E-05,2.35E-05,2.35E-05,1.91E-05,1.91E-05,1.19E-05,1.19E-05,1.02E-05,1.02E-05,1.02E-05,1.02E-05,8.30E-06,8.30E-06,0.000179474,0.000179474,2.70E-05,2.70E-05,7.00E-06,7.00E-06,8.87E-06,8.87E-06,8.87E-06,9.85E-05,9.85E-05,0.000115075,0.000115075,3.59E-05,3.59E-05,1.38E-05,1.38E-05,6.10E-05,6.10E-05,0.000124993,0.000124993,0.000405891,0.000405891,7.58E-05,7.58E-05,7.67E-05,7.67E-05,4.21E-05,4.21E-05,4.64E-05,4.64E-05,3.29E-05,3.29E-05,3.29E-05,1.49E-05,1.49E-05,0.000267881,0.000267881,2.91E-05,2.91E-05,3.87E-05,3.87E-05,0.000161097,0.000161097,4.75E-05,4.75E-05,6.07E-05,6.07E-05,4.99E-05,4.99E-05,1.84E-05,1.84E-05,1.88E-05,1.88E-05,0.000697141,0.000697141,0.45425722,0.45425722,0.45425722,0.8503815,0.8503815,4.56E-05,4.56E-05,0.00024199,0.00024199,4.26E-05,4.26E-05,1.81E-05,1.81E-05,1.27E-05,1.27E-05,1.21E-05,1.21E-05,9.99E-06,9.99E-06,1.27E-05,1.27E-05,1.11E-05,1.11E-05,8.27E-06,8.27E-06,8.29E-06,8.29E-06,8.29E-06,0.000101146,0.000101146,1.25E-05,1.25E-05,5.03E-06,5.03E-06,1.23E-05,1.23E-05,8.67E-06,8.67E-06,1.02E-05,1.02E-05,9.23E-06,9.23E-06,1.69E-05,1.69E-05,1.18E-05,1.18E-05,1.48E-05,1.48E-05,8.34E-05,8.34E-05,2.19E-05,2.19E-05,2.19E-05,1.55E-05,1.55E-05,1.81E-05,1.81E-05,2.01E-05,2.01E-05,8.46E-06,8.46E-06,1.42E-05,1.42E-05,0.25591037,0.25591037,0.5831684,0.5831684,0.6659924,0.6659924,0.001413887,0.001413887,2.36E-05,2.36E-05,1.42E-05,1.42E-05,8.65E-06,8.65E-06,8.65E-06,7.81E-06,7.81E-06,4.53E-06,4.53E-06,3.72E-06,3.72E-06,4.49E-06,4.49E-06,8.65E-06,8.65E-06,9.81E-06,9.81E-06,9.51E-05,9.51E-05,1.10E-05,1.10E-05,1.55E-05,1.55E-05,2.07E-05,2.07E-05,0.00010435,0.00010435,0.51055604,0.51055604,0.51055604,0.6307627,0.6307627,0.84493035,0.84493035,0.81167644,0.81167644,0.60114855,0.60114855,0.7202556,0.7202556,0.5696427,0.5696427,0.41219294,0.41219294,0.7319556,0.7319556,0.00211073,0.00211073,6.14E-05,6.14E-05,6.69E-06,6.69E-06,6.69E-06,6.69E-06,6.69E-06,1.63E-05,1.63E-05,1.55E-05,1.55E-05,0.000175546,0.000175546,2.48E-05,2.48E-05,3.81E-05,3.81E-05,0.87572306,0.87572306,0.9844072,0.9844072,0.9866816,0.9866816,0.83464825,0.83464825,0.5887593,0.5887593,0.7813683,0.7813683,1
0.71768844,0.71768844,0.71768844,0.70283896,0.70283896,0.000112854,0.000112854,3.05E-05,3.05E-05,1.97E-05,1.97E-05,3.51E-05,3.51E-05,2.07E-05,2.07E-05,2.10E-05,2.10E-05,3.20E-05,3.20E-05,3.55E-05,3.55E-05,5.33E-05,5.33E-05,0.00063646,0.00063646,9.43E-05,9.43E-05,9.43E-05,2.13E-05,2.13E-05,1.29E-05,1.29E-05,1.38E-05,1.38E-05,2.32E-05,2.32E-05,3.04E-05,3.04E-05,2.92E-05,2.92E-05,4.26E-05,4.26E-05,7.39E-05,7.39E-05,0.000371472,0.000371472,8.80E-05,8.80E-05,7.42E-05,7.42E-05,9.00E-05,9.00E-05,9.00E-05,5.40E-05,5.40E-05,4.10E-05,4.10E-05,3.69E-05,3.69E-05,4.23E-05,4.23E-05,4.17E-05,4.17E-05,9.70E-05,9.70E-05,0.000964206,0.000964206,0.000293962,0.000293962,9.97E-05,9.97E-05,0.000403098,0.000403098,0.00010794,0.00010794,0.000164697,0.000164697,0.000164697,0.000125959,0.000125959,0.000263795,0.000263795,0.000123167,0.000123167,0.000261184,0.000261184,0.000482993,0.000482993,2.99E-05,2.99E-05,1.64E-05,1.64E-05,1.06E-05,1.06E-05,9.56E-06,9.56E-06,1.16E-05,1.16E-05,1.99E-05,1.99E-05,3.55E-05,3.55E-05,3.55E-05,3.78E-05,3.78E-05,2.30E-05,2.30E-05,0.000161774,0.000161774,3.67E-05,3.67E-05,2.71E-05,2.71E-05,2.87E-05,2.87E-05,2.62E-05,2.62E-05,2.82E-05,2.82E-05,2.87E-05,2.87E-05,2.98E-05,2.98E-05,3.43E-05,3.43E-05,3.50E-05,3.50E-05,3.50E-05,0.000582007,0.000582007,3.40E-05,3.40E-05,4.61E-05,4.61E-05,1.98E-05,1.98E-05,2.59E-05,2.59E-05,3.07E-05,3.07E-05,4.40E-05,4.40E-05,2.33E-05,2.33E-05,9.95E-06,9.95E-06,1.16E-05,1.16E-05,6.08E-05,6.08E-05,7.16E-06,7.16E-06,7.16E-06,4.11E-06,4.11E-06,7.99E-06,7.99E-06,8.52E-06,8.52E-06,1.25E-05,1.25E-05,8.19E-06,8.19E-06,1.10E-05,1.10E-05,1.40E-05,1.40E-05,1.17E-05,1.17E-05,6.83E-05,6.83E-05,1.09E-05,1.09E-05,9.94E-06,9.94E-06,5.94E-06,5.94E-06,5.94E-06,8.11E-06,8.11E-06,9.12E-06,9.12E-06,5.99E-06,5.99E-06,9.78E-06,9.78E-06,8.98E-06,8.98E-06,1.34E-05,1.34E-05,8.99E-05,8.99E-05,2.48E-05,2.48E-05,1.37E-05,1.37E-05,9.90E-06,9.90E-06,1.95E-05,1.95E-05,1.23E-05,1.23E-05,1.23E-05,1.75E-05,1.75E-05,1.89E-05,1.89E-05,1.89E-05,1.89E-05,1.77E-05,1.77E-05,0.000409622,0.000409622,0.001412433,0.001412433,0.92361474,0.92361474,0.9878876,0.9878876,0.9838938,0.9838938,0.9782216,0.9782216,0.9854277,0.9854277,1
0.930704,0.930704,0.930704,0.58576566,0.58576566,0.012256124,0.012256124,0.008835709,0.008835709,0.000262231,0.000262231,0.000123731,0.000123731,5.08E-05,5.08E-05,2.15E-05,2.15E-05,1.54E-05,1.54E-05,1.91E-05,1.91E-05,1.97E-05,1.97E-05,2.06E-05,2.06E-05,1.47E-05,1.47E-05,1.47E-05,0.000170261,0.000170261,4.15E-05,4.15E-05,1.41E-05,1.41E-05,1.55E-05,1.55E-05,9.79E-05,9.79E-05,0.869105,0.869105,0.9798329,0.9798329,0.005947022,0.005947022,1.41E-05,1.41E-05,1.08E-05,1.08E-05,0.000190001,0.000190001,2.97E-05,2.97E-05,2.97E-05,1.40E-05,1.40E-05,1.70E-05,1.70E-05,1.17E-05,1.17E-05,7.42E-06,7.42E-06,8.54E-06,8.54E-06,9.56E-06,9.56E-06,8.99E-06,8.99E-06,1.33E-05,1.33E-05,0.000150913,0.000150913,2.62E-05,2.62E-05,1.39E-05,1.39E-05,1.32E-05,1.32E-05,1.32E-05,1.20E-05,1.20E-05,1.17E-05,1.17E-05,9.69E-06,9.69E-06,1.03E-05,1.03E-05,3.40E-05,3.40E-05,0.000111155,0.000111155,0.9790619,0.9790619,0.9889598,0.9889598,0.95722294,0.95722294,0.8525224,0.8525224,0.7558894,0.7558894,0.6133694,0.6133694,0.6133694,0.46077284,0.46077284,0.00128151,0.00128151,0.000592929,0.000592929,0.000122748,0.000122748,0.006974346,0.006974346,0.003310122,0.003310122,0.007453461,0.007453461,0.006799157,0.006799157,0.005443437,0.005443437,0.002613305,0.002613305,0.000891392,0.000891392,0.002135482,0.002135482,0.002135482,0.000634804,0.000634804,0.003051977,0.003051977,0.00315524,0.00315524,0.000765066,0.000765066,0.001598809,0.001598809,0.004433041,0.004433041,0.04496757,0.04496757,0.00562631,0.00562631,0.001391606,0.001391606,0.006121618,0.006121618,0.04080749,0.04080749,0.021089831,0.021089831,0.021089831,0.013779149,0.013779149,0.000943815,0.000943815,0.002423188,0.002423188,0.000802933,0.000802933,0.000599186,0.000599186,0.001186276,0.001186276,0.005062243,0.005062243,0.001290037,0.001290037,0.000281884,0.000281884,0.000154421,0.000154421,0.000880493,0.000880493,0.000141212,0.000141212,0.000141212,0.9299355,0.9299355,0.9596271,0.9596271,0.96799916,0.96799916,0.001609934,0.001609934,5.83E-05,5.83E-05,0.000237222,0.000237222,0.000270494,0.000270494,0.000237047,0.000237047,0.001710587,0.001710587,0.000263194,0.000263194,0.00030262,0.00030262,0.000225851,0.000225851,0.000225851,0.000200233,0.000200233,0.00012463,0.00012463,0.000137798,0.000137798,5.08E-05,5.08E-05,0.000130864,0.000130864,2.44E-05,2.44E-05,0.000226302,0.000226302,4.27E-05,4.27E-05,9.07E-05,9.07E-05,0.000133329,0.000133329,5.46E-05,5.46E-05,1
6.67E-05,6.67E-05,6.67E-05,4.08E-05,4.08E-05,3.81E-05,3.81E-05,3.93E-05,3.93E-05,2.34E-05,2.34E-05,0.000167995,0.000167995,2.91E-05,2.91E-05,5.06E-05,5.06E-05,6.07E-05,6.07E-05,2.65E-05,2.65E-05,5.43E-05,5.43E-05,5.52E-05,5.52E-05,1.87E-05,1.87E-05,1.87E-05,1.89E-05,1.89E-05,0.000127428,0.000127428,0.049465667,0.049465667,0.9758007,0.9758007,0.98154354,0.98154354,0.9686337,0.9686337,0.9688037,0.9688037,0.9354924,0.9354924,0.5927004,0.5927004,0.3086177,0.3086177,0.000101869,0.000101869,6.52E-05,6.52E-05,6.52E-05,0.001443209,0.001443209,8.52E-05,8.52E-05,9.80E-05,9.80E-05,4.88E-05,4.88E-05,8.16E-05,8.16E-05,2.20E-05,2.20E-05,3.60E-05,3.60E-05,7.96E-05,7.96E-05,7.45E-05,7.45E-05,0.000174766,0.000174766,0.001353488,0.001353488,0.000496869,0.000496869,0.000496869,0.000230243,0.000230243,5.36E-05,5.36E-05,1.19E-05,1.19E-05,3.04E-05,3.04E-05,2.22E-05,2.22E-05,3.35E-05,3.35E-05,2.08E-05,2.08E-05,1.31E-05,1.31E-05,0.000102677,0.000102677,2.08E-05,2.08E-05,1.06E-05,1.06E-05,9.43E-06,9.43E-06,9.43E-06,1.00E-05,1.00E-05,8.86E-06,8.86E-06,1.03E-05,1.03E-05,8.02E-06,8.02E-06,7.95E-06,7.95E-06,1.13E-05,1.13E-05,9.45E-05,9.45E-05,1.63E-05,1.63E-05,1.54E-05,1.54E-05,2.21E-05,2.21E-05,2.38E-05,2.38E-05,2.00E-05,2.00E-05,2.00E-05,2.02E-05,2.02E-05,0.9783577,0.9783577,0.9953086,0.9953086,0.7197239,0.7197239,0.000488686,0.000488686,4.03E-05,4.03E-05,1.64E-05,1.64E-05,1.27E-05,1.27E-05,1.43E-05,1.43E-05,9.54E-06,9.54E-06,1.50E-05,1.50E-05,1.12E-05,1.12E-05,1.12E-05,1.91E-05,1.91E-05,2.07E-05,2.07E-05,0.000242039,0.000242039,4.72E-05,4.72E-05,3.11E-05,3.11E-05,3.48E-05,3.48E-05,1.64E-05,1.64E-05,1.59E-05,1.59E-05,1.63E-05,1.63E-05,1.84E-05,1.84E-05,1.70E-05,1.70E-05,1.45E-05,1.45E-05,1.45E-05,0.000156215,0.000156215,2.79E-05,2.79E-05,2.19E-05,2.19E-05,1.74E-05,1.74E-05,3.38E-05,3.38E-05,2.05E-05,2.05E-05,1.67E-05,1.67E-05,1.58E-05,1.58E-05,1.30E-05,1.30E-05,1.76E-05,1.76E-05,0.000244873,0.000244873,4.72E-05,4.72E-05,4.72E-05,2.99E-05,2.99E-05,2.07E-05,2.07E-05,2.22E-05,2.22E-05,2.93E-05,2.93E-05,2.45E-05,2.45E-05,1.12E-05,1.12E-05,1.49E-05,1.49E-05,1.20E-05,1.20E-05,0.000189774,0.000189774,0.000998114,0.000998114,0.90179676,0.90179676,1
0.748895,0.748895,0.748895,0.000176124,0.000176124,2.59E-05,2.59E-05,1.48E-05,1.48E-05,1.58E-05,1.58E-05,2.71E-05,2.71E-05,9.86E-06,9.86E-06,0.000265179,0.000265179,4.29E-05,4.29E-05,2.45E-05,2.45E-05,2.00E-05,2.00E-05,8.88E-06,8.88E-06,1.87E-05,1.87E-05,1.87E-05,1.70E-05,1.70E-05,1.22E-05,1.22E-05,8.71E-06,8.71E-06,5.05E-06,5.05E-06,6.78E-05,6.78E-05,1.30E-05,1.30E-05,8.23E-06,8.23E-06,1.12E-05,1.12E-05,1.20E-05,1.20E-05,1.43E-05,1.43E-05,7.37E-06,7.37E-06,8.00E-06,8.00E-06,8.00E-06,1.30E-05,1.30E-05,7.50E-06,7.50E-06,4.63E-05,4.63E-05,6.48E-06,6.48E-06,7.96E-06,7.96E-06,1.38E-05,1.38E-05,6.58E-06,6.58E-06,4.72E-06,4.72E-06,7.20E-06,7.20E-06,7.70E-06,7.70E-06,7.75E-06,7.75E-06,1.41E-05,1.41E-05,1.41E-05,8.41E-05,8.41E-05,1.51E-05,1.51E-05,8.46E-06,8.46E-06,8.78E-06,8.78E-06,1.09E-05,1.09E-05,1.44E-05,1.44E-05,1.85E-05,1.85E-05,7.08E-06,7.08E-06,1.41E-05,1.41E-05,9.44E-06,9.44E-06,0.000131441,0.000131441,2.11E-05,2.11E-05,2.11E-05,1.28E-05,1.28E-05,8.45E-06,8.45E-06,8.79E-06,8.79E-06,8.88E-06,8.88E-06,8.66E-06,8.66E-06,8.20E-06,8.20E-06,7.84E-06,7.84E-06,7.93E-06,7.93E-06,0.000124621,0.000124621,1.94E-05,1.94E-05,7.66E-06,7.66E-06,2.10E-05,2.10E-05,2.10E-05,1.77E-05,1.77E-05,1.36E-05,1.36E-05,1.32E-05,1.32E-05,1.47E-05,1.47E-05,1.50E-05,1.50E-05,5.35E-06,5.35E-06,5.55E-05,5.55E-05,1.30E-05,1.30E-05,7.56E-06,7.56E-06,5.72E-06,5.72E-06,7.00E-06,7.00E-06,8.25E-06,8.25E-06,8.25E-06,9.38E-06,9.38E-06,7.83E-06,7.83E-06,9.68E-06,9.68E-06,1.41E-05,1.41E-05,9.26E-05,9.26E-05,1.20E-05,1.20E-05,6.65E-06,6.65E-06,8.39E-06,8.39E-06,4.99E-06,4.99E-06,5.43E-06,5.43E-06,9.15E-06,9.15E-06,1.25E-05,1.25E-05,1.25E-05,1.04E-05,1.04E-05,6.11E-06,6.11E-06,5.74E-05,5.74E-05,8.62E-06,8.62E-06,4.80E-06,4.80E-06,3.66E-06,3.66E-06,3.43E-06,3.43E-06,4.33E-06,4.33E-06,5.01E-06,5.01E-06,4.13E-06,4.13E-06,6.21E-06,6.21E-06,9.26E-06,9.26E-06,9.26E-06,8.49E-05,8.49E-05,8.90E-06,8.90E-06,7.58E-06,7.58E-06,5.28E-06,5.28E-06,5.75E-06,5.75E-06,6.05E-06,6.05E-06,3.88E-06,3.88E-06,5.35E-06,5.35E-06,9.89E-06,9.89E-06,9.00E-06,9.00E-06,6.11E-05,6.11E-05,1
9.69E-06,9.69E-06,9.69E-06,6.29E-06,6.29E-06,4.71E-06,4.71E-06,4.38E-06,4.38E-06,4.34E-06,4.34E-06,3.28E-06,3.28E-06,3.04E-06,3.04E-06,6.05E-06,6.05E-06,6.21E-06,6.21E-06,0.000167161,0.000167161,2.24E-05,2.24E-05,1.33E-05,1.33E-05,1.17E-05,1.17E-05,1.17E-05,8.00E-06,8.00E-06,5.77E-06,5.77E-06,6.16E-06,6.16E-06,6.85E-06,6.85E-06,7.17E-06,7.17E-06,6.59E-06,6.59E-06,8.06E-05,8.06E-05,1.70E-05,1.70E-05,6.44E-06,6.44E-06,6.70E-06,6.70E-06,3.22E-06,3.22E-06,4.17E-06,4.17E-06,4.17E-06,4.93E-06,4.93E-06,4.94E-06,4.94E-06,3.38E-06,3.38E-06,4.82E-06,4.82E-06,5.51E-05,5.51E-05,1.10E-05,1.10E-05,5.09E-06,5.09E-06,4.67E-06,4.67E-06,2.90E-06,2.90E-06,3.62E-06,3.62E-06,2.47E-06,2.47E-06,2.14E-06,2.14E-06,2.14E-06,2.35E-06,2.35E-06,2.16E-06,2.16E-06,3.36E-05,3.36E-05,5.19E-06,5.19E-06,4.08E-06,4.08E-06,3.54E-06,3.54E-06,3.39E-06,3.39E-06,3.46E-06,3.46E-06,4.55E-06,4.55E-06,1.06E-05,1.06E-05,0.005447355,0.005447355,0.88410115,0.88410115,0.88410115,0.8891674,0.8891674,0.83295435,0.83295435,0.92065895,0.92065895,0.8045926,0.8045926,0.70856154,0.70856154,0.7897943,0.7897943,0.5587633,0.5587633,0.9193145,0.9193145,0.02909658,0.02909658,5.55E-05,5.55E-05,0.000615785,0.000615785,0.000122714,0.000122714,0.000122714,2.66E-05,2.66E-05,1.78E-05,1.78E-05,1.52E-05,1.52E-05,2.82E-05,2.82E-05,3.49E-05,3.49E-05,3.28E-05,3.28E-05,2.85E-05,2.85E-05,2.91E-05,2.91E-05,0.000191737,0.000191737,9.60E-05,9.60E-05,0.000136306,0.000136306,0.000866639,0.000866639,0.000866639,0.003898476,0.003898476,0.31925392,0.31925392,0.45309094,0.45309094,0.9530739,0.9530739,0.97619355,0.97619355,0.9805288,0.9805288,0.984455,0.984455,0.9926984,0.9926984,0.9835157,0.9835157,0.9641565,0.9641565,0.98002213,0.98002213,0.960306,0.960306,0.960306,0.82974195,0.82974195,0.7655769,0.7655769,0.7028776,0.7028776,0.8537734,0.8537734,0.9432412,0.9432412,0.9626214,0.9626214,0.9653023,0.9653023,0.9076031,0.9076031,0.037215397,0.037215397,3.37E-05,3.37E-05,2.89E-05,2.89E-05,6.13E-06,6.13E-06,6.13E-06,6.51E-06,6.51E-06,2.61E-05,2.61E-05,0.000510726,0.000510726,0.000125834,0.000125834,2.24E-05,2.24E-05,2.40E-05,2.40E-05,6.20E-05,6.20E-05,3.22E-05,3.22E-05,6.47E-05,6.47E-05,6.48E-05,6.48E-05,6.13E-05,6.13E-05,1
3.89E-05,3.89E-05,3.89E-05,0.000328637,0.000328637,5.09E-05,5.09E-05,4.39E-05,4.39E-05,4.70E-05,4.70E-05,3.45E-05,3.45E-05,5.18E-05,5.18E-05,6.65E-05,6.65E-05,7.03E-05,7.03E-05,5.16E-05,5.16E-05,5.23E-05,5.23E-05,9.13E-05,9.13E-05,1.77E-05,1.77E-05,1.77E-05,1.46E-05,1.46E-05,1.18E-05,1.18E-05,7.79E-06,7.79E-06,9.26E-06,9.26E-06,9.60E-06,9.60E-06,1.09E-05,1.09E-05,9.05E-06,9.05E-06,5.31E-06,5.31E-06,8.77E-05,8.77E-05,1.25E-05,1.25E-05,1.20E-05,1.20E-05,1.17E-05,1.17E-05,1.17E-05,0.9612485,0.9612485,0.8002899,0.8002899,0.36730424,0.36730424,2.78E-05,2.78E-05,1.18E-05,1.18E-05,1.83E-05,1.83E-05,0.000298221,0.000298221,6.83E-05,6.83E-05,4.10E-05,4.10E-05,2.75E-05,2.75E-05,1.95E-05,1.95E-05,9.84E-06,9.84E-06,9.84E-06,1.54E-05,1.54E-05,9.97E-06,9.97E-06,1.27E-05,1.27E-05,1.46E-05,1.46E-05,0.000117737,0.000117737,1.01E-05,1.01E-05,4.07E-06,4.07E-06,3.29E-06,3.29E-06,3.11E-06,3.11E-06,3.35E-06,3.35E-06,3.46E-06,3.46E-06,4.49E-06,4.49E-06,4.49E-06,3.31E-06,3.31E-06,4.08E-06,4.08E-06,0.747854,0.747854,0.8347082,0.8347082,0.770891,0.770891,0.009516865,0.009516865,9.40E-06,9.40E-06,3.09E-06,3.09E-06,2.29E-06,2.29E-06,3.61E-06,3.61E-06,5.07E-06,5.07E-06,3.98E-06,3.98E-06,3.98E-06,8.17E-05,8.17E-05,6.77E-06,6.77E-06,4.75E-06,4.75E-06,3.97E-06,3.97E-06,1.07E-05,1.07E-05,9.93E-06,9.93E-06,8.75E-06,8.75E-06,1.56E-05,1.56E-05,1.19E-05,1.19E-05,7.41E-06,7.41E-06,0.000120385,0.000120385,2.42E-05,2.42E-05,2.42E-05,1.06E-05,1.06E-05,6.35E-06,6.35E-06,1.41E-05,1.41E-05,5.94E-06,5.94E-06,7.13E-06,7.13E-06,7.32E-06,7.32E-06,4.52E-06,4.52E-06,7.01E-06,7.01E-06,7.27E-05,7.27E-05,7.70E-06,7.70E-06,1.26E-05,1.26E-05,1.02E-05,1.02E-05,1.02E-05,6.87E-06,6.87E-06,9.36E-06,9.36E-06,9.57E-06,9.57E-06,5.58E-06,5.58E-06,1.13E-05,1.13E-05,1.29E-05,1.29E-05,0.000143216,0.000143216,2.02E-05,2.02E-05,1.98E-05,1.98E-05,0.014286882,0.014286882,0.956167,0.956167,0.9682657,0.9682657,0.9682657,0.7718016,0.7718016,0.5868622,0.5868622,0.59480214,0.59480214,0.3862677,0.3862677,0.014290757,0.014290757,0.000329162,0.000329162,7.95E-05,7.95E-05,2.81E-05,2.81E-05,2.73E-05,2.73E-05,5.21E-05,5.21E-05,1.81E-05,1.81E-05,1
2.02E-05,2.02E-05,2.02E-05,1.61E-05,1.61E-05,1.17E-05,1.17E-05,0.000170686,0.000170686,2.40E-05,2.40E-05,1.34E-05,1.34E-05,1.74E-05,1.74E-05,1.54E-05,1.54E-05,1.02E-05,1.02E-05,1.50E-05,1.50E-05,3.05E-05,3.05E-05,2.32E-05,2.32E-05,8.58E-05,8.58E-05,8.58E-05,0.000511589,0.000511589,0.000477606,0.000477606,0.000412308,0.000412308,0.000741557,0.000741557,0.00085404,0.00085404,0.003684757,0.003684757,0.00251519,0.00251519,0.001113434,0.001113434,0.001075085,0.001075085,0.002893956,0.002893956,0.014504888,0.014504888,0.005194737,0.005194737,0.005194737,0.006170311,0.006170311,0.006452099,0.006452099,0.006863729,0.006863729,0.002890161,0.002890161,0.00048111,0.00048111,0.000314936,0.000314936,0.000845045,0.000845045,0.000897101,0.000897101,0.001161189,0.001161189,0.000459127,0.000459127,0.000306837,0.000306837,0.000128583,0.000128583,0.000128583,0.000205411,0.000205411,0.000141767,0.000141767,3.18E-05,3.18E-05,3.09E-05,3.09E-05,5.36E-05,5.36E-05,1.86E-05,1.86E-05,0.000403263,0.000403263,5.31E-05,5.31E-05,4.59E-05,4.59E-05,4.78E-05,4.78E-05,4.28E-05,4.28E-05,4.27E-05,4.27E-05,4.27E-05,2.17E-05,2.17E-05,2.47E-05,2.47E-05,4.37E-05,4.37E-05,1.81E-05,1.81E-05,0.000417999,0.000417999,3.62E-05,3.62E-05,3.83E-05,3.83E-05,2.30E-05,2.30E-05,1.16E-05,1.16E-05,1.48E-05,1.48E-05,1.64E-05,1.64E-05,1.60E-05,1.60E-05,1.60E-05,1.64E-05,1.64E-05,1.78E-05,1.78E-05,0.000438662,0.000438662,4.74E-05,4.74E-05,1.64E-05,1.64E-05,4.25E-05,4.25E-05,6.07E-05,6.07E-05,7.39E-06,7.39E-06,1.70E-05,1.70E-05,1.10E-05,1.10E-05,1.89E-05,1.89E-05,2.94E-05,2.94E-05,2.94E-05,0.000242104,0.000242104,2.21E-05,2.21E-05,2.79E-05,2.79E-05,4.24E-05,4.24E-05,4.05E-05,4.05E-05,6.21E-05,6.21E-05,5.50E-05,5.50E-05,8.08E-05,8.08E-05,7.64E-05,7.64E-05,0.000122713,0.000122713,0.000526031,0.000526031,2.63E-05,2.63E-05,2.63E-05,1.00E-04,1.00E-04,2.55E-05,2.55E-05,5.07E-05,5.07E-05,9.62E-06,9.62E-06,9.86E-06,9.86E-06,8.52E-06,8.52E-06,1.15E-05,1.15E-05,6.01E-06,6.01E-06,0.000159742,0.000159742,2.13E-05,2.13E-05,1.07E-05,1.07E-05,9.33E-06,9.33E-06,9.33E-06,8.64E-06,8.64E-06,5.96E-06,5.96E-06,7.09E-06,7.09E-06,5.76E-06,5.76E-06,6.72E-06,6.72E-06,5.14E-06,5.14E-06,6.70E-05,6.70E-05,1.15E-05,1.15E-05,8.83E-06,8.83E-06,1.18E-05,1.18E-05,1.36E-05,1.36E-05,1
1.91E-05,1.91E-05,1.91E-05,3.13E-05,3.13E-05,2.12E-05,2.12E-05,2.02E-05,2.02E-05,3.74E-05,3.74E-05,0.000256959,0.000256959,3.03E-05,3.03E-05,2.73E-05,2.73E-05,3.85E-05,3.85E-05,2.04E-05,2.04E-05,2.35E-05,2.35E-05,1.26E-05,1.26E-05,1.75E-05,1.75E-05,1.75E-05,2.29E-05,2.29E-05,1.45E-05,1.45E-05,0.000162156,0.000162156,2.22E-05,2.22E-05,1.50E-05,1.50E-05,1.45E-05,1.45E-05,5.39E-06,5.39E-06,1.41E-05,1.41E-05,3.02E-05,3.02E-05,5.74E-05,5.74E-05,1.83E-05,1.83E-05,1.60E-05,1.60E-05,1.60E-05,0.000136279,0.000136279,3.21E-05,3.21E-05,2.05E-05,2.05E-05,1.87E-05,1.87E-05,4.21E-05,4.21E-05,1.79E-05,1.79E-05,1.94E-05,1.94E-05,1.91E-05,1.91E-05,1.05E-05,1.05E-05,8.94E-06,8.94E-06,7.23E-05,7.23E-05,9.59E-06,9.59E-06,9.59E-06,1.19E-05,1.19E-05,1.48E-05,1.48E-05,1.37E-05,1.37E-05,1.57E-05,1.57E-05,1.27E-05,1.27E-05,1.78E-05,1.78E-05,1.43E-05,1.43E-05,1.62E-05,1.62E-05,0.000127691,0.000127691,1.38E-05,1.38E-05,1.70E-05,1.70E-05,1.37E-05,1.37E-05,1.37E-05,1.49E-05,1.49E-05,1.38E-05,1.38E-05,9.27E-06,9.27E-06,7.65E-06,7.65E-06,6.06E-06,6.06E-06,6.74E-06,6.74E-06,7.14E-05,7.14E-05,1.29E-05,1.29E-05,6.89E-06,6.89E-06,5.18E-06,5.18E-06,5.88E-06,5.88E-06,8.07E-06,8.07E-06,8.07E-06,6.58E-06,6.58E-06,4.09E-06,4.09E-06,5.61E-06,5.61E-06,5.84E-06,5.84E-06,7.06E-05,7.06E-05,1.55E-05,1.55E-05,9.26E-06,9.26E-06,7.53E-06,7.53E-06,0.001338929,0.001338929,0.966841,0.966841,0.93328726,0.93328726,0.98908305,0.98908305,0.98908305,0.77918315,0.77918315,0.73564154,0.73564154,0.9219986,0.9219986,0.5389576,0.5389576,0.012421479,0.012421479,0.000253336,0.000253336,0.00038037,0.00038037,0.001515594,0.001515594,0.0026388,0.0026388,0.011001626,0.011001626,0.8233024,0.8233024,0.6267322,0.6267322,0.6267322,0.8943184,0.8943184,0.8227386,0.8227386,0.7504355,0.7504355,0.796985,0.796985,0.20363915,0.20363915,0.003534178,0.003534178,7.24E-05,7.24E-05,5.08E-05,5.08E-05,2.92E-05,2.92E-05,0.000169203,0.000169203,0.003094601,0.003094601,0.000919534,0.000919534,0.000919534,0.000467947,0.000467947,0.00150424,0.00150424,0.000828089,0.000828089,0.00083412,0.00083412,0.00180617,0.00180617,0.005439497,0.005439497,0.006894706,0.006894706,0.012183207,0.012183207,0.09344986,0.09344986,0.82494694,0.82494694,0.9764031,0.9764031,1
1.54E-06,1.54E-06,7.51E-07,7.51E-07,6.63E-07,6.22E-07,6.22E-07,5.67E-07,5.67E-07,7.58E-07,1.01E-06,1.01E-06,7.69E-07,7.69E-07,8.67E-07,2.22E-05,2.22E-05,3.67E-06,3.67E-06,1.61E-06,1.86E-06,1.86E-06,1.77E-06,1.77E-06,1.88E-06,1.92E-06,1.92E-06,1.97E-06,1.97E-06,2.99E-06,2.09E-06,2.09E-06,2.01E-05,2.01E-05,2.81E-06,2.01E-06,2.01E-06,1.60E-06,1.60E-06,2.98E-06,1.42E-06,1.42E-06,1.20E-06,1.20E-06,0.5642107,1.42E-05,1.42E-05,1.45E-05,1.45E-05,1.39E-05,1.19E-06,1.19E-06,8.14E-07,8.14E-07,6.71E-07,5.96E-07,5.96E-07,6.01E-07,6.01E-07,6.46E-07,1.04E-06,1.04E-06,9.60E-07,9.60E-07,1.12E-06,2.29E-05,2.29E-05,3.34E-06,3.34E-06,2.39E-06,2.45E-06,2.45E-06,2.36E-06,2.36E-06,2.12E-06,1.69E-06,1.69E-06,1.76E-06,1.76E-06,9.53E-07,0.677421,0.677421,0.747537,0.747537,2.37E-05,1.88E-06,1.88E-06,1.38E-06,1.38E-06,8.08E-07,5.63E-07,5.63E-07,5.00E-07,5.00E-07,3.73E-07,3.74E-07,3.74E-07,3.43E-07,3.43E-07,8.75E-06,9.75E-07,9.75E-07,6.42E-07,6.42E-07,6.34E-07,6.11E-07,6.11E-07,6.20E-07,6.20E-07,6.31E-07,7.07E-07,7.07E-07,7.18E-07,7.18E-07,0.24133766,0.685037,0.685037,0.7204328,0.7204328,6.54E-06,8.47E-07,8.47E-07,4.38E-07,4.38E-07,3.01E-07,3.11E-07,3.11E-07,3.64E-07,3.64E-07,3.66E-07,7.78E-07,7.78E-07,0.96583986,0.96583986,0.9752956,0.012129314,0.012129314,0.000176808,0.000176808,7.00E-07,3.39E-07,3.39E-07,2.25E-07,2.25E-07,2.12E-07,2.43E-07,2.43E-07,2.47E-07,2.47E-07,8.13E-06,7.69E-07,7.69E-07,0.5376996,0.5376996,0.9912389,0.9860892,0.9860892,0.9762137,0.9762137,0.8191409,0.2581641,0.2581641,1.60E-06,1.60E-06,2.88E-07,1.10E-05,1.10E-05,1.40E-06,1.40E-06,7.19E-07,5.49E-07,5.49E-07,1.47E-06,1.47E-06,0.93819994,0.000187979,0.000187979,0.00010423,0.00010423,1.33E-06,7.45E-07,7.45E-07,8.43E-06,8.43E-06,7.87E-07,5.59E-07,5.59E-07,5.15E-07,5.15E-07,4.66E-07,3.43E-07,3.43E-07,3.20E-07,3.20E-07,3.27E-07,2.95E-07,2.95E-07,2.81E-07,2.81E-07,9.73E-06,8.90E-07,8.90E-07,4.92E-07,4.92E-07,4.93E-07,3.74E-07,3.74E-07,3.43E-07,3.43E-07,3.52E-07,3.20E-07,3.20E-07,0.6027805,0.6027805,0.68585634,9.72E-05,9.72E-05,1.16E-05,1.16E-05,1.38E-06,7.08E-07,7.08E-07,4.45E-07,4.45E-07,4.65E-07,1
4.99E-07,4.99E-07,5.17E-07,5.17E-07,4.68E-07,4.49E-07,4.49E-07,8.00E-06,8.00E-06,8.62E-07,4.73E-07,4.73E-07,4.20E-07,4.20E-07,4.47E-07,4.42E-07,4.42E-07,4.34E-07,4.34E-07,4.02E-07,3.29E-07,3.29E-07,2.92E-07,2.92E-07,7.47E-06,7.32E-07,7.32E-07,6.78E-07,6.78E-07,0.528331,0.043637276,0.043637276,0.11740246,0.11740246,1.28E-05,5.24E-07,5.24E-07,4.02E-07,4.02E-07,3.34E-07,8.04E-06,8.04E-06,8.37E-07,8.37E-07,4.75E-07,4.06E-07,4.06E-07,4.39E-07,4.39E-07,4.55E-07,4.14E-07,4.14E-07,3.87E-07,3.87E-07,3.65E-07,3.68E-07,3.68E-07,8.14E-06,8.14E-06,7.35E-07,4.19E-07,4.19E-07,3.81E-07,3.81E-07,3.72E-07,3.48E-07,3.48E-07,3.54E-07,3.54E-07,3.27E-07,3.32E-07,3.32E-07,3.58E-07,3.58E-07,1.50E-05,0.97353244,0.97353244,0.9740548,0.9740548,0.002276647,5.94E-06,5.94E-06,2.07E-06,2.07E-06,8.43E-07,5.27E-07,5.27E-07,3.94E-07,3.94E-07,5.00E-07,8.49E-06,8.49E-06,8.63E-07,8.63E-07,4.96E-07,3.50E-07,3.50E-07,3.61E-07,3.61E-07,3.98E-07,3.79E-07,3.79E-07,3.39E-07,3.39E-07,3.17E-07,3.57E-07,3.57E-07,1.01E-05,1.01E-05,8.49E-07,5.16E-07,5.16E-07,4.66E-07,4.66E-07,0.21131937,0.9277225,0.9277225,0.60861236,0.60861236,6.98E-05,1.31E-06,1.31E-06,6.76E-07,6.76E-07,7.50E-06,9.19E-07,9.19E-07,4.20E-07,4.20E-07,3.58E-07,3.01E-07,3.01E-07,3.36E-07,3.36E-07,3.43E-07,3.33E-07,3.33E-07,3.51E-07,3.51E-07,3.83E-07,9.19E-06,9.19E-06,1.00E-06,1.00E-06,5.36E-07,4.92E-07,4.92E-07,4.05E-07,4.05E-07,4.60E-07,4.41E-07,4.41E-07,4.66E-07,4.66E-07,4.33E-07,4.29E-07,4.29E-07,7.69E-06,7.69E-06,8.97E-07,5.25E-07,5.25E-07,4.42E-07,4.42E-07,3.91E-07,3.60E-07,3.60E-07,3.83E-07,3.83E-07,4.14E-07,0.46906078,0.46906078,0.9335294,0.9335294,0.8596155,0.000293668,0.000293668,1.74E-06,1.74E-06,6.44E-07,4.09E-07,4.09E-07,4.23E-07,4.23E-07,3.22E-07,3.34E-07,3.34E-07,3.05E-07,3.05E-07,3.18E-07,8.34E-06,8.34E-06,8.74E-07,8.74E-07,4.93E-07,3.66E-07,3.66E-07,3.63E-07,3.63E-07,3.77E-07,3.35E-07,3.35E-07,3.49E-07,3.49E-07,7.97E-07,0.006271923,0.006271923,0.00047692,0.00047692,3.71E-06,1.28E-06,1.28E-06,1.03E-06,1.03E-06,7.30E-07,5.88E-07,5.88E-07,4.39E-07,4.39E-07,4.12E-07,3.79E-07,3.79E-07,3.53E-07,3.53E-07,6.94E-06,1
7.81E-07,7.81E-07,4.62E-07,4.62E-07,3.02E-07,3.41E-07,3.41E-07,2.71E-07,2.71E-07,3.31E-07,3.61E-07,3.61E-07,4.09E-07,4.09E-07,2.54E-07,5.60E-06,5.60E-06,5.48E-07,5.48E-07,4.28E-07,3.02E-07,3.02E-07,2.59E-07,2.59E-07,0.8798442,0.9375579,0.9375579,0.95726794,0.95726794,2.79E-06,4.35E-07,4.35E-07,6.91E-06,6.91E-06,8.41E-07,4.31E-07,4.31E-07,3.44E-07,3.44E-07,3.96E-07,2.67E-06,2.67E-06,0.5146307,0.5146307,0.021564819,1.88E-06,1.88E-06,1.97E-06,1.97E-06,2.18E-05,2.32E-06,2.32E-06,1.47E-06,1.47E-06,1.14E-06,8.39E-07,8.39E-07,8.88E-07,8.88E-07,7.95E-07,6.65E-07,6.65E-07,5.63E-07,5.63E-07,5.12E-07,8.82E-06,8.82E-06,8.97E-07,8.97E-07,4.64E-07,4.20E-07,4.20E-07,3.37E-07,3.37E-07,3.20E-07,2.71E-07,2.71E-07,2.55E-07,2.55E-07,2.52E-07,4.89E-07,4.89E-07,0.912312,0.912312,0.15464546,3.68E-06,3.68E-06,2.80E-06,2.80E-06,9.74E-07,7.11E-07,7.11E-07,4.72E-07,4.72E-07,4.35E-07,3.84E-07,3.84E-07,3.32E-07,3.32E-07,8.44E-06,6.96E-07,6.96E-07,4.00E-07,4.00E-07,3.33E-07,3.49E-07,3.49E-07,3.37E-07,3.37E-07,3.56E-07,4.20E-07,4.20E-07,4.17E-07,4.17E-07,4.08E-07,7.58E-06,7.58E-06,7.49E-07,7.49E-07,4.34E-07,4.38E-07,4.38E-07,3.77E-07,3.77E-07,3.32E-07,3.06E-07,3.06E-07,2.86E-07,2.86E-07,3.47E-07,3.23E-07,3.23E-07,8.79E-06,8.79E-06,9.63E-07,5.03E-07,5.03E-07,3.64E-07,3.64E-07,9.70E-06,0.08768444,0.08768444,0.003013544,0.003013544,1.88E-06,9.01E-07,9.01E-07,1.04E-06,1.04E-06,1.36E-05,1.02E-06,1.02E-06,5.53E-07,5.53E-07,5.53E-07,5.52E-07,5.52E-07,7.04E-07,7.04E-07,0.14989683,0.24880436,0.24880436,3.83E-06,3.83E-06,7.18E-07,1.88E-05,1.88E-05,2.44E-06,2.44E-06,1.62E-06,1.06E-06,1.06E-06,1.00E-06,1.00E-06,1.01E-06,6.57E-07,6.57E-07,9.25E-07,9.25E-07,7.41E-07,5.66E-07,5.66E-07,1.10E-05,1.10E-05,1.18E-06,5.62E-07,5.62E-07,4.53E-07,4.53E-07,3.91E-07,4.14E-07,4.14E-07,3.63E-07,3.63E-07,4.44E-07,4.39E-07,4.39E-07,4.51E-07,4.51E-07,1.55E-05,0.003260768,0.003260768,0.7944149,0.7944149,0.67496115,4.45E-05,4.45E-05,2.22E-05,2.22E-05,1.44E-06,1.06E-06,1.06E-06,7.47E-07,7.47E-07,4.40E-07,9.16E-06,9.16E-06,8.24E-07,8.24E-07,4.72E-07,3.79E-07,3.79E-07,3.82E-07,3.82E-07,0.6084378,1
0.9635752,0.9635752,0.98500663,0.98500663,0.66500056,5.42E-06,5.42E-06,1.52E-05,1.52E-05,1.21E-06,8.17E-07,8.17E-07,6.57E-07,6.57E-07,5.19E-07,5.92E-07,5.92E-07,4.96E-07,4.96E-07,4.23E-07,4.22E-07,4.22E-07,4.19E-07,4.19E-07,9.84E-06,1.29E-06,1.29E-06,8.58E-07,8.58E-07,7.53E-07,9.00E-07,9.00E-07,7.24E-07,7.24E-07,7.56E-07,9.38E-07,9.38E-07,0.051348828,0.051348828,0.5823562,0.001348827,0.001348827,0.000472057,0.000472057,1.63E-06,8.93E-07,8.93E-07,4.41E-07,4.41E-07,3.94E-07,3.38E-07,3.38E-07,3.29E-07,3.29E-07,2.72E-07,3.07E-07,3.07E-07,7.07E-06,7.07E-06,6.34E-07,3.75E-07,3.75E-07,2.91E-07,2.91E-07,2.82E-07,2.92E-07,2.92E-07,3.05E-07,3.05E-07,3.51E-07,3.09E-07,3.09E-07,3.22E-07,3.22E-07,7.60E-06,7.76E-07,7.76E-07,6.97E-06,6.97E-06,0.43140644,0.000231563,0.000231563,0.000323957,0.000323957,1.11E-06,8.05E-07,8.05E-07,5.51E-07,5.51E-07,4.04E-07,9.71E-06,9.71E-06,8.71E-07,8.71E-07,5.83E-07,4.50E-07,4.50E-07,3.64E-07,3.64E-07,3.29E-07,3.43E-07,3.43E-07,3.16E-07,3.16E-07,3.13E-07,3.29E-07,3.29E-07,9.90E-06,9.90E-06,1.06E-06,6.76E-06,6.76E-06,7.56E-06,7.56E-06,0.17429493,0.18165292,0.18165292,1.68E-05,1.68E-05,1.31E-06,1.07E-06,1.07E-06,1.20E-06,1.20E-06,1.41E-05,1.51E-06,1.51E-06,5.84E-07,5.84E-07,5.39E-07,3.64E-07,3.64E-07,3.74E-07,3.74E-07,4.24E-07,4.31E-07,4.31E-07,3.79E-07,3.79E-07,3.63E-07,1.02E-05,1.02E-05,8.97E-07,8.97E-07,5.63E-07,5.19E-07,5.19E-07,4.81E-07,4.81E-07,4.75E-07,3.88E-07,3.88E-07,4.58E-07,4.58E-07,4.49E-07,4.01E-07,4.01E-07,7.54E-06,7.54E-06,1.22E-06,1.37E-06,1.37E-06,1.44E-06,1.44E-06,2.31E-06,4.93E-05,4.93E-05,4.54E-05,4.54E-05,0.000126195,0.44091973,0.44091973,0.089544676,0.089544676,0.00031886,0.36525598,0.36525598,2.98E-05,2.98E-05,0.001999934,0.34641087,0.34641087,0.30666354,0.30666354,0.003242823,0.001925301,0.001925301,0.004481168,0.004481168,0.000106575,0.001949651,0.001949651,0.0004397,0.0004397,0.003236796,0.000114855,0.000114855,0.000178578,0.000178578,0.000201029,0.000551733,0.000551733,0.000389668,0.000389668,0.002579414,0.001793197,0.001793197,0.001777018,0.001777018,4.92E-05,4.32E-05,4.32E-05,7.49E-05,7.49E-05,8.12E-05,0.000196367,0.000196367,0.000371261,0.000371261,0.001449012,0.005279327,0.005279327,0.003545095,0.003545095,0.008652591,1
4.91E-06,4.91E-06,4.10E-06,4.10E-06,3.55E-06,3.55E-06,4.70E-06,4.70E-06,4.80E-06,4.80E-06,6.81E-06,6.81E-06,2.89E-05,2.89E-05,4.69E-06,4.69E-06,5.75E-05,5.75E-05,0.19733247,0.19733247,0.99018526,0.99018526,0.99439764,0.99439764,0.99264103,0.99264103,0.8965857,0.8965857,0.001310769,0.001310769,0.000163255,0.000163255,0.000153323,0.000153323,0.000135066,0.000135066,3.06E-05,3.06E-05,0.00112759,0.00112759,9.24E-05,9.24E-05,5.76E-05,5.76E-05,3.44E-05,3.44E-05,5.10E-05,5.10E-05,3.28E-05,3.28E-05,3.86E-05,3.86E-05,1.89E-05,1.89E-05,1.86E-05,1.86E-05,2.09E-05,2.09E-05,0.000132973,0.000132973,2.98E-05,2.98E-05,7.44E-05,7.44E-05,1.24E-05,1.24E-05,1.35E-05,1.35E-05,1.69E-05,1.69E-05,1.51E-05,1.51E-05,1.74E-05,1.74E-05,7.40E-06,7.40E-06,6.98E-06,6.98E-06,0.012904149,0.012904149,0.001967396,0.001967396,0.434994,0.434994,0.026794214,0.026794214,1.91E-05,1.91E-05,3.19E-06,3.19E-06,1.96E-06,1.96E-06,2.98E-06,2.98E-06,2.39E-06,2.39E-06,3.34E-06,3.34E-06,4.33E-05,4.33E-05,5.69E-06,5.69E-06,3.65E-06,3.65E-06,3.41E-06,3.41E-06,2.47E-06,2.47E-06,2.43E-06,2.43E-06,2.62E-06,2.62E-06,3.42E-06,3.42E-06,2.88E-06,2.88E-06,3.83E-06,3.83E-06,4.34E-05,4.34E-05,4.84E-06,4.84E-06,3.96E-06,3.96E-06,3.09E-06,3.09E-06,2.68E-06,2.68E-06,3.17E-06,3.17E-06,2.78E-06,2.78E-06,2.85E-06,2.85E-06,0.003250693,0.003250693,0.002016103,0.002016103,0.68877316,0.68877316,0.018140435,0.018140435,0.000600586,0.000600586,2.04E-05,2.04E-05,8.45E-06,8.45E-06,9.26E-06,9.26E-06,1.09E-05,1.09E-05,3.61E-05,3.61E-05,2.84E-05,2.84E-05,1.20E-05,1.20E-05,0.000178582,0.000178582,1.93E-05,1.93E-05,9.57E-06,9.57E-06,9.35E-06,9.35E-06,1.09E-05,1.09E-05,8.63E-06,8.63E-06,1.23E-05,1.23E-05,9.42E-06,9.42E-06,9.94E-06,9.94E-06,7.33E-06,7.33E-06,0.000140179,0.000140179,1.20E-05,1.20E-05,9.17E-06,9.17E-06,5.59E-06,5.59E-06,6.82E-06,6.82E-06,9.14E-06,9.14E-06,6.17E-06,6.17E-06,8.80E-06,8.80E-06,7.99E-06,7.99E-06,6.51E-06,6.51E-06,0.000263625,0.000263625,0.002721273,0.002721273,0.034709748,0.034709748,0.99283737,0.99283737,0.7770267,0.7770267,0.1501759,0.1501759,0.8716869,0.8716869,0.00373001,0.00373001,0.07970714,0.07970714,0.000684072,0.000684072,0.794427,0.794427,0.09022192,0.09022192,0.000295632,0.000295632,7.41E-06,1
7.41E-06,6.03E-06,6.03E-06,5.54E-06,5.54E-06,4.67E-06,4.67E-06,5.46E-06,5.46E-06,3.25E-06,3.25E-06,1.85E-05,1.85E-05,6.95E-05,6.95E-05,1.66E-05,1.66E-05,5.58E-06,5.58E-06,3.29E-06,3.29E-06,2.76E-06,2.76E-06,2.93E-06,2.93E-06,4.37E-06,4.37E-06,5.44E-06,5.44E-06,7.47E-06,7.47E-06,3.00E-05,3.00E-05,0.000173213,0.000173213,4.02E-05,4.02E-05,3.81E-05,3.81E-05,1.10E-05,1.10E-05,2.68E-05,2.68E-05,2.60E-05,2.60E-05,8.32E-06,8.32E-06,0.000127118,0.000127118,8.13E-05,8.13E-05,0.000520273,0.000520273,0.001712063,0.001712063,0.000307716,0.000307716,0.046520196,0.046520196,0.00187071,0.00187071,0.000548437,0.000548437,0.101675466,0.101675466,0.01008125,0.01008125,0.000227418,0.000227418,0.001124372,0.001124372,2.93E-05,2.93E-05,0.001898006,0.001898006,7.87E-05,7.87E-05,0.00092861,0.00092861,0.000888697,0.000888697,9.67E-06,9.67E-06,0.000413135,0.000413135,0.000664068,0.000664068,0.000894607,0.000894607,0.001337484,0.001337484,1.82E-05,1.82E-05,0.001892651,0.001892651,0.00157804,0.00157804,0.00110513,0.00110513,6.22E-05,6.22E-05,0.002221466,0.002221466,0.0020533,0.0020533,1.11E-05,1.11E-05,0.00147572,0.00147572,0.007911221,0.007911221,0.003509333,0.003509333,0.005431042,0.005431042,3.32E-05,3.32E-05,1.83E-05,1.83E-05,1.31E-05,1.31E-05,0.002510317,0.002510317,1.97E-05,1.97E-05,0.001561969,0.001561969,0.000162233,0.000162233,0.00013008,0.00013008,0.00362622,0.00362622,0.003890626,0.003890626,0.002123636,0.002123636,0.000735082,0.000735082,0.000467099,0.000467099,0.000891276,0.000891276,0.00398169,0.00398169,0.001493229,0.001493229,0.000171325,0.000171325,0.000170944,0.000170944,9.15E-06,9.15E-06,0.000172205,0.000172205,4.60E-05,4.60E-05,1.68E-05,1.68E-05,1.79E-05,1.79E-05,2.06E-05,2.06E-05,0.002022605,0.002022605,0.00064725,0.00064725,4.51E-05,4.51E-05,1.20E-05,1.20E-05,9.67E-06,9.67E-06,0.000396082,0.000396082,2.89E-05,2.89E-05,1.08E-05,1.08E-05,0.004556119,0.004556119,2.07E-05,2.07E-05,6.17E-06,6.17E-06,8.20E-06,8.20E-06,8.77E-06,8.77E-06,1.43E-05,1.43E-05,1.27E-05,1.27E-05,0.000118627,0.000118627,1.94E-05,1.94E-05,1.01E-05,1.01E-05,9.80E-06,9.80E-06,6.23E-06,6.23E-06,9.68E-06,9.68E-06,8.89E-06,8.89E-06,9.27E-06,9.27E-06,1.01E-05,1.01E-05,1.84E-05,1.84E-05,0.009289176,0.009289176,0.9863301,0.9863301,0.59652233,0.59652233,0.41087052,0.41087052,0.000557962,0.000557962,7.49E-05,7.49E-05,1
1.24E-05,1.24E-05,1.04E-05,1.04E-05,1.22E-05,1.22E-05,8.76E-06,8.76E-06,0.000262639,0.000262639,7.69E-05,7.69E-05,3.91E-05,3.91E-05,2.02E-05,2.02E-05,3.45E-05,3.45E-05,1.80E-05,1.80E-05,2.31E-05,2.31E-05,2.22E-05,2.22E-05,1.78E-05,1.78E-05,1.59E-05,1.59E-05,0.000219686,0.000219686,6.17E-05,6.17E-05,1.97E-05,1.97E-05,7.60E-06,7.60E-06,0.00462619,0.00462619,0.98853546,0.98853546,0.99872017,0.99872017,0.2602945,0.2602945,0.000334851,0.000334851,1.59E-05,1.59E-05,0.000119874,0.000119874,1.40E-05,1.40E-05,8.18E-06,8.18E-06,7.05E-06,7.05E-06,5.59E-06,5.59E-06,3.31E-06,3.31E-06,4.06E-06,4.06E-06,3.66E-06,3.66E-06,4.61E-06,4.61E-06,3.95E-06,3.95E-06,6.23E-05,6.23E-05,6.70E-06,6.70E-06,3.57E-06,3.57E-06,6.11E-06,6.11E-06,4.32E-06,4.32E-06,4.58E-06,4.58E-06,4.38E-06,4.38E-06,4.15E-06,4.15E-06,1.88E-05,1.88E-05,5.42E-06,5.42E-06,9.73E-05,9.73E-05,1.07E-05,1.07E-05,4.51E-06,4.51E-06,4.02E-06,4.02E-06,4.34E-06,4.34E-06,4.02E-06,4.02E-06,4.55E-06,4.55E-06,4.05E-06,4.05E-06,5.31E-06,5.31E-06,4.34E-06,4.34E-06,8.26E-05,8.26E-05,6.38E-06,6.38E-06,6.33E-06,6.33E-06,6.09E-06,6.09E-06,4.88E-06,4.88E-06,3.30E-06,3.30E-06,2.30E-06,2.30E-06,5.49E-06,5.49E-06,3.94E-06,3.94E-06,1.03E-05,1.03E-05,6.91E-05,6.91E-05,7.48E-06,7.48E-06,5.01E-06,5.01E-06,2.80E-06,2.80E-06,2.98E-06,2.98E-06,2.64E-06,2.64E-06,3.13E-06,3.13E-06,3.10E-06,3.10E-06,1.18E-05,1.18E-05,4.45E-06,4.45E-06,9.59E-05,9.59E-05,1.46E-05,1.46E-05,9.25E-06,9.25E-06,6.01E-06,6.01E-06,6.18E-06,6.18E-06,1.02E-05,1.02E-05,5.36E-06,5.36E-06,0.8935417,0.8935417,0.1847812,0.1847812,0.99333316,0.99333316,0.021547705,0.021547705,0.000133438,0.000133438,4.79E-05,4.79E-05,2.37E-05,2.37E-05,1.25E-05,1.25E-05,1.49E-05,1.49E-05,1.68E-05,1.68E-05,1.58E-05,1.58E-05,2.36E-05,2.36E-05,4.32E-05,4.32E-05,0.039939307,0.039939307,0.01752842,0.01752842,0.022912141,0.022912141,0.02535106,0.02535106,0.03025437,0.03025437,0.040112577,0.040112577,8.43E-05,8.43E-05,7.82E-05,7.82E-05,0.6406883,0.6406883,0.011842642,0.011842642,0.612397,0.612397,0.7142619,0.7142619,0.109701425,0.109701425,0.075017095,0.075017095,0.048789527,0.048789527,0.013270391,0.013270391,0.012831539,0.012831539,0.038960516,0.038960516,6.79E-05,1
1.42E-05,1.42E-05,4.27E-06,4.27E-06,1.83E-06,3.06E-06,3.06E-06,3.23E-06,3.23E-06,3.00E-06,0.003480515,0.003480515,0.06264698,0.06264698,0.9355833,0.9316775,0.9316775,0.7169007,0.7169007,0.82990104,0.8008921,0.8008921,0.45930815,0.45930815,0.3982541,0.22497195,0.22497195,0.09129721,0.09129721,8.76E-05,1.21E-06,1.21E-06,3.98E-05,3.98E-05,4.09E-06,2.30E-06,2.30E-06,2.46E-06,2.46E-06,4.42E-06,4.51E-06,4.51E-06,0.8028785,0.8028785,0.76681304,0.04682254,0.04682254,5.09E-05,5.09E-05,0.00020627,1.24E-05,1.24E-05,3.44E-06,3.44E-06,3.16E-06,2.81E-06,2.81E-06,2.05E-06,2.05E-06,3.37E-06,2.17E-06,2.17E-06,3.19E-06,3.19E-06,1.93E-06,5.44E-05,5.44E-05,4.70E-06,4.70E-06,4.45E-06,1.99E-06,1.99E-06,3.43E-06,3.43E-06,2.80E-06,2.45E-06,2.45E-06,0.001254348,0.001254348,0.9870329,0.2750924,0.2750924,0.00937443,0.00937443,1.91E-05,3.37E-06,3.37E-06,1.41E-06,1.41E-06,1.82E-06,1.54E-06,1.54E-06,3.99E-06,3.99E-06,0.000398345,0.067083724,0.067083724,0.066575006,0.066575006,0.000910646,0.000225713,0.000225713,9.64E-05,9.64E-05,4.59E-05,0.44463828,0.44463828,0.002673452,0.002673452,6.84E-05,3.66E-06,3.66E-06,1.59E-06,1.59E-06,1.28E-06,5.92E-05,5.92E-05,6.86E-06,6.86E-06,5.14E-06,2.38E-06,2.38E-06,1.86E-06,1.86E-06,2.56E-06,3.50E-06,3.50E-06,2.16E-06,2.16E-06,2.00E-06,2.14E-06,2.14E-06,3.31E-05,3.31E-05,2.02E-06,1.30E-06,1.30E-06,1.18E-06,1.18E-06,9.57E-07,2.67E-06,2.67E-06,0.52624136,0.52624136,0.006652399,0.000102481,0.000102481,2.50E-06,2.50E-06,6.88E-05,5.01E-06,5.01E-06,1.56E-06,1.56E-06,1.30E-06,1.12E-06,1.12E-06,1.04E-06,1.04E-06,1.31E-06,2.05E-06,2.05E-06,1.79E-06,1.79E-06,2.11E-06,3.95E-05,3.95E-05,0.21900702,0.21900702,0.499495,0.9738081,0.9738081,4.18E-05,4.18E-05,6.45E-06,2.33E-06,2.33E-06,1.73E-06,1.73E-06,3.92E-06,2.30E-06,2.30E-06,3.26E-05,3.26E-05,3.37E-06,1.68E-06,1.68E-06,1.38E-06,1.38E-06,0.006226388,0.30886108,0.30886108,0.001455259,0.001455259,3.16E-05,2.32E-06,2.32E-06,1.74E-06,1.74E-06,3.52E-05,2.99E-06,2.99E-06,1.92E-06,1.92E-06,1.82E-06,1.31E-06,1.31E-06,5.97E-07,5.97E-07,6.75E-07,6.19E-07,6.19E-07,1.08E-06,1.08E-06,9.24E-07,3.06E-05,3.06E-05,2.52E-06,2.52E-06,1.73E-06,3.34E-06,3.34E-06,6.07E-06,6.07E-06,1.50E-06,1
1.63E-06,1.63E-06,0.004755958,0.004755958,0.012263376,0.011810655,0.011810655,0.000330404,0.000330404,9.08E-06,2.83E-06,2.83E-06,1.38E-06,1.38E-06,1.24E-06,9.86E-07,9.86E-07,1.07E-06,1.07E-06,9.81E-07,7.13E-07,7.13E-07,8.47E-07,8.47E-07,1.97E-05,2.07E-06,2.07E-06,1.18E-06,1.18E-06,7.59E-07,2.30E-06,2.30E-06,1.59E-06,1.59E-06,9.69E-07,9.39E-07,9.39E-07,1.05E-06,1.05E-06,9.46E-07,3.33E-05,3.33E-05,0.4355754,0.4355754,0.96136713,0.20081873,0.20081873,4.86E-05,4.86E-05,8.79E-06,2.18E-06,2.18E-06,1.06E-06,1.06E-06,1.49E-06,7.30E-07,7.30E-07,4.19E-05,4.19E-05,4.00E-06,3.47E-06,3.47E-06,2.83E-06,2.83E-06,2.94E-06,2.76E-06,2.76E-06,1.26E-05,1.26E-05,0.21197088,0.011819296,0.011819296,0.002108897,0.002108897,0.4807482,0.58051175,0.58051175,0.28505132,0.28505132,0.9212823,0.9470805,0.9470805,0.83514684,0.83514684,0.94811076,0.37992427,0.37992427,0.8878147,0.8878147,0.9197972,0.9970944,0.9970944,0.96186155,0.96186155,0.93278384,0.86406195,0.86406195,0.83203924,0.83203924,0.71812195,0.65667677,0.65667677,0.81429285,0.81429285,0.42200693,0.22603412,0.22603412,0.9825049,0.9825049,0.96776396,0.98616403,0.98616403,0.9539896,0.9539896,0.9449932,0.96105784,0.96105784,0.92085654,0.92085654,0.9196271,0.82974005,0.82974005,0.6228347,0.6228347,0.9036423,0.9225551,0.9225551,0.9677178,0.9677178,0.88844913,0.760161,0.760161,0.9049841,0.9049841,0.078934275,0.5992157,0.5992157,0.95774406,0.95774406,0.5881545,0.9679441,0.9679441,0.97929734,0.97929734,0.7137664,0.8618069,0.8618069,0.16559206,0.16559206,0.6592175,0.9280458,0.9280458,0.09177645,0.09177645,0.54879504,0.32478097,0.32478097,0.8914409,0.8914409,0.107215926,0.90521663,0.90521663,0.78438026,0.78438026,0.077932276,0.65042084,0.65042084,0.9715047,0.9715047,0.7865365,0.8721751,0.8721751,0.8460915,0.8460915,0.9905346,0.97226316,0.97226316,0.99121374,0.99121374,0.9597365,0.42025715,0.42025715,0.87315977,0.87315977,0.89201814,0.8255806,0.8255806,0.07760656,0.07760656,0.000142905,0.000315516,0.000315516,4.25E-06,4.25E-06,4.64E-06,2.29E-06,2.29E-06,1.81E-06,1.81E-06,2.70E-06,4.00E-06,4.00E-06,2.55E-06,2.55E-06,2.38E-06,2.22E-06,2.22E-06,3.31E-05,3.31E-05,4.85E-06,2.67E-06,2.67E-06,1.82E-06,1.82E-06,1.74E-06,1.34E-06,1.34E-06,1.83E-06,1.83E-06,1.47E-06,2.01E-06,2.01E-06,3.85E-06,3.85E-06,2.31E-05,1
6.70E-06,6.70E-06,4.55E-06,4.55E-06,4.95E-06,5.09E-06,5.09E-06,5.07E-06,5.07E-06,7.26E-06,7.12E-06,7.12E-06,8.18E-06,8.18E-06,6.78E-06,4.46E-05,4.46E-05,8.07E-06,8.07E-06,6.28E-06,6.51E-06,6.51E-06,8.54E-06,8.54E-06,6.77E-06,8.15E-06,8.15E-06,1.13E-05,1.13E-05,7.72E-06,7.78E-06,7.78E-06,5.50E-05,5.50E-05,1.55E-05,8.52E-06,8.52E-06,6.37E-06,6.37E-06,7.03E-06,7.16E-06,7.16E-06,3.27E-05,3.27E-05,6.50E-05,5.85E-05,5.85E-05,3.25E-05,3.25E-05,6.24E-05,1.36E-05,1.36E-05,8.52E-06,8.52E-06,6.10E-06,5.25E-06,5.25E-06,5.06E-06,5.06E-06,6.77E-06,4.40E-06,4.40E-06,3.78E-06,3.78E-06,4.14E-06,2.92E-05,2.92E-05,6.84E-06,6.84E-06,4.79E-06,3.01E-06,3.01E-06,3.38E-06,3.38E-06,2.72E-06,3.32E-06,3.32E-06,4.12E-06,4.12E-06,4.50E-06,3.54E-06,3.54E-06,3.21E-05,3.21E-05,4.54E-06,4.36E-06,4.36E-06,3.91E-06,3.91E-06,4.80E-06,4.50E-06,4.50E-06,5.04E-06,5.04E-06,5.44E-06,4.12E-06,4.12E-06,4.04E-06,4.04E-06,2.62E-05,1.67E-05,1.67E-05,1.62E-05,1.62E-05,1.05E-05,5.50E-06,5.50E-06,4.00E-06,4.00E-06,4.20E-06,3.90E-06,3.90E-06,3.67E-06,3.67E-06,4.01E-06,3.75E-05,3.75E-05,6.54E-06,6.54E-06,5.40E-06,3.92E-06,3.92E-06,4.80E-06,4.80E-06,3.54E-06,3.91E-06,3.91E-06,3.68E-06,3.68E-06,1.30E-05,1.11E-05,1.11E-05,0.000128364,0.000128364,8.72E-06,6.87E-06,6.87E-06,6.97E-06,6.97E-06,3.90E-06,3.71E-06,3.71E-06,3.97E-06,3.97E-06,4.10E-06,3.09E-06,3.09E-06,3.17E-06,3.17E-06,3.25E-05,6.34E-06,6.34E-06,2.98E-06,2.98E-06,3.83E-06,3.36E-06,3.36E-06,4.19E-06,4.19E-06,3.65E-06,2.73E-06,2.73E-06,3.07E-06,3.07E-06,4.96E-06,3.58E-05,3.58E-05,5.00E-06,5.00E-06,3.23E-06,3.82E-06,3.82E-06,4.00E-06,4.00E-06,3.61E-06,2.99E-06,2.99E-06,2.68E-06,2.68E-06,3.40E-06,3.82E-06,3.82E-06,3.51E-05,3.51E-05,6.37E-06,4.53E-06,4.53E-06,5.39E-06,5.39E-06,1.17E-05,2.82E-05,2.82E-05,1.43E-05,1.43E-05,7.67E-06,4.92E-06,4.92E-06,4.34E-06,4.34E-06,3.49E-05,4.02E-06,4.02E-06,4.24E-06,4.24E-06,4.12E-06,4.16E-06,4.16E-06,3.57E-06,3.57E-06,3.76E-06,3.48E-06,3.48E-06,3.80E-06,3.80E-06,4.33E-06,2.57E-05,2.57E-05,5.00E-06,5.00E-06,3.79E-06,3.13E-06,3.13E-06,3.45E-06,3.45E-06,6.77E-06,1
4.27E-06,4.27E-06,2.54E-06,2.54E-06,3.08E-06,3.25E-06,3.25E-06,3.61E-05,3.61E-05,1.06E-05,2.18E-05,2.18E-05,2.11E-05,2.11E-05,7.01E-06,3.83E-06,3.83E-06,5.87E-06,5.87E-06,5.50E-06,5.08E-06,5.08E-06,6.58E-06,6.58E-06,4.74E-05,3.61E-06,3.61E-06,4.41E-06,4.41E-06,2.35E-06,3.51E-06,3.51E-06,3.34E-06,3.34E-06,3.19E-06,3.86E-06,3.86E-06,2.98E-06,2.98E-06,3.50E-06,3.34E-05,3.34E-05,5.05E-06,5.05E-06,2.62E-06,3.30E-06,3.30E-06,3.20E-06,3.20E-06,2.33E-06,2.62E-06,2.62E-06,3.63E-06,3.63E-06,2.96E-06,2.88E-06,2.88E-06,3.27E-05,3.27E-05,5.43E-06,3.63E-06,3.63E-06,2.54E-06,2.54E-06,2.99E-06,2.10E-06,2.10E-06,3.28E-06,3.28E-06,3.76E-06,3.77E-06,3.77E-06,3.99E-06,3.99E-06,2.97E-05,4.74E-06,4.74E-06,4.28E-06,4.28E-06,3.54E-06,2.59E-06,2.59E-06,7.48E-06,7.48E-06,8.15E-06,9.79E-06,9.79E-06,3.96E-06,3.96E-06,4.79E-06,2.91E-05,2.91E-05,5.70E-06,5.70E-06,4.05E-06,3.55E-06,3.55E-06,3.51E-06,3.51E-06,3.18E-06,2.67E-06,2.67E-06,3.62E-06,3.62E-06,4.19E-06,3.58E-06,3.58E-06,3.46E-05,3.46E-05,5.81E-06,3.59E-06,3.59E-06,3.35E-06,3.35E-06,4.84E-06,7.37E-06,7.37E-06,5.10E-06,5.10E-06,5.07E-06,6.23E-06,6.23E-06,5.78E-06,5.78E-06,3.30E-05,7.62E-06,7.62E-06,4.82E-06,4.82E-06,4.07E-06,3.93E-06,3.93E-06,4.14E-06,4.14E-06,5.04E-06,3.18E-06,3.18E-06,5.01E-06,5.01E-06,3.40E-06,4.24E-05,4.24E-05,5.87E-06,5.87E-06,4.95E-06,4.36E-06,4.36E-06,5.02E-06,5.02E-06,4.77E-06,9.93E-06,9.93E-06,1.38E-05,1.38E-05,1.39E-05,6.34E-06,6.34E-06,3.97E-05,3.97E-05,7.33E-06,5.12E-06,5.12E-06,3.87E-06,3.87E-06,3.32E-06,3.54E-06,3.54E-06,3.08E-06,3.08E-06,2.89E-06,3.22E-06,3.22E-06,2.92E-06,2.92E-06,2.82E-05,6.70E-06,6.70E-06,3.07E-06,3.07E-06,3.56E-06,3.92E-06,3.92E-06,3.27E-06,3.27E-06,2.97E-06,3.67E-06,3.67E-06,3.51E-06,3.51E-06,6.19E-06,0.000123288,0.000123288,1.57E-05,1.57E-05,8.72E-06,5.18E-06,5.18E-06,4.33E-06,4.33E-06,4.34E-06,3.83E-06,3.83E-06,3.77E-06,3.77E-06,4.47E-06,4.01E-06,4.01E-06,3.04E-05,3.04E-05,4.08E-06,2.50E-06,2.50E-06,2.81E-06,2.81E-06,3.64E-06,3.45E-06,3.45E-06,3.71E-06,3.71E-06,2.79E-06,3.03E-06,3.03E-06,3.25E-06,3.25E-06,3.12E-05,1
2.10E-06,2.10E-06,8.22E-07,8.22E-07,5.88E-07,5.10E-07,5.10E-07,5.32E-07,5.32E-07,5.51E-07,5.70E-07,5.70E-07,4.98E-07,4.98E-07,5.91E-07,0.000278137,0.000278137,0.008726051,0.008726051,0.000467861,2.27E-06,2.27E-06,7.15E-07,7.15E-07,5.86E-07,4.98E-07,4.98E-07,4.67E-07,4.67E-07,4.03E-07,4.25E-07,4.25E-07,0.072647005,0.072647005,0.11759628,8.18E-05,8.18E-05,1.62E-06,1.62E-06,1.11E-06,5.05E-07,5.05E-07,4.32E-07,4.32E-07,5.65E-07,4.58E-07,4.58E-07,6.37E-06,6.37E-06,0.018353531,0.006707157,0.006707157,1.24E-05,1.24E-05,1.87E-06,7.26E-07,7.26E-07,5.54E-07,5.54E-07,3.98E-07,4.33E-07,4.33E-07,1.00E-06,1.00E-06,3.92E-05,0.000432812,0.000432812,2.39E-06,2.39E-06,9.35E-07,6.21E-07,6.21E-07,5.69E-07,5.69E-07,4.75E-07,4.14E-07,4.14E-07,3.78E-07,3.78E-07,3.65E-07,3.55E-07,3.55E-07,1.15E-05,1.15E-05,8.74E-07,5.43E-07,5.43E-07,4.87E-07,4.87E-07,4.18E-07,4.25E-07,4.25E-07,5.38E-07,5.38E-07,7.55E-07,7.41E-07,7.41E-07,7.60E-07,7.60E-07,9.73E-06,1.33E-06,1.33E-06,8.42E-07,8.42E-07,6.67E-07,7.92E-07,7.92E-07,8.90E-07,8.90E-07,1.00E-06,9.38E-07,9.38E-07,8.52E-07,8.52E-07,7.85E-07,1.16E-05,1.16E-05,1.61E-06,1.61E-06,1.23E-06,0.37515795,0.37515795,0.47900307,0.47900307,0.024790447,9.65E-06,9.65E-06,8.39E-07,8.39E-07,5.41E-07,5.35E-07,5.35E-07,1.58E-05,1.58E-05,1.26E-06,6.54E-07,6.54E-07,5.56E-07,5.56E-07,4.56E-07,5.50E-07,5.50E-07,0.048559457,0.048559457,0.16661692,8.62E-06,8.62E-06,7.97E-07,7.97E-07,2.19E-05,2.18E-06,2.18E-06,9.44E-07,9.44E-07,9.42E-07,9.23E-07,9.23E-07,8.89E-07,8.89E-07,8.88E-07,8.20E-07,8.20E-07,7.88E-07,7.88E-07,9.87E-07,6.67E-05,6.67E-05,0.36912656,0.36912656,4.43E-05,3.07E-06,3.07E-06,1.20E-06,1.20E-06,8.34E-07,6.54E-07,6.54E-07,6.27E-07,6.27E-07,7.32E-07,7.39E-07,7.39E-07,1.86E-05,1.86E-05,1.37E-06,5.87E-07,5.87E-07,5.85E-07,5.85E-07,4.35E-07,3.82E-07,3.82E-07,4.77E-07,4.77E-07,4.76E-07,5.00E-07,5.00E-07,5.85E-07,5.85E-07,1.18E-05,8.53E-07,8.53E-07,4.74E-07,4.74E-07,4.71E-07,1.29E-06,1.29E-06,0.002260163,0.002260163,1.96E-06,1.42E-06,1.42E-06,6.99E-07,6.99E-07,6.60E-07,1.02E-05,1.02E-05,1.30E-06,1.30E-06,9.39E-07,7.94E-07,7.94E-07,7.71E-07,7.71E-07,7.60E-07,1
7.09E-07,7.09E-07,6.01E-07,6.01E-07,6.70E-07,6.09E-07,6.09E-07,7.10E-06,7.10E-06,8.55E-07,4.98E-07,4.98E-07,4.79E-07,4.79E-07,5.08E-07,3.39E-07,3.39E-07,4.39E-07,4.39E-07,4.50E-07,4.41E-07,4.41E-07,4.33E-07,4.33E-07,1.12E-05,1.12E-06,1.12E-06,5.43E-07,5.43E-07,4.39E-07,4.29E-07,4.29E-07,4.22E-07,4.22E-07,4.01E-07,3.79E-07,3.79E-07,3.79E-07,3.79E-07,4.02E-07,7.74E-06,7.74E-06,4.08E-06,4.08E-06,2.70E-06,8.63E-07,8.63E-07,3.96E-07,3.96E-07,3.16E-07,3.19E-07,3.19E-07,3.13E-07,3.13E-07,3.55E-07,3.49E-07,3.49E-07,1.04E-05,1.04E-05,1.14E-06,7.82E-07,7.82E-07,9.75E-07,9.75E-07,7.94E-07,6.70E-07,6.70E-07,7.64E-07,7.64E-07,7.12E-07,6.96E-07,6.96E-07,7.27E-07,7.27E-07,8.42E-06,1.14E-06,1.14E-06,7.08E-07,7.08E-07,6.55E-07,6.75E-07,6.75E-07,0.16665241,0.16665241,0.057982408,1.31E-05,1.31E-05,7.67E-07,7.67E-07,5.83E-07,1.51E-05,1.51E-05,9.93E-07,9.93E-07,5.49E-07,3.85E-07,3.85E-07,4.48E-07,4.48E-07,4.58E-07,4.57E-06,4.57E-06,0.7780228,0.7780228,1.23E-05,1.74E-06,1.74E-06,1.68E-05,1.68E-05,8.07E-07,5.35E-07,5.35E-07,4.17E-07,4.17E-07,4.17E-07,4.00E-07,4.00E-07,3.59E-07,3.59E-07,4.11E-07,3.36E-07,3.36E-07,3.88E-07,3.88E-07,8.63E-06,1.19E-06,1.19E-06,0.96632785,0.96632785,0.004234755,4.51E-06,4.51E-06,7.34E-07,7.34E-07,6.55E-07,4.92E-07,4.92E-07,2.94E-07,2.94E-07,2.67E-07,7.61E-06,7.61E-06,6.99E-07,6.99E-07,4.22E-07,3.84E-07,3.84E-07,3.73E-07,3.73E-07,3.85E-07,3.76E-07,3.76E-07,4.19E-07,4.19E-07,4.71E-07,5.41E-07,5.41E-07,1.34E-05,1.34E-05,1.75E-06,0.001815025,0.001815025,0.13159671,0.13159671,6.99E-06,1.06E-06,1.06E-06,5.10E-07,5.10E-07,4.35E-07,3.97E-07,3.97E-07,3.44E-07,3.44E-07,1.17E-05,9.49E-07,9.49E-07,5.09E-07,5.09E-07,5.96E-07,1.01E-05,1.01E-05,0.68794423,0.68794423,0.14721072,2.18E-05,2.18E-05,8.98E-07,8.98E-07,5.17E-07,1.18E-05,1.18E-05,9.28E-07,9.28E-07,4.72E-07,3.77E-07,3.77E-07,3.52E-07,3.52E-07,3.62E-07,2.82E-07,2.82E-07,3.16E-07,3.16E-07,3.00E-07,2.76E-07,2.76E-07,7.82E-06,7.82E-06,9.22E-07,5.44E-07,5.44E-07,4.15E-07,4.15E-07,3.83E-07,4.05E-07,4.05E-07,4.12E-07,4.12E-07,3.91E-07,3.65E-07,3.65E-07,3.88E-07,3.88E-07,9.27E-06,1
6.21E-06,6.21E-06,5.37E-06,5.37E-06,9.67E-06,9.67E-06,7.98E-06,7.98E-06,6.43E-06,6.43E-06,4.07E-06,4.07E-06,5.07E-06,5.07E-06,3.61E-06,3.61E-06,7.20E-06,7.20E-06,3.55E-05,3.55E-05,7.69E-06,7.69E-06,6.20E-06,6.20E-06,3.80E-06,3.80E-06,3.43E-06,3.43E-06,3.50E-06,3.50E-06,3.99E-06,3.99E-06,4.07E-06,4.07E-06,3.51E-06,3.51E-06,4.33E-06,4.33E-06,3.88E-05,3.88E-05,4.95E-06,4.95E-06,4.72E-06,4.72E-06,4.50E-06,4.50E-06,3.48E-06,3.48E-06,2.32E-06,2.32E-06,3.16E-06,3.16E-06,2.65E-06,2.65E-06,3.17E-06,3.17E-06,4.17E-06,4.17E-06,2.66E-05,2.66E-05,5.70E-06,5.70E-06,4.17E-06,4.17E-06,3.92E-06,3.92E-06,5.27E-06,5.27E-06,5.68E-06,5.68E-06,6.73E-06,6.73E-06,7.30E-06,7.30E-06,5.98E-06,5.98E-06,9.59E-06,9.59E-06,4.33E-05,4.33E-05,1.36E-05,1.36E-05,1.14E-05,1.14E-05,9.71E-06,9.71E-06,1.03E-05,1.03E-05,9.76E-06,9.76E-06,7.36E-06,7.36E-06,7.72E-06,7.72E-06,1.03E-05,1.03E-05,8.86E-06,8.86E-06,5.53E-05,5.53E-05,8.31E-06,8.31E-06,6.34E-06,6.34E-06,5.42E-06,5.42E-06,6.55E-06,6.55E-06,7.77E-06,7.77E-06,4.10E-06,4.10E-06,8.51E-06,8.51E-06,7.69E-06,7.69E-06,4.04E-06,4.04E-06,3.27E-05,3.27E-05,6.44E-06,6.44E-06,3.81E-06,3.81E-06,5.82E-06,5.82E-06,8.83E-06,8.83E-06,9.68E-06,9.68E-06,7.53E-06,7.53E-06,9.14E-06,9.14E-06,1.80E-05,1.80E-05,2.45E-05,2.45E-05,4.73E-05,4.73E-05,8.61E-06,8.61E-06,4.72E-06,4.72E-06,4.24E-06,4.24E-06,7.84E-06,7.84E-06,7.37E-06,7.37E-06,6.95E-06,6.95E-06,5.50E-06,5.50E-06,8.62E-06,8.62E-06,4.54E-06,4.54E-06,5.54E-05,5.54E-05,1.58E-05,1.58E-05,1.33E-05,1.33E-05,1.32E-05,1.32E-05,1.36E-05,1.36E-05,7.59E-06,7.59E-06,5.79E-06,5.79E-06,1.01E-05,1.01E-05,6.66E-06,6.66E-06,5.22E-06,5.22E-06,5.52E-05,5.52E-05,7.78E-06,7.78E-06,1.06E-05,1.06E-05,5.32E-06,5.32E-06,1.17E-05,1.17E-05,5.00E-06,5.00E-06,1.02E-05,1.02E-05,6.24E-06,6.24E-06,5.42E-06,5.42E-06,5.75E-06,5.75E-06,3.28E-05,3.28E-05,7.49E-06,7.49E-06,6.77E-06,6.77E-06,8.56E-06,8.56E-06,5.67E-06,5.67E-06,9.45E-06,9.45E-06,5.66E-06,5.66E-06,5.18E-06,5.18E-06,4.57E-06,4.57E-06,1.08E-05,1.08E-05,5.31E-05,5.31E-05,6.22E-06,6.22E-06,7.25E-06,7.25E-06,5.93E-06,1
5.93E-06,4.87E-06,4.87E-06,3.04E-06,3.04E-06,5.24E-06,5.24E-06,7.26E-06,7.26E-06,3.74E-06,3.74E-06,3.99E-06,3.99E-06,3.05E-05,3.05E-05,5.24E-06,5.24E-06,2.95E-06,2.95E-06,3.00E-06,3.00E-06,3.68E-06,3.68E-06,3.88E-06,3.88E-06,3.74E-06,3.74E-06,4.81E-06,4.81E-06,6.34E-06,6.34E-06,4.41E-06,4.41E-06,4.65E-05,4.65E-05,7.35E-06,7.35E-06,6.09E-06,6.09E-06,4.57E-06,4.57E-06,4.17E-06,4.17E-06,5.10E-06,5.10E-06,4.58E-06,4.58E-06,4.37E-06,4.37E-06,7.18E-06,7.18E-06,6.08E-06,6.08E-06,3.86E-05,3.86E-05,9.70E-06,9.70E-06,5.72E-06,5.72E-06,5.44E-06,5.44E-06,5.49E-06,5.49E-06,6.84E-06,6.84E-06,6.98E-06,6.98E-06,6.24E-06,6.24E-06,4.45E-06,4.45E-06,4.86E-06,4.86E-06,2.94E-05,2.94E-05,8.31E-06,8.31E-06,4.70E-06,4.70E-06,5.25E-06,5.25E-06,3.73E-06,3.73E-06,3.86E-06,3.86E-06,5.61E-06,5.61E-06,5.88E-06,5.88E-06,3.24E-06,3.24E-06,3.59E-06,3.59E-06,2.28E-05,2.28E-05,3.75E-06,3.75E-06,3.33E-06,3.33E-06,5.41E-06,5.41E-06,3.30E-06,3.30E-06,6.26E-06,6.26E-06,5.85E-06,5.85E-06,5.24E-06,5.24E-06,5.05E-06,5.05E-06,5.15E-06,5.15E-06,2.63E-05,2.63E-05,5.24E-06,5.24E-06,3.58E-06,3.58E-06,3.62E-06,3.62E-06,3.71E-06,3.71E-06,4.51E-06,4.51E-06,3.73E-06,3.73E-06,3.88E-06,3.88E-06,3.72E-06,3.72E-06,5.12E-06,5.12E-06,3.27E-05,3.27E-05,5.21E-06,5.21E-06,4.36E-06,4.36E-06,4.05E-06,4.05E-06,4.68E-06,4.68E-06,4.22E-06,4.22E-06,4.45E-06,4.45E-06,4.64E-06,4.64E-06,3.78E-06,3.78E-06,6.88E-06,6.88E-06,2.49E-05,2.49E-05,4.90E-06,4.90E-06,4.74E-06,4.74E-06,6.14E-06,6.14E-06,5.96E-06,5.96E-06,4.91E-06,4.91E-06,5.65E-06,5.65E-06,5.05E-06,5.05E-06,3.90E-06,3.90E-06,8.55E-06,8.55E-06,3.26E-05,3.26E-05,7.82E-06,7.82E-06,4.05E-06,4.05E-06,2.97E-06,2.97E-06,3.35E-06,3.35E-06,3.02E-06,3.02E-06,2.83E-06,2.83E-06,3.61E-06,3.61E-06,2.69E-06,2.69E-06,3.22E-06,3.22E-06,2.41E-05,2.41E-05,4.82E-06,4.82E-06,3.50E-06,3.50E-06,4.74E-06,4.74E-06,4.33E-06,4.33E-06,5.65E-06,5.65E-06,9.41E-06,9.41E-06,1.07E-05,1.07E-05,7.66E-06,7.66E-06,3.99E-06,3.99E-06,4.07E-05,4.07E-05,8.26E-06,8.26E-06,8.81E-06,8.81E-06,4.13E-06,4.13E-06,3.85E-06,3.85E-06,3.33E-06,3.33E-06,1
3.87E-06,3.87E-06,5.41E-06,5.41E-06,4.23E-06,4.23E-06,5.13E-06,5.13E-06,3.78E-05,3.78E-05,8.16E-06,8.16E-06,7.13E-06,7.13E-06,5.28E-06,5.28E-06,2.93E-06,2.93E-06,7.11E-06,7.11E-06,6.05E-06,6.05E-06,3.42E-06,3.42E-06,4.12E-06,4.12E-06,4.50E-06,4.50E-06,3.24E-05,3.24E-05,1.11E-05,1.11E-05,1.37E-05,1.37E-05,1.45E-05,1.45E-05,1.16E-05,1.16E-05,9.58E-06,9.58E-06,4.86E-06,4.86E-06,9.14E-06,9.14E-06,6.82E-06,6.82E-06,1.21E-05,1.21E-05,4.83E-05,4.83E-05,7.27E-06,7.27E-06,5.88E-06,5.88E-06,3.04E-06,3.04E-06,3.43E-06,3.43E-06,3.40E-06,3.40E-06,4.93E-06,4.93E-06,5.86E-06,5.86E-06,3.82E-06,3.82E-06,6.53E-06,6.53E-06,4.62E-05,4.62E-05,7.03E-06,7.03E-06,4.75E-06,4.75E-06,5.43E-06,5.43E-06,9.33E-06,9.33E-06,7.20E-06,7.20E-06,1.09E-05,1.09E-05,5.72E-06,5.72E-06,6.91E-06,6.91E-06,5.00E-06,5.00E-06,4.41E-05,4.41E-05,7.50E-06,7.50E-06,5.14E-06,5.14E-06,4.98E-06,4.98E-06,5.71E-06,5.71E-06,1.09E-05,1.09E-05,8.04E-06,8.04E-06,8.76E-06,8.76E-06,1.52E-05,1.52E-05,7.28E-06,7.28E-06,4.01E-05,4.01E-05,9.17E-06,9.17E-06,1.29E-05,1.29E-05,6.30E-06,6.30E-06,4.25E-06,4.25E-06,5.87E-06,5.87E-06,6.36E-06,6.36E-06,7.16E-06,7.16E-06,6.19E-06,6.19E-06,3.44E-06,3.44E-06,3.44E-05,3.44E-05,9.65E-06,9.65E-06,5.90E-06,5.90E-06,5.37E-06,5.37E-06,8.00E-06,8.00E-06,8.06E-06,8.06E-06,7.22E-06,7.22E-06,8.52E-06,8.52E-06,9.43E-06,9.43E-06,4.11E-06,4.11E-06,4.06E-05,4.06E-05,1.06E-05,1.06E-05,1.74E-05,1.74E-05,6.42E-06,6.42E-06,5.22E-06,5.22E-06,6.92E-06,6.92E-06,5.06E-06,5.06E-06,8.68E-06,8.68E-06,4.58E-06,4.58E-06,4.86E-06,4.86E-06,3.83E-05,3.83E-05,1.07E-05,1.07E-05,4.62E-06,4.62E-06,3.85E-06,3.85E-06,3.94E-06,3.94E-06,3.74E-06,3.74E-06,4.79E-06,4.79E-06,4.71E-06,4.71E-06,5.26E-06,5.26E-06,4.90E-06,4.90E-06,2.58E-05,2.58E-05,5.23E-06,5.23E-06,4.42E-06,4.42E-06,5.55E-06,5.55E-06,5.40E-06,5.40E-06,4.05E-06,4.05E-06,3.66E-06,3.66E-06,3.90E-06,3.90E-06,5.29E-06,5.29E-06,3.18E-06,3.18E-06,4.04E-05,4.04E-05,5.42E-06,5.42E-06,3.88E-06,3.88E-06,2.98E-06,2.98E-06,4.94E-06,4.94E-06,5.07E-06,5.07E-06,3.63E-06,3.63E-06,3.39E-06,3.39E-06,7.89E-06,1
7.89E-06,5.51E-06,5.51E-06,4.09E-05,4.09E-05,7.19E-06,7.19E-06,3.88E-06,3.88E-06,3.49E-06,3.49E-06,3.46E-06,3.46E-06,6.92E-06,6.92E-06,1.12E-05,1.12E-05,5.16E-06,5.16E-06,6.00E-06,6.00E-06,5.95E-06,5.95E-06,6.91E-05,6.91E-05,8.64E-06,8.64E-06,8.01E-06,8.01E-06,6.85E-06,6.85E-06,9.77E-06,9.77E-06,6.15E-06,6.15E-06,6.18E-06,6.18E-06,1.08E-05,1.08E-05,1.45E-05,1.45E-05,9.75E-06,9.75E-06,3.53E-05,3.53E-05,6.98E-06,6.98E-06,5.51E-06,5.51E-06,3.78E-06,3.78E-06,3.71E-06,3.71E-06,4.12E-06,4.12E-06,4.37E-06,4.37E-06,5.44E-06,5.44E-06,7.90E-06,7.90E-06,7.53E-06,7.53E-06,6.69E-05,6.69E-05,5.93E-06,5.93E-06,5.23E-06,5.23E-06,4.15E-06,4.15E-06,3.56E-06,3.56E-06,5.57E-06,5.57E-06,4.89E-06,4.89E-06,4.17E-06,4.17E-06,3.66E-06,3.66E-06,5.00E-06,5.00E-06,2.22E-05,2.22E-05,6.32E-06,6.32E-06,3.36E-06,3.36E-06,2.95E-06,2.95E-06,3.25E-06,3.25E-06,3.74E-06,3.74E-06,2.87E-06,2.87E-06,5.72E-06,5.72E-06,3.89E-06,3.89E-06,7.61E-06,7.61E-06,2.60E-05,2.60E-05,5.08E-06,5.08E-06,4.90E-06,4.90E-06,3.69E-06,3.69E-06,4.39E-06,4.39E-06,6.81E-06,6.81E-06,8.18E-06,8.18E-06,1.16E-05,1.16E-05,2.52E-05,2.52E-05,1.57E-05,1.57E-05,6.22E-05,6.22E-05,5.37E-06,5.37E-06,5.74E-06,5.74E-06,4.12E-06,4.12E-06,3.17E-06,3.17E-06,4.81E-06,4.81E-06,5.76E-06,5.76E-06,2.32E-06,2.32E-06,4.60E-06,4.60E-06,4.53E-06,4.53E-06,4.71E-05,4.71E-05,7.43E-06,7.43E-06,5.90E-06,5.90E-06,3.55E-06,3.55E-06,4.71E-06,4.71E-06,6.02E-06,6.02E-06,6.71E-06,6.71E-06,3.97E-06,3.97E-06,5.73E-06,5.73E-06,3.72E-06,3.72E-06,4.23E-05,4.23E-05,4.96E-06,4.96E-06,1.05E-05,1.05E-05,7.19E-06,7.19E-06,8.17E-06,8.17E-06,5.19E-06,5.19E-06,8.02E-06,8.02E-06,5.18E-06,5.18E-06,3.55E-06,3.55E-06,5.66E-06,5.66E-06,3.58E-05,3.58E-05,7.44E-06,7.44E-06,4.17E-06,4.17E-06,9.25E-06,9.25E-06,3.93E-06,3.93E-06,5.20E-06,5.20E-06,4.71E-06,4.71E-06,7.87E-06,7.87E-06,4.45E-06,4.45E-06,7.53E-06,7.53E-06,4.38E-05,4.38E-05,3.89E-06,3.89E-06,2.96E-06,2.96E-06,2.81E-06,2.81E-06,3.67E-06,3.67E-06,5.26E-06,5.26E-06,4.77E-06,4.77E-06,4.08E-06,4.08E-06,3.82E-06,3.82E-06,4.44E-06,4.44E-06,2.23E-05,2.23E-05,1
4.10E-06,4.10E-06,3.09E-06,3.09E-06,2.39E-06,2.39E-06,2.81E-06,2.81E-06,2.67E-06,2.67E-06,3.73E-06,3.73E-06,3.07E-06,3.07E-06,3.30E-06,3.30E-06,3.57E-06,3.57E-06,3.64E-05,3.64E-05,3.74E-06,3.74E-06,2.21E-06,2.21E-06,2.20E-06,2.20E-06,1.95E-06,1.95E-06,2.51E-06,2.51E-06,3.16E-06,3.16E-06,3.29E-06,3.29E-06,3.93E-06,3.93E-06,2.33E-06,2.33E-06,2.15E-05,2.15E-05,3.74E-06,3.74E-06,2.50E-06,2.50E-06,2.72E-06,2.72E-06,3.97E-06,3.97E-06,2.33E-06,2.33E-06,2.51E-06,2.51E-06,2.03E-06,2.03E-06,2.14E-06,2.14E-06,2.85E-06,2.85E-06,2.24E-05,2.24E-05,3.00E-06,3.00E-06,1.94E-06,1.94E-06,2.33E-06,2.33E-06,2.75E-06,2.75E-06,3.50E-06,3.50E-06,2.57E-06,2.57E-06,3.08E-06,3.08E-06,2.21E-06,2.21E-06,3.00E-06,3.00E-06,2.28E-05,2.28E-05,3.01E-06,3.01E-06,2.43E-06,2.43E-06,2.17E-06,2.17E-06,4.98E-06,4.98E-06,3.45E-06,3.45E-06,2.44E-06,2.44E-06,2.97E-06,2.97E-06,3.02E-06,3.02E-06,3.41E-06,3.41E-06,1.97E-05,1.97E-05,2.85E-06,2.85E-06,2.64E-06,2.64E-06,2.20E-06,2.20E-06,4.20E-06,4.20E-06,3.25E-06,3.25E-06,4.05E-06,4.05E-06,3.74E-06,3.74E-06,2.94E-06,2.94E-06,3.77E-06,3.77E-06,3.82E-05,3.82E-05,9.14E-06,9.14E-06,1.20E-05,1.20E-05,1.05E-05,1.05E-05,1.38E-05,1.38E-05,1.51E-05,1.51E-05,2.23E-05,2.23E-05,1.79E-05,1.79E-05,1.54E-05,1.54E-05,2.70E-05,2.70E-05,0.000127018,0.000127018,2.48E-05,2.48E-05,2.61E-05,2.61E-05,2.13E-05,2.13E-05,1.24E-05,1.24E-05,1.76E-05,1.76E-05,1.68E-05,1.68E-05,1.74E-05,1.74E-05,7.22E-06,7.22E-06,5.29E-06,5.29E-06,3.41E-05,3.41E-05,5.04E-06,5.04E-06,9.12E-06,9.12E-06,9.24E-06,9.24E-06,6.67E-06,6.67E-06,5.74E-06,5.74E-06,4.63E-06,4.63E-06,5.42E-06,5.42E-06,5.67E-06,5.67E-06,4.03E-06,4.03E-06,2.09E-05,2.09E-05,3.81E-06,3.81E-06,2.38E-06,2.38E-06,2.78E-06,2.78E-06,2.61E-06,2.61E-06,2.81E-06,2.81E-06,5.26E-06,5.26E-06,5.43E-06,5.43E-06,4.42E-06,4.42E-06,3.57E-06,3.57E-06,2.41E-05,2.41E-05,5.21E-06,5.21E-06,3.66E-06,3.66E-06,3.80E-06,3.80E-06,4.09E-06,4.09E-06,4.30E-06,4.30E-06,3.35E-06,3.35E-06,3.77E-06,3.77E-06,3.83E-06,3.83E-06,4.10E-06,4.10E-06,2.59E-05,2.59E-05,5.35E-06,5.35E-06,4.42E-06,4.42E-06,3.05E-06,1
0.000103703,0.000103703,4.45E-05,4.45E-05,3.85E-05,3.85E-05,1.31E-05,1.31E-05,1.36E-05,1.36E-05,4.61E-06,4.61E-06,1.00E-05,1.00E-05,1.56E-05,1.56E-05,0.98864555,0.98864555,0.9931421,0.9931421,0.24645537,0.24645537,0.000154425,0.000154425,1.95E-05,1.95E-05,1.09E-05,1.09E-05,1.09E-05,1.09E-05,6.08E-06,6.08E-06,8.18E-06,8.18E-06,3.78E-05,3.78E-05,6.14E-05,6.14E-05,0.00041983,0.00041983,2.10E-05,2.10E-05,1.31E-05,1.31E-05,3.36E-05,3.36E-05,1.41E-05,1.41E-05,1.60E-05,1.60E-05,0.39890763,0.39890763,0.9985702,0.9985702,0.96341604,0.96341604,0.000487004,0.000487004,0.002058193,0.002058193,0.001120071,0.001120071,0.00014196,0.00014196,0.000132035,0.000132035,6.35E-05,6.35E-05,6.88E-05,6.88E-05,6.79E-05,6.79E-05,0.000324518,0.000324518,0.000618039,0.000618039,0.000428174,0.000428174,0.001272308,0.001272308,0.000638172,0.000638172,4.21E-05,4.21E-05,0.000369021,0.000369021,0.000126157,0.000126157,0.00283146,0.00283146,0.9996215,0.9996215,0.9988275,0.9988275,0.71402454,0.71402454,0.005500596,0.005500596,0.030723434,0.030723434,0.00055116,0.00055116,4.25E-05,4.25E-05,0.000122145,0.000122145,0.00018227,0.00018227,6.82E-05,6.82E-05,0.000291199,0.000291199,0.000140252,0.000140252,0.000279631,0.000279631,5.33E-05,5.33E-05,0.000564309,0.000564309,0.000137729,0.000137729,5.14E-05,5.14E-05,0.00140089,0.00140089,0.99967265,0.99967265,0.9508095,0.9508095,0.10087045,0.10087045,0.000631454,0.000631454,5.07E-05,5.07E-05,9.05E-05,9.05E-05,0.000438008,0.000438008,9.94E-05,9.94E-05,0.000102647,0.000102647,0.000195189,0.000195189,8.60E-05,8.60E-05,0.0002626,0.0002626,0.000273498,0.000273498,3.83E-05,3.83E-05,0.000111976,0.000111976,0.000156288,0.000156288,0.00137053,0.00137053,0.000123857,0.000123857,0.000134844,0.000134844,3.60E-05,3.60E-05,4.39E-05,4.39E-05,3.66E-05,3.66E-05,9.08E-05,9.08E-05,4.47E-05,4.47E-05,2.98E-05,2.98E-05,3.96E-05,3.96E-05,0.00042716,0.00042716,3.85E-05,3.85E-05,1.19E-05,1.19E-05,5.13E-05,5.13E-05,0.9977585,0.9977585,0.8119893,0.8119893,0.004284952,0.004284952,2.69E-05,2.69E-05,4.17E-05,4.17E-05,4.18E-05,4.18E-05,0.000459882,0.000459882,4.18E-05,4.18E-05,3.10E-05,3.10E-05,1.70E-05,1.70E-05,3.96E-05,3.96E-05,7.84E-05,7.84E-05,5.31E-05,5.31E-05,7.13E-05,7.13E-05,4.23E-05,4.23E-05,2.57E-05,2.57E-05,0.000824226,0.000824226,0.000250711,0.000250711,5.10E-05,5.10E-05,0.000198658,1
0.000198658,0.000152789,0.000152789,0.01578234,0.01578234,0.99947447,0.99947447,0.9992015,0.9992015,0.94965,0.94965,0.9967884,0.9967884,0.99703145,0.99703145,0.9620566,0.9620566,6.53E-05,6.53E-05,8.34E-05,8.34E-05,2.84E-06,2.84E-06,1.26E-05,1.26E-05,5.51E-06,5.51E-06,1.39E-05,1.39E-05,5.59E-05,5.59E-05,2.28E-05,2.28E-05,0.000143766,0.000143766,9.55E-05,9.55E-05,2.81E-05,2.81E-05,3.11E-05,3.11E-05,1.64E-05,1.64E-05,5.61E-05,5.61E-05,3.40E-05,3.40E-05,5.35E-05,5.35E-05,0.99843544,0.99843544,0.9998777,0.9998777,0.9673099,0.9673099,0.1478638,0.1478638,3.12E-05,3.12E-05,1.56E-05,1.56E-05,2.47E-05,2.47E-05,3.08E-05,3.08E-05,8.37E-06,8.37E-06,4.12E-05,4.12E-05,1.26E-05,1.26E-05,2.04E-05,2.04E-05,0.00010708,0.00010708,1.53E-05,1.53E-05,1.47E-05,1.47E-05,7.22E-06,7.22E-06,2.19E-05,2.19E-05,2.76E-05,2.76E-05,2.69E-05,2.69E-05,2.53E-05,2.53E-05,5.37E-05,5.37E-05,3.93E-05,3.93E-05,0.000480318,0.000480318,0.99823064,0.99823064,0.97585696,0.97585696,0.04136055,0.04136055,6.14E-05,6.14E-05,0.77550817,0.77550817,0.7267514,0.7267514,0.003445154,0.003445154,0.000737253,0.000737253,0.8939323,0.8939323,0.9492273,0.9492273,0.018634865,0.018634865,0.000114775,0.000114775,2.94E-05,2.94E-05,2.64E-05,2.64E-05,6.47E-06,6.47E-06,2.93E-05,2.93E-05,2.27E-05,2.27E-05,3.49E-05,3.49E-05,1.85E-05,1.85E-05,0.000871165,0.000871165,0.8590364,0.8590364,0.9966518,0.9966518,0.8370248,0.8370248,0.002650803,0.002650803,5.75E-05,5.75E-05,2.48E-05,2.48E-05,3.81E-05,3.81E-05,9.47E-06,9.47E-06,2.77E-05,2.77E-05,0.000267363,0.000267363,0.000138035,0.000138035,0.000142241,0.000142241,6.47E-05,6.47E-05,8.68E-05,8.68E-05,7.54E-05,7.54E-05,8.16E-05,8.16E-05,8.59E-05,8.59E-05,3.97E-05,3.97E-05,0.000171455,0.000171455,0.000681481,0.000681481,6.49E-05,6.49E-05,5.71E-05,5.71E-05,0.000199174,0.000199174,0.9884262,0.9884262,0.9992685,0.9992685,0.63795424,0.63795424,0.001208694,0.001208694,0.000135843,0.000135843,1.98E-05,1.98E-05,0.000311925,0.000311925,0.00016795,0.00016795,0.000266967,0.000266967,0.000584043,0.000584043,0.000273869,0.000273869,0.000475671,0.000475671,0.9989586,0.9989586,0.98872644,0.98872644,0.058423564,0.058423564,0.000392287,0.000392287,0.010383272,0.010383272,0.001495851,0.001495851,0.9919151,0.9919151,0.93558973,0.93558973,0.030211234,0.030211234,0.000300989,0.000300989,1
0.001141373,0.001141373,0.000142062,0.000142062,1.25E-05,1.25E-05,3.10E-05,3.10E-05,0.000270927,0.000270927,4.78E-05,4.78E-05,0.000237426,0.000237426,0.000195857,0.000195857,0.000123347,0.000123347,7.27E-05,7.27E-05,5.13E-05,5.13E-05,4.66E-05,4.66E-05,1.52E-05,1.52E-05,2.00E-05,2.00E-05,0.000361072,0.000361072,5.46E-05,5.46E-05,3.17E-05,3.17E-05,1.65E-05,1.65E-05,2.13E-05,2.13E-05,1.50E-05,1.50E-05,3.81E-05,3.81E-05,3.33E-05,3.33E-05,3.26E-05,3.26E-05,6.92E-05,6.92E-05,0.000264393,0.000264393,7.13E-05,7.13E-05,2.90E-05,2.90E-05,8.07E-05,8.07E-05,4.04E-05,4.04E-05,1.52E-05,1.52E-05,1.59E-05,1.59E-05,2.64E-05,2.64E-05,0.000200828,0.000200828,0.000132964,0.000132964,0.9935808,0.9935808,0.9167111,0.9167111,0.000890198,0.000890198,7.48E-06,7.48E-06,2.57E-06,2.57E-06,1.31E-05,1.31E-05,1.61E-05,1.61E-05,2.15E-05,2.15E-05,2.81E-05,2.81E-05,2.69E-05,2.69E-05,0.000236726,0.000236726,4.15E-05,4.15E-05,4.70E-05,4.70E-05,4.61E-05,4.61E-05,7.00E-05,7.00E-05,0.000145187,0.000145187,6.76E-05,6.76E-05,3.04E-05,3.04E-05,5.98E-05,5.98E-05,4.93E-05,4.93E-05,0.00020205,0.00020205,5.15E-05,5.15E-05,1.35E-05,1.35E-05,5.14E-05,5.14E-05,1.19E-05,1.19E-05,1.57E-05,1.57E-05,5.54E-05,5.54E-05,2.05E-05,2.05E-05,1.88E-05,1.88E-05,2.39E-05,2.39E-05,0.000241263,0.000241263,2.92E-05,2.92E-05,8.90E-06,8.90E-06,1.75E-05,1.75E-05,1.42E-05,1.42E-05,8.91E-06,8.91E-06,2.12E-05,2.12E-05,2.05E-05,2.05E-05,1.58E-05,1.58E-05,2.81E-05,2.81E-05,0.000168237,0.000168237,4.72E-05,4.72E-05,1.69E-05,1.69E-05,3.92E-05,3.92E-05,7.83E-06,7.83E-06,2.01E-05,2.01E-05,2.59E-05,2.59E-05,5.91E-05,5.91E-05,2.42E-05,2.42E-05,7.34E-05,7.34E-05,0.000238305,0.000238305,7.30E-05,7.30E-05,0.000141073,0.000141073,2.50E-05,2.50E-05,0.000135703,0.000135703,9.46E-05,9.46E-05,8.64E-05,8.64E-05,0.000238141,0.000238141,0.9921091,0.9921091,0.96620953,0.96620953,0.10170148,0.10170148,0.024061894,0.024061894,0.72943884,0.72943884,0.8475017,0.8475017,0.000199964,0.000199964,8.26E-05,8.26E-05,0.8843071,0.8843071,0.9815438,0.9815438,0.83433837,0.83433837,0.017296676,0.017296676,0.002440997,0.002440997,0.00771944,0.00771944,0.001518145,0.001518145,0.000145622,0.000145622,0.000148933,0.000148933,7.87E-05,7.87E-05,3.72E-05,3.72E-05,1.70E-05,1.70E-05,1.30E-05,1
3.16E-05,3.16E-05,6.35E-05,6.35E-05,1.02E-05,1.02E-05,1.34E-05,1.34E-05,1.24E-05,1.24E-05,2.53E-05,2.53E-05,1.44E-05,1.44E-05,9.64E-06,9.64E-06,1.24E-05,1.24E-05,0.000150543,0.000150543,6.15E-06,6.15E-06,4.94E-06,4.94E-06,5.37E-06,5.37E-06,1.25E-05,1.25E-05,1.02E-05,1.02E-05,5.87E-06,5.87E-06,9.41E-06,9.41E-06,1.80E-05,1.80E-05,2.87E-05,2.87E-05,7.17E-05,7.17E-05,4.36E-05,4.36E-05,1.25E-05,1.25E-05,1.26E-05,1.26E-05,1.23E-05,1.23E-05,1.25E-05,1.25E-05,2.73E-05,2.73E-05,2.50E-05,2.50E-05,2.46E-05,2.46E-05,2.23E-05,2.23E-05,4.67E-05,4.67E-05,3.01E-05,3.01E-05,9.21E-06,9.21E-06,9.35E-06,9.35E-06,5.93E-06,5.93E-06,8.64E-06,8.64E-06,1.52E-05,1.52E-05,3.43E-05,3.43E-05,1.22E-05,1.22E-05,5.40E-05,5.40E-05,0.004442376,0.004442376,0.000238478,0.000238478,0.000666154,0.000666154,4.62E-05,4.62E-05,0.000164092,0.000164092,1.85E-05,1.85E-05,3.05E-05,3.05E-05,2.55E-05,2.55E-05,9.30E-06,9.30E-06,8.88E-06,8.88E-06,0.000127683,0.000127683,1.00E-05,1.00E-05,9.18E-06,9.18E-06,6.90E-06,6.90E-06,8.16E-06,8.16E-06,2.38E-06,2.38E-06,3.72E-06,3.72E-06,4.04E-06,4.04E-06,6.97E-06,6.97E-06,7.40E-06,7.40E-06,6.97E-05,6.97E-05,5.27E-06,5.27E-06,2.67E-06,2.67E-06,3.41E-06,3.41E-06,2.97E-06,2.97E-06,3.72E-06,3.72E-06,2.98E-06,2.98E-06,6.25E-06,6.25E-06,4.82E-06,4.82E-06,4.49E-06,4.49E-06,3.99E-05,3.99E-05,0.3612938,0.3612938,0.0607047,0.0607047,0.000114768,0.000114768,3.47E-05,3.47E-05,1.18E-05,1.18E-05,1.32E-05,1.32E-05,4.16E-06,4.16E-06,4.35E-06,4.35E-06,9.93E-07,9.93E-07,2.91E-05,2.91E-05,3.41E-06,3.41E-06,3.00E-06,3.00E-06,2.30E-06,2.30E-06,5.48E-06,5.48E-06,2.03E-06,2.03E-06,1.12E-05,1.12E-05,1.37E-05,1.37E-05,5.37E-06,5.37E-06,3.25E-05,3.25E-05,5.26E-05,5.26E-05,7.02E-06,7.02E-06,7.85E-06,7.85E-06,4.78E-06,4.78E-06,1.38E-05,1.38E-05,1.66E-05,1.66E-05,6.09E-06,6.09E-06,4.51E-06,4.51E-06,7.14E-06,7.14E-06,7.95E-06,7.95E-06,0.000228882,0.000228882,6.63E-05,6.63E-05,1.78E-05,1.78E-05,1.23E-05,1.23E-05,3.33E-05,3.33E-05,1.06E-05,1.06E-05,7.71E-06,7.71E-06,3.76E-05,3.76E-05,1.13E-05,1.13E-05,8.66E-06,8.66E-06,6.82E-05,6.82E-05,1.84E-05,1.84E-05,4.66E-06,4.66E-06,6.05E-06,1
6.05E-06,9.03E-06,9.03E-06,0.000364759,0.000364759,5.04E-05,5.04E-05,7.01E-05,7.01E-05,0.003833057,0.003833057,0.00044756,0.00044756,0.000155885,0.000155885,1.85E-05,1.85E-05,2.05E-05,2.05E-05,6.81E-06,6.81E-06,1.76E-05,1.76E-05,1.82E-05,1.82E-05,1.00E-05,1.00E-05,7.65E-06,7.65E-06,8.74E-06,8.74E-06,1.17E-05,1.17E-05,3.97E-05,3.97E-05,1.04E-05,1.04E-05,2.98E-06,2.98E-06,9.47E-06,9.47E-06,3.17E-06,3.17E-06,1.93E-06,1.93E-06,3.43E-06,3.43E-06,2.87E-06,2.87E-06,2.79E-06,2.79E-06,3.70E-06,3.70E-06,6.63E-05,6.63E-05,6.85E-06,6.85E-06,4.13E-06,4.13E-06,5.06E-06,5.06E-06,3.63E-06,3.63E-06,3.55E-06,3.55E-06,3.87E-06,3.87E-06,7.02E-06,7.02E-06,9.14E-06,9.14E-06,9.05E-06,9.05E-06,6.26E-05,6.26E-05,7.24E-06,7.24E-06,4.64E-06,4.64E-06,7.21E-06,7.21E-06,3.37E-06,3.37E-06,7.77E-06,7.77E-06,8.00E-06,8.00E-06,3.36E-06,3.36E-06,5.20E-06,5.20E-06,1.20E-05,1.20E-05,4.09E-05,4.09E-05,2.79E-05,2.79E-05,0.10284542,0.10284542,0.09286457,0.09286457,2.22E-05,2.22E-05,3.53E-06,3.53E-06,3.15E-06,3.15E-06,4.00E-06,4.00E-06,3.44E-06,3.44E-06,3.28E-06,3.28E-06,4.02E-05,4.02E-05,4.99E-06,4.99E-06,2.68E-06,2.68E-06,1.84E-06,1.84E-06,3.78E-06,3.78E-06,3.96E-06,3.96E-06,1.40E-05,1.40E-05,6.02E-06,6.02E-06,3.27E-06,3.27E-06,8.56E-06,8.56E-06,0.00011009,0.00011009,7.70E-06,7.70E-06,9.30E-06,9.30E-06,0.43390873,0.43390873,0.8706283,0.8706283,0.000682969,0.000682969,1.42E-05,1.42E-05,1.47E-05,1.47E-05,5.20E-06,5.20E-06,1.40E-05,1.40E-05,8.20E-05,8.20E-05,0.000110203,0.000110203,3.76E-05,3.76E-05,1.51E-05,1.51E-05,2.31E-05,2.31E-05,8.98E-06,8.98E-06,1.29E-05,1.29E-05,6.25E-06,6.25E-06,5.93E-06,5.93E-06,7.79E-06,7.79E-06,0.000139708,0.000139708,1.47E-05,1.47E-05,8.79E-06,8.79E-06,8.66E-06,8.66E-06,7.12E-06,7.12E-06,1.01E-05,1.01E-05,4.03E-06,4.03E-06,6.45E-06,6.45E-06,6.88E-06,6.88E-06,1.12E-05,1.12E-05,5.74E-05,5.74E-05,9.08E-06,9.08E-06,6.74E-06,6.74E-06,1.32E-05,1.32E-05,0.033109587,0.033109587,0.17386292,0.17386292,0.004191059,0.004191059,0.000119595,0.000119595,2.27E-05,2.27E-05,1.26E-05,1.26E-05,3.15E-05,3.15E-05,7.23E-06,7.23E-06,5.17E-06,5.17E-06,5.80E-06,5.80E-06,2.19E-06,2.19E-06,3.23E-06,3.23E-06,1
6.50E-06,6.50E-06,3.50E-06,3.50E-06,2.87E-06,2.87E-06,2.49E-06,2.49E-06,2.16E-06,2.16E-06,1.37E-06,1.37E-06,1.04E-06,1.04E-06,6.65E-07,6.65E-07,8.11E-07,8.11E-07,1.29E-05,1.29E-05,1.44E-06,1.44E-06,7.84E-07,7.84E-07,6.96E-07,6.96E-07,6.37E-07,6.37E-07,8.03E-07,8.03E-07,6.53E-07,6.53E-07,6.58E-07,6.58E-07,5.81E-07,5.81E-07,7.60E-07,7.60E-07,1.10E-05,1.10E-05,1.46E-06,1.46E-06,8.99E-07,8.99E-07,8.49E-07,8.49E-07,9.84E-07,9.84E-07,8.63E-07,8.63E-07,5.08E-07,5.08E-07,4.21E-07,4.21E-07,4.00E-07,4.00E-07,4.49E-07,4.49E-07,9.92E-06,9.92E-06,1.01E-06,1.01E-06,4.38E-07,4.38E-07,3.89E-07,3.89E-07,3.25E-07,3.25E-07,3.16E-07,3.16E-07,2.98E-07,2.98E-07,2.48E-07,2.48E-07,3.25E-07,3.25E-07,2.95E-07,2.95E-07,7.30E-06,7.30E-06,9.57E-07,9.57E-07,4.57E-07,4.57E-07,5.27E-07,5.27E-07,3.98E-07,3.98E-07,3.86E-07,3.86E-07,3.43E-07,3.43E-07,3.05E-07,3.05E-07,2.58E-07,2.58E-07,2.52E-07,2.52E-07,1.01E-05,1.01E-05,8.36E-07,8.36E-07,5.07E-07,5.07E-07,5.21E-07,5.21E-07,3.22E-07,3.22E-07,2.81E-07,2.81E-07,2.51E-07,2.51E-07,2.81E-07,2.81E-07,3.16E-07,3.16E-07,2.64E-07,2.64E-07,7.63E-06,7.63E-06,7.23E-07,7.23E-07,4.78E-07,4.78E-07,9.83E-06,9.83E-06,0.007424471,0.007424471,0.006026546,0.006026546,0.05663766,0.05663766,0.094792135,0.094792135,0.1610947,0.1610947,0.08586367,0.08586367,0.11810397,0.11810397,0.06270499,0.06270499,0.001286372,0.001286372,0.001326016,0.001326016,0.001209735,0.001209735,0.000803636,0.000803636,0.00272857,0.00272857,0.00592263,0.00592263,0.003079964,0.003079964,0.005103739,0.005103739,0.002347213,0.002347213,0.000402231,0.000402231,0.000399209,0.000399209,0.000447752,0.000447752,0.000379364,0.000379364,0.000413326,0.000413326,0.000555974,0.000555974,0.001096836,0.001096836,0.001970332,0.001970332,0.005073885,0.005073885,0.020508181,0.020508181,0.0770296,0.0770296,0.20236032,0.20236032,0.000107564,0.000107564,1.48E-06,1.48E-06,6.09E-07,6.09E-07,4.47E-07,4.47E-07,2.71E-07,2.71E-07,3.01E-07,3.01E-07,3.22E-07,3.22E-07,7.97E-06,7.97E-06,2.55E-05,2.55E-05,0.5982147,0.5982147,0.7468151,0.7468151,0.8131216,0.8131216,0.7220269,0.7220269,0.044199992,0.044199992,0.15519238,0.15519238,0.051680908,0.051680908,0.007812465,0.007812465,0.33951542,0.33951542,0.055799216,0.055799216,0.01084873,0.01084873,0.013807741,1
0.013807741,0.004391836,0.004391836,0.004127007,0.004127007,0.00398508,0.00398508,0.008907931,0.008907931,0.006598536,0.006598536,0.005732328,0.005732328,0.04637048,0.04637048,0.033565,0.033565,0.006934046,0.006934046,0.004469453,0.004469453,0.002447615,0.002447615,0.005373016,0.005373016,0.019047441,0.019047441,0.003319568,0.003319568,0.002907027,0.002907027,0.002771033,0.002771033,0.009095341,0.009095341,0.002320647,0.002320647,0.008473049,0.008473049,0.002562182,0.002562182,0.001535389,0.001535389,0.00148249,0.00148249,0.047647025,0.047647025,0.0427636,0.0427636,3.21E-06,3.21E-06,2.90E-07,2.90E-07,1.01E-05,1.01E-05,1.08E-06,1.08E-06,5.78E-07,5.78E-07,6.11E-07,6.11E-07,5.81E-07,5.81E-07,7.01E-07,7.01E-07,6.63E-07,6.63E-07,4.25E-07,4.25E-07,5.65E-07,5.65E-07,4.84E-07,4.84E-07,1.17E-05,1.17E-05,9.77E-07,9.77E-07,5.69E-07,5.69E-07,4.63E-07,4.63E-07,1.15E-06,1.15E-06,0.003077477,0.003077477,0.008537128,0.008537128,0.004720385,0.004720385,0.002567244,0.002567244,0.027391005,0.027391005,0.027366713,0.027366713,5.36E-06,5.36E-06,8.98E-07,8.98E-07,6.09E-07,6.09E-07,5.23E-07,5.23E-07,4.58E-07,4.58E-07,5.26E-07,5.26E-07,5.56E-07,5.56E-07,4.93E-07,4.93E-07,6.97E-07,6.97E-07,1.23E-05,1.23E-05,1.51E-06,1.51E-06,1.09E-06,1.09E-06,6.58E-07,6.58E-07,5.61E-07,5.61E-07,5.21E-07,5.21E-07,5.40E-07,5.40E-07,5.54E-07,5.54E-07,5.25E-07,5.25E-07,4.85E-07,4.85E-07,7.15E-06,7.15E-06,8.83E-07,8.83E-07,1.41E-06,1.41E-06,1.24E-05,1.24E-05,6.79E-06,6.79E-06,3.24E-06,3.24E-06,3.39E-05,3.39E-05,0.020893842,0.020893842,5.67E-05,5.67E-05,2.83E-06,2.83E-06,2.25E-05,2.25E-05,1.84E-06,1.84E-06,1.30E-06,1.30E-06,9.61E-07,9.61E-07,1.15E-06,1.15E-06,9.23E-07,9.23E-07,6.83E-07,6.83E-07,5.60E-07,5.60E-07,4.76E-07,4.76E-07,4.35E-07,4.35E-07,7.70E-06,7.70E-06,1.14E-06,1.14E-06,5.17E-07,5.17E-07,2.95E-07,2.95E-07,4.94E-07,4.94E-07,3.91E-07,3.91E-07,3.23E-07,3.23E-07,2.62E-07,2.62E-07,2.72E-07,2.72E-07,3.01E-07,3.01E-07,8.08E-06,8.08E-06,7.99E-07,7.99E-07,5.34E-07,5.34E-07,3.55E-07,3.55E-07,4.39E-07,4.39E-07,5.57E-07,5.57E-07,5.28E-07,5.28E-07,3.94E-07,3.94E-07,5.26E-07,5.26E-07,3.32E-07,3.32E-07,9.27E-06,9.27E-06,1.16E-06,1.16E-06,8.39E-07,8.39E-07,5.47E-07,5.47E-07,5.15E-07,5.15E-07,2.60E-06,2.60E-06,1
9.70E-06,9.70E-06,3.18E-06,3.18E-06,2.28E-06,2.28E-06,1.13E-06,1.13E-06,1.41E-05,1.41E-05,2.23E-06,2.23E-06,8.11E-07,8.11E-07,1.05E-06,1.05E-06,6.22E-07,6.22E-07,9.12E-07,9.12E-07,8.76E-07,8.76E-07,8.48E-07,8.48E-07,4.46E-07,4.46E-07,3.79E-07,3.79E-07,9.82E-06,9.82E-06,9.40E-07,9.40E-07,6.13E-07,6.13E-07,6.78E-07,6.78E-07,3.39E-07,3.39E-07,3.13E-07,3.13E-07,3.34E-07,3.34E-07,3.68E-07,3.68E-07,5.57E-07,5.57E-07,3.47E-07,3.47E-07,1.08E-05,1.08E-05,1.23E-06,1.23E-06,7.62E-07,7.62E-07,5.79E-07,5.79E-07,5.56E-07,5.56E-07,5.17E-07,5.17E-07,4.41E-07,4.41E-07,6.98E-06,6.98E-06,2.65E-05,2.65E-05,3.02E-06,3.02E-06,2.59E-05,2.59E-05,1.91E-06,1.91E-06,1.16E-06,1.16E-06,8.71E-07,8.71E-07,1.02E-06,1.02E-06,8.76E-07,8.76E-07,1.34E-06,1.34E-06,8.05E-05,8.05E-05,4.12E-05,4.12E-05,3.48E-05,3.48E-05,0.000418022,0.000418022,8.50E-05,8.50E-05,1.47E-05,1.47E-05,5.24E-06,5.24E-06,4.74E-06,4.74E-06,2.71E-06,2.71E-06,1.56E-06,1.56E-06,1.50E-06,1.50E-06,1.14E-06,1.14E-06,1.28E-06,1.28E-06,2.37E-05,2.37E-05,0.000153333,0.000153333,0.000231477,0.000231477,1.08E-05,1.08E-05,3.55E-06,3.55E-06,1.53E-06,1.53E-06,1.28E-06,1.28E-06,1.10E-06,1.10E-06,6.82E-07,6.82E-07,7.61E-07,7.61E-07,9.41E-06,9.41E-06,8.02E-07,8.02E-07,3.89E-07,3.89E-07,4.64E-07,4.64E-07,3.88E-07,3.88E-07,4.71E-07,4.71E-07,5.82E-07,5.82E-07,5.00E-07,5.00E-07,3.87E-07,3.87E-07,3.39E-07,3.39E-07,9.32E-06,9.32E-06,1.10E-06,1.10E-06,7.70E-07,7.70E-07,1.11E-06,1.11E-06,6.91E-07,6.91E-07,7.11E-07,7.11E-07,5.62E-07,5.62E-07,5.04E-07,5.04E-07,6.33E-07,6.33E-07,6.59E-07,6.59E-07,1.24E-05,1.24E-05,1.63E-06,1.63E-06,9.55E-07,9.55E-07,8.22E-07,8.22E-07,1.01E-06,1.01E-06,9.28E-07,9.28E-07,7.30E-07,7.30E-07,7.43E-07,7.43E-07,5.82E-07,5.82E-07,5.17E-07,5.17E-07,8.83E-06,8.83E-06,9.89E-07,9.89E-07,6.52E-07,6.52E-07,6.01E-07,6.01E-07,5.48E-07,5.48E-07,4.61E-07,4.61E-07,6.27E-07,6.27E-07,5.35E-07,5.35E-07,4.21E-07,4.21E-07,2.74E-07,2.74E-07,8.94E-06,8.94E-06,1.21E-06,1.21E-06,5.70E-07,5.70E-07,5.16E-07,5.16E-07,5.03E-07,5.03E-07,5.39E-07,5.39E-07,4.53E-07,4.53E-07,5.09E-07,5.09E-07,5.05E-07,1
5.05E-07,3.65E-07,3.65E-07,7.98E-06,7.98E-06,8.26E-07,8.26E-07,4.85E-07,4.85E-07,4.22E-07,4.22E-07,4.18E-07,4.18E-07,4.47E-07,4.47E-07,4.14E-07,4.14E-07,5.25E-07,5.25E-07,5.16E-07,5.16E-07,5.32E-07,5.32E-07,1.06E-05,1.06E-05,1.29E-06,1.29E-06,8.07E-07,8.07E-07,6.68E-07,6.68E-07,5.66E-07,5.66E-07,4.86E-07,4.86E-07,4.85E-07,4.85E-07,3.57E-07,3.57E-07,4.94E-07,4.94E-07,4.09E-07,4.09E-07,1.07E-05,1.07E-05,1.14E-06,1.14E-06,9.12E-07,9.12E-07,6.59E-07,6.59E-07,6.39E-07,6.39E-07,6.26E-07,6.26E-07,4.83E-07,4.83E-07,5.77E-07,5.77E-07,8.33E-07,8.33E-07,0.17079996,0.17079996,0.04172169,0.04172169,5.60E-06,5.60E-06,1.40E-06,1.40E-06,7.94E-07,7.94E-07,6.51E-07,6.51E-07,6.45E-07,6.45E-07,5.01E-07,5.01E-07,4.37E-07,4.37E-07,5.44E-07,5.44E-07,6.13E-07,6.13E-07,9.03E-06,9.03E-06,8.77E-07,8.77E-07,4.19E-07,4.19E-07,3.81E-07,3.81E-07,3.67E-07,3.67E-07,3.08E-07,3.08E-07,2.74E-07,2.74E-07,2.51E-07,2.51E-07,2.62E-07,2.62E-07,3.66E-07,3.66E-07,1.08E-05,1.08E-05,7.66E-07,7.66E-07,6.03E-07,6.03E-07,3.87E-07,3.87E-07,2.73E-07,2.73E-07,2.43E-07,2.43E-07,2.88E-07,2.88E-07,2.23E-07,2.23E-07,2.64E-07,2.64E-07,2.63E-07,2.63E-07,8.68E-06,8.68E-06,9.60E-07,9.60E-07,3.98E-07,3.98E-07,3.27E-07,3.27E-07,2.76E-07,2.76E-07,4.25E-07,4.25E-07,3.99E-07,3.99E-07,4.81E-07,4.81E-07,4.01E-07,4.01E-07,4.12E-07,4.12E-07,9.48E-06,9.48E-06,1.01E-06,1.01E-06,3.97E-07,3.97E-07,3.39E-07,3.39E-07,3.22E-07,3.22E-07,2.79E-07,2.79E-07,2.99E-07,2.99E-07,3.11E-07,3.11E-07,4.26E-07,4.26E-07,3.48E-07,3.48E-07,9.53E-06,9.53E-06,1.03E-06,1.03E-06,4.52E-07,4.52E-07,4.01E-07,4.01E-07,3.96E-07,3.96E-07,3.45E-07,3.45E-07,4.16E-07,4.16E-07,4.75E-07,4.75E-07,5.44E-07,5.44E-07,6.04E-07,6.04E-07,7.88E-06,7.88E-06,1.33E-06,1.33E-06,4.86E-07,4.86E-07,4.16E-07,4.16E-07,4.65E-07,4.65E-07,3.50E-07,3.50E-07,3.48E-07,3.48E-07,3.96E-07,3.96E-07,4.54E-07,4.54E-07,5.23E-07,5.23E-07,8.85E-06,8.85E-06,9.18E-07,9.18E-07,6.98E-07,6.98E-07,7.31E-07,7.31E-07,6.78E-07,6.78E-07,8.76E-07,8.76E-07,1.06E-06,1.06E-06,0.005458995,0.005458995,0.46985528,0.46985528,1.77E-06,1.77E-06,1.29E-05,1.29E-05,1
2.36E-06,2.36E-06,1.41E-06,1.41E-06,1.72E-06,1.20E-06,1.20E-06,1.44E-06,1.44E-06,1.34E-06,1.75E-06,1.75E-06,2.37E-06,2.37E-06,2.07E-06,2.08E-05,2.08E-05,3.59E-06,3.59E-06,2.45E-06,1.82E-06,1.82E-06,6.17E-06,6.17E-06,0.000142323,9.28E-05,9.28E-05,0.000603092,0.000603092,6.64E-05,7.51E-06,7.51E-06,2.74E-05,2.74E-05,2.24E-06,1.56E-06,1.56E-06,1.16E-06,1.16E-06,1.65E-06,9.65E-07,9.65E-07,1.04E-06,1.04E-06,8.66E-07,8.42E-07,8.42E-07,9.03E-07,9.03E-07,1.03E-05,1.30E-06,1.30E-06,8.38E-07,8.38E-07,9.05E-07,8.70E-07,8.70E-07,6.83E-07,6.83E-07,6.64E-07,8.12E-07,8.12E-07,9.30E-07,9.30E-07,9.75E-07,1.02E-05,1.02E-05,1.49E-06,1.49E-06,1.07E-06,1.09E-06,1.09E-06,1.30E-06,1.30E-06,1.08E-06,9.15E-07,9.15E-07,6.49E-07,6.49E-07,8.63E-07,9.04E-07,9.04E-07,1.15E-05,1.15E-05,1.50E-06,9.09E-07,9.09E-07,8.62E-07,8.62E-07,7.57E-07,6.67E-07,6.67E-07,5.96E-07,5.96E-07,1.05E-06,1.59E-06,1.59E-06,1.38E-06,1.38E-06,3.77E-05,7.25E-06,7.25E-06,2.87E-06,2.87E-06,2.22E-06,1.26E-06,1.26E-06,8.96E-07,8.96E-07,1.29E-06,1.65E-06,1.65E-06,1.29E-06,1.29E-06,1.83E-06,2.71E-05,2.71E-05,4.04E-06,4.04E-06,3.41E-06,3.54E-06,3.54E-06,3.97E-06,3.97E-06,4.78E-06,3.27E-06,3.27E-06,3.24E-06,3.24E-06,1.08E-06,1.38E-06,1.38E-06,1.60E-05,1.60E-05,2.17E-06,1.05E-06,1.05E-06,1.09E-06,1.09E-06,8.65E-07,9.02E-07,9.02E-07,1.02E-06,1.02E-06,9.75E-07,1.01E-06,1.01E-06,1.09E-06,1.09E-06,1.36E-05,1.33E-06,1.33E-06,1.22E-06,1.22E-06,9.78E-07,1.29E-06,1.29E-06,9.84E-07,9.84E-07,1.22E-06,8.36E-07,8.36E-07,8.47E-07,8.47E-07,8.61E-07,1.10E-05,1.10E-05,1.18E-06,1.18E-06,1.28E-06,1.06E-06,1.06E-06,1.54E-06,1.54E-06,1.33E-06,1.20E-06,1.20E-06,1.76E-06,1.76E-06,1.79E-06,1.58E-06,1.58E-06,2.01E-05,2.01E-05,2.75E-06,1.24E-06,1.24E-06,1.18E-06,1.18E-06,3.72E-06,3.34E-06,3.34E-06,5.27E-06,5.27E-06,5.24E-06,2.62E-05,2.62E-05,1.68E-05,1.68E-05,1.47E-05,2.52E-06,2.52E-06,1.07E-06,1.07E-06,1.21E-06,1.58E-06,1.58E-06,1.55E-06,1.55E-06,1.04E-06,1.02E-06,1.02E-06,1.35E-06,1.35E-06,2.31E-06,1.04E-05,1.04E-05,1.39E-06,1.39E-06,1.08E-06,9.05E-07,9.05E-07,9.48E-07,9.48E-07,8.56E-07,1
8.53E-07,8.53E-07,9.17E-07,9.17E-07,2.77E-06,2.67E-06,2.67E-06,3.15E-05,3.15E-05,4.47E-06,2.82E-06,2.82E-06,4.82E-06,4.82E-06,3.04E-06,1.83E-06,1.83E-06,1.96E-06,1.96E-06,1.97E-06,1.33E-06,1.33E-06,1.24E-06,1.24E-06,2.34E-05,2.92E-06,2.92E-06,7.73E-06,7.73E-06,4.44E-06,0.000218935,0.000218935,0.000102233,0.000102233,9.78E-06,6.30E-06,6.30E-06,2.37E-06,2.37E-06,4.91E-06,0.0382712,0.0382712,0.005014165,0.005014165,0.66560614,0.74745655,0.74745655,0.8420089,0.8420089,0.56585944,0.5439685,0.5439685,0.12803708,0.12803708,0.11904772,0.114134334,0.114134334,0.77099,0.77099,0.468881,0.89068305,0.89068305,0.8305883,0.8305883,2.63E-06,1.05E-06,1.05E-06,6.16E-07,6.16E-07,5.79E-07,6.28E-07,6.28E-07,6.66E-07,6.66E-07,1.13E-05,1.46E-06,1.46E-06,1.11E-06,1.11E-06,9.58E-07,9.98E-07,9.98E-07,1.14E-06,1.14E-06,1.17E-06,1.29E-06,1.29E-06,1.19E-06,1.19E-06,1.27E-06,1.63E-05,1.63E-05,2.70E-06,2.70E-06,1.70E-06,1.51E-06,1.51E-06,1.14E-06,1.14E-06,1.09E-06,9.74E-07,9.74E-07,9.87E-07,9.87E-07,1.12E-06,1.61E-06,1.61E-06,4.53E-05,4.53E-05,4.05E-06,2.36E-06,2.36E-06,2.10E-06,2.10E-06,2.10E-06,1.43E-06,1.43E-06,1.74E-06,1.74E-06,1.49E-06,1.11E-06,1.11E-06,9.34E-07,9.34E-07,1.88E-05,1.97E-06,1.97E-06,1.80E-06,1.80E-06,7.77E-06,1.86E-05,1.86E-05,1.89E-05,1.89E-05,2.52E-06,2.52E-06,2.52E-06,2.07E-06,2.07E-06,2.19E-06,1.56E-05,1.56E-05,2.09E-06,2.09E-06,1.37E-06,1.19E-06,1.19E-06,1.82E-06,1.82E-06,1.82E-06,1.64E-06,1.64E-06,1.53E-06,1.53E-06,1.85E-05,3.85E-05,3.85E-05,0.9237204,0.9237204,0.92326,7.84E-05,7.84E-05,1.66E-05,1.66E-05,1.22E-06,9.97E-07,9.97E-07,7.13E-07,7.13E-07,7.03E-07,9.13E-07,9.13E-07,1.04E-06,1.04E-06,1.74E-05,2.51E-06,2.51E-06,1.80E-06,1.80E-06,1.56E-06,1.73E-06,1.73E-06,1.61E-06,1.61E-06,1.72E-06,1.48E-06,1.48E-06,1.16E-06,1.16E-06,1.54E-06,1.15E-05,1.15E-05,1.40E-06,1.40E-06,1.22E-06,8.78E-07,8.78E-07,9.40E-07,9.40E-07,9.52E-07,7.53E-07,7.53E-07,6.34E-07,6.34E-07,5.64E-07,5.52E-07,5.52E-07,1.30E-05,1.30E-05,1.59E-06,9.45E-07,9.45E-07,1.99E-06,1.99E-06,1.88E-06,2.03E-06,2.03E-06,1.98E-06,1.98E-06,1.80E-06,1.26E-06,1.26E-06,1.61E-06,1.61E-06,1.51E-05,1
8.99E-06,8.99E-06,0.000968562,0.000968562,0.9646404,0.8817628,0.8817628,0.007394501,0.007394501,0.00013829,1.35E-05,1.35E-05,6.93E-06,6.93E-06,2.48E-06,6.38E-05,6.38E-05,7.49E-06,7.49E-06,5.28E-06,4.75E-06,4.75E-06,4.37E-06,4.37E-06,6.86E-06,6.09E-06,6.09E-06,4.14E-06,4.14E-06,4.52E-06,2.00E-05,2.00E-05,0.000266425,0.000266425,6.28E-05,6.78E-05,6.78E-05,9.74E-05,9.74E-05,0.000462723,9.47E-05,9.47E-05,0.007402079,0.007402079,0.583617,0.11233203,0.11233203,0.66826797,0.66826797,0.61525935,0.48074004,0.48074004,0.15574083,0.15574083,0.789784,0.9138272,0.9138272,0.73232645,0.73232645,0.89990574,0.84173834,0.84173834,0.837027,0.837027,0.90076584,0.9927154,0.9927154,0.98346,0.98346,0.97624606,0.9211962,0.9211962,0.96099293,0.96099293,0.10819793,0.008677429,0.008677429,0.001057693,0.001057693,0.0003045,0.000809126,0.000809126,0.00597115,0.00597115,0.00370083,0.000915989,0.000915989,0.000562734,0.000562734,0.000308587,0.000335349,0.000335349,0.000225968,0.000225968,0.000130449,4.19E-05,4.19E-05,5.17E-05,5.17E-05,0.00022057,4.37E-05,4.37E-05,3.14E-05,3.14E-05,2.55E-05,2.30E-05,2.30E-05,0.004800071,0.004800071,0.9646069,0.07229894,0.07229894,5.32E-05,5.32E-05,9.64E-06,0.000108953,0.000108953,1.55E-05,1.55E-05,1.58E-05,1.24E-05,1.24E-05,1.51E-05,1.51E-05,1.77E-05,2.83E-05,2.83E-05,1.67E-05,1.67E-05,1.89E-05,1.83E-05,1.83E-05,0.000133699,0.000133699,2.32E-05,2.31E-05,2.31E-05,1.86E-05,1.86E-05,2.64E-05,3.20E-05,3.20E-05,2.34E-05,2.34E-05,2.55E-05,3.30E-05,3.30E-05,3.94E-05,3.94E-05,0.000140012,2.19E-05,2.19E-05,0.27691272,0.27691272,0.87750965,0.7524955,0.7524955,0.011829426,0.011829426,0.000491464,1.56E-05,1.56E-05,4.56E-06,4.56E-06,3.58E-06,0.00012444,0.00012444,2.20E-05,2.20E-05,2.86E-05,1.62E-05,1.62E-05,9.90E-06,9.90E-06,1.36E-05,8.98E-06,8.98E-06,4.98E-06,4.98E-06,6.78E-06,6.91E-06,6.91E-06,9.26E-05,9.26E-05,1.30E-05,1.01E-05,1.01E-05,8.27E-06,8.27E-06,8.91E-06,7.30E-06,7.30E-06,1.31E-05,1.31E-05,5.72E-06,5.59E-05,5.59E-05,0.7169513,0.7169513,0.9476368,0.9488331,0.9488331,0.85217786,0.85217786,0.03212122,0.002333459,0.002333459,0.000706661,0.000706661,0.000974484,0.000241237,0.000241237,0.000351571,0.000351571,0.000105346,0.012968688,0.012968688,0.9724449,0.9724449,0.97768754,0.3110817,0.3110817,0.001228565,0.001228565,3.02E-05,1
4.61E-06,4.61E-06,5.46E-06,5.46E-06,5.59E-06,6.44E-06,6.44E-06,0.00017033,0.00017033,2.65E-05,1.17E-05,1.17E-05,1.20E-05,1.20E-05,1.15E-05,1.47E-05,1.47E-05,1.44E-05,1.44E-05,1.53E-05,1.67E-05,1.67E-05,1.69E-05,1.69E-05,0.000137368,1.53E-05,1.53E-05,1.26E-05,1.26E-05,5.88E-06,8.05E-06,8.05E-06,5.75E-06,5.75E-06,8.26E-06,6.20E-06,6.20E-06,5.45E-06,5.45E-06,8.39E-06,0.000116039,0.000116039,1.95E-05,1.95E-05,1.12E-05,8.66E-06,8.66E-06,6.81E-06,6.81E-06,1.15E-05,1.55E-05,1.55E-05,8.85E-06,8.85E-06,1.24E-05,1.53E-05,1.53E-05,0.000129481,0.000129481,2.15E-05,2.14E-05,2.14E-05,1.25E-05,1.25E-05,0.8386836,0.5697068,0.5697068,0.00035842,0.00035842,2.53E-05,1.23E-05,1.23E-05,7.84E-06,7.84E-06,0.000131365,1.83E-05,1.83E-05,1.06E-05,1.06E-05,8.53E-06,1.04E-05,1.04E-05,1.10E-05,1.10E-05,1.89E-05,1.59E-05,1.59E-05,2.09E-05,2.09E-05,1.51E-05,0.000100854,0.000100854,1.85E-05,1.85E-05,1.49E-05,1.39E-05,1.39E-05,1.96E-05,1.96E-05,2.19E-05,1.19E-05,1.19E-05,1.56E-05,1.56E-05,1.92E-05,1.56E-05,1.56E-05,0.000142708,0.000142708,2.83E-05,2.51E-05,2.51E-05,1.64E-05,1.64E-05,1.21E-05,1.82E-05,1.82E-05,2.13E-05,2.13E-05,2.97E-05,2.19E-05,2.19E-05,2.30E-05,2.30E-05,0.0002471,2.27E-05,2.27E-05,1.91E-05,1.91E-05,0.51741886,0.76459104,0.76459104,0.16906445,0.16906445,0.000109183,1.89E-05,1.89E-05,4.65E-06,4.65E-06,3.05E-06,0.000108703,0.000108703,1.41E-05,1.41E-05,6.51E-06,7.70E-06,7.70E-06,6.55E-06,6.55E-06,6.93E-06,8.40E-06,8.40E-06,9.18E-06,9.18E-06,8.65E-06,6.71E-06,6.71E-06,6.49E-05,6.49E-05,1.04E-05,7.76E-06,7.76E-06,8.57E-06,8.57E-06,6.08E-06,6.48E-06,6.48E-06,7.84E-06,7.84E-06,8.91E-06,6.88E-06,6.88E-06,9.30E-06,9.30E-06,6.12E-05,8.45E-06,8.45E-06,4.72E-06,4.72E-06,4.46E-06,5.14E-06,5.14E-06,8.88E-06,8.88E-06,7.53E-06,7.47E-06,7.47E-06,7.40E-06,7.40E-06,6.49E-06,0.000955511,0.000955511,0.8776582,0.8776582,0.75117946,0.000240987,0.000240987,3.11E-06,3.11E-06,4.18E-06,2.88E-06,2.88E-06,5.16E-06,5.16E-06,4.26E-06,2.45E-06,2.45E-06,7.86E-05,7.86E-05,1.16E-05,1.02E-05,1.02E-05,5.33E-06,5.33E-06,6.75E-06,8.10E-06,8.10E-06,1.02E-05,1.02E-05,7.87E-06,8.26E-06,8.26E-06,6.59E-06,6.59E-06,6.91E-05,1
1.66E-05,1.66E-05,1.27E-05,1.27E-05,7.67E-06,8.40E-05,8.40E-05,0.000143441,0.000143441,0.000817564,0.002535859,0.002535859,0.00042094,0.00042094,0.002517067,0.19831786,0.19831786,0.97106344,0.97106344,0.98516315,0.9610222,0.9610222,0.8784006,0.8784006,0.07315139,0.006971216,0.006971216,0.001128698,0.001128698,0.000401831,0.000855886,0.000855886,0.005946129,0.005946129,0.9204846,0.9539639,0.9539639,0.926257,0.926257,0.49422717,0.002540009,0.002540009,4.68E-05,4.68E-05,1.11E-05,3.39E-06,3.39E-06,2.92E-06,2.92E-06,8.58E-05,1.01E-05,1.01E-05,7.90E-06,7.90E-06,6.48E-06,7.97E-06,7.97E-06,7.38E-06,7.38E-06,7.79E-06,8.62E-06,8.62E-06,1.10E-05,1.10E-05,8.31E-06,7.63E-05,7.63E-05,1.57E-05,1.57E-05,1.15E-05,1.40E-05,1.40E-05,8.87E-06,8.87E-06,1.05E-05,8.05E-06,8.05E-06,6.73E-06,6.73E-06,6.45E-06,5.42E-06,5.42E-06,8.96E-05,8.96E-05,0.25073984,0.8275349,0.8275349,0.89287376,0.89287376,0.00064652,3.27E-05,3.27E-05,1.39E-05,1.39E-05,3.16E-06,4.80E-06,4.80E-06,3.79E-06,3.79E-06,0.000107146,8.49E-06,8.49E-06,5.54E-06,5.54E-06,8.88E-06,5.99E-06,5.99E-06,6.88E-06,6.88E-06,6.03E-06,6.98E-06,6.98E-06,1.03E-05,1.03E-05,8.22E-06,6.15E-05,6.15E-05,9.88E-06,9.88E-06,4.09E-06,5.33E-06,5.33E-06,8.68E-06,8.68E-06,1.51E-05,7.87E-06,7.87E-06,4.78E-06,4.78E-06,8.09E-06,1.21E-05,1.21E-05,0.000138525,0.000138525,0.3076526,0.9553778,0.9553778,0.94047153,0.94047153,0.882792,0.77179265,0.77179265,0.13381541,0.13381541,0.3705615,0.06706563,0.06706563,0.104575455,0.104575455,0.22124925,0.20912424,0.20912424,0.6650923,0.6650923,0.8135705,0.71356976,0.71356976,0.83715796,0.83715796,0.8653116,0.94411117,0.94411117,0.5666845,0.5666845,0.021241367,0.09137454,0.09137454,0.09278388,0.09278388,0.003568167,0.9808755,0.9808755,0.9852782,0.9852782,0.97433054,0.981125,0.981125,0.9433897,0.9433897,0.9492953,0.9441086,0.9441086,0.9390084,0.9390084,0.9747034,0.924402,0.924402,0.7384454,0.7384454,0.03894779,2.00E-05,2.00E-05,1.82E-06,1.82E-06,1.10E-06,1.23E-06,1.23E-06,1.63E-06,1.63E-06,4.53E-05,7.76E-06,7.76E-06,5.80E-06,5.80E-06,5.83E-06,4.81E-06,4.81E-06,4.88E-06,4.88E-06,5.88E-06,0.010637276,0.010637276,0.93229544,0.93229544,0.96746016,0.015458319,0.015458319,8.09E-05,8.09E-05,1.95E-05,7.78E-06,7.78E-06,7.55E-06,7.55E-06,1.01E-05,1
4.89E-06,4.89E-06,3.40E-06,3.40E-06,3.29E-06,3.43E-06,3.43E-06,4.21E-06,4.21E-06,8.24E-06,8.09E-06,8.09E-06,5.97E-05,5.97E-05,0.99339527,0.91927725,0.91927725,0.92041206,0.92041206,0.001368886,0.000102839,0.000102839,3.63E-05,3.63E-05,2.83E-05,5.80E-06,5.80E-06,2.41E-05,2.41E-05,0.88344854,0.9860298,0.9860298,0.95548445,0.95548445,0.028746672,0.000275829,0.000275829,6.22E-05,6.22E-05,2.49E-05,2.03E-05,2.03E-05,2.26E-05,2.26E-05,4.18E-05,0.041645426,0.041645426,0.9965969,0.9965969,0.9791038,0.004446602,0.004446602,3.77E-05,3.77E-05,1.10E-05,1.19E-05,1.19E-05,7.69E-06,7.69E-06,1.22E-05,1.08E-05,1.08E-05,7.19E-06,7.19E-06,1.03E-05,8.20E-05,8.20E-05,1.52E-05,1.52E-05,1.43E-05,0.94718856,0.94718856,0.9988661,0.9988661,0.9968077,0.18303631,0.18303631,6.83E-05,6.83E-05,8.61E-06,7.63E-06,7.63E-06,0.000147498,0.000147498,1.52E-05,9.24E-06,9.24E-06,8.60E-06,8.60E-06,1.14E-05,1.18E-05,1.18E-05,1.05E-05,1.05E-05,1.19E-05,0.17471093,0.17471093,0.99466264,0.99466264,0.9869963,0.226977,0.226977,5.17E-05,5.17E-05,5.55E-06,3.73E-06,3.73E-06,2.86E-06,2.86E-06,2.23E-06,2.75E-06,2.75E-06,3.98E-06,3.98E-06,5.04E-06,6.03E-05,6.03E-05,0.009140383,0.009140383,0.9887938,0.9919824,0.9919824,0.038880806,0.038880806,6.37E-05,3.75E-06,3.75E-06,2.80E-06,2.80E-06,3.87E-06,4.82E-06,4.82E-06,6.96E-05,6.96E-05,9.01E-06,6.29E-06,6.29E-06,4.55E-06,4.55E-06,5.29E-06,2.05E-05,2.05E-05,0.8745593,0.8745593,0.9989667,0.9952336,0.9952336,0.6476942,0.6476942,0.005145083,5.94E-05,5.94E-05,2.28E-05,2.28E-05,1.41E-05,1.43E-05,1.43E-05,7.53E-06,7.53E-06,7.30E-06,5.83E-06,5.83E-06,8.82E-05,8.82E-05,0.986992,0.97998065,0.97998065,0.87500644,0.87500644,0.006807223,3.18E-05,3.18E-05,7.51E-06,7.51E-06,4.97E-06,1.10E-05,1.10E-05,1.22E-05,1.22E-05,1.33E-05,2.09E-05,2.09E-05,0.000700991,0.000700991,0.005860714,0.46423572,0.46423572,0.750052,0.750052,0.33158115,0.000366777,0.000366777,2.02E-05,2.02E-05,7.04E-06,4.29E-06,4.29E-06,3.44E-06,3.44E-06,4.14E-05,4.39E-06,4.39E-06,2.51E-06,2.51E-06,2.21E-06,2.20E-06,2.20E-06,1.95E-06,1.95E-06,2.18E-06,1.64E-06,1.64E-06,1.55E-06,1.55E-06,2.07E-06,4.47E-05,4.47E-05,3.92E-06,3.92E-06,2.58E-06,2.54E-06,2.54E-06,2.48E-06,2.48E-06,2.25E-06,1
1.68E-06,1.68E-06,1.79E-06,1.79E-06,2.11E-06,1.91E-06,1.91E-06,3.57E-05,3.57E-05,3.82E-06,2.17E-06,2.17E-06,1.66E-06,1.66E-06,1.48E-06,1.67E-06,1.67E-06,1.77E-06,1.77E-06,1.90E-06,2.03E-06,2.03E-06,1.73E-06,1.73E-06,2.46E-05,2.39E-06,2.39E-06,1.71E-06,1.71E-06,1.43E-06,1.97E-06,1.97E-06,1.88E-06,1.88E-06,1.64E-06,1.87E-06,1.87E-06,1.44E-06,1.44E-06,1.49E-06,2.39E-05,2.39E-05,2.02E-05,2.02E-05,0.001854182,0.002081552,0.002081552,3.59E-05,3.59E-05,2.33E-05,9.74E-06,9.74E-06,9.21E-06,9.21E-06,3.67E-06,2.91E-06,2.91E-06,6.51E-05,6.51E-05,8.81E-06,4.44E-06,4.44E-06,4.37E-06,4.37E-06,3.58E-06,3.98E-06,3.98E-06,4.06E-06,4.06E-06,6.34E-06,3.73E-06,3.73E-06,4.00E-06,4.00E-06,5.70E-05,0.00021259,0.00021259,0.9615733,0.9615733,0.9917243,0.3356162,0.3356162,6.27E-05,6.27E-05,1.25E-05,3.87E-06,3.87E-06,4.98E-06,4.98E-06,3.27E-06,6.83E-05,6.83E-05,1.02E-05,1.02E-05,9.53E-06,7.22E-06,7.22E-06,4.14E-06,4.14E-06,2.68E-06,2.69E-06,2.69E-06,2.93E-06,2.93E-06,2.34E-06,1.88E-06,1.88E-06,3.43E-05,3.43E-05,3.82E-06,2.60E-06,2.60E-06,3.00E-06,3.00E-06,2.55E-06,2.53E-06,2.53E-06,2.47E-06,2.47E-06,2.56E-06,2.53E-06,2.53E-06,2.62E-06,2.62E-06,2.81E-05,3.27E-06,3.27E-06,2.06E-06,2.06E-06,2.23E-06,1.62E-06,1.62E-06,1.89E-06,1.89E-06,2.03E-06,1.88E-06,1.88E-06,2.21E-06,2.21E-06,1.86E-06,0.000258571,0.000258571,0.002048411,0.002048411,0.023662634,6.14E-05,6.14E-05,2.18E-05,2.18E-05,1.46E-05,8.37E-06,8.37E-06,4.59E-06,4.59E-06,4.91E-06,5.52E-06,5.52E-06,8.27E-05,8.27E-05,1.24E-05,1.24E-05,1.24E-05,8.46E-06,8.46E-06,5.17E-06,8.19E-06,8.19E-06,6.78E-06,6.78E-06,6.95E-06,6.49E-06,6.49E-06,7.04E-06,7.04E-06,0.000108311,1.39E-05,1.39E-05,1.13E-05,1.13E-05,0.010765665,0.9932197,0.9932197,0.9954769,0.9954769,0.027974969,6.20E-05,6.20E-05,1.44E-05,1.44E-05,1.63E-05,0.000430771,0.000430771,4.84E-05,4.84E-05,4.32E-05,2.28E-05,2.28E-05,2.15E-05,2.15E-05,2.36E-05,1.42E-05,1.42E-05,3.29E-05,3.29E-05,3.83E-05,0.010911649,0.010911649,0.97919595,0.97919595,0.99504256,0.9737897,0.9737897,0.1122028,0.1122028,0.000149755,1.44E-05,1.44E-05,2.03E-05,2.03E-05,4.76E-05,0.5782937,0.5782937,0.9917802,0.9917802,0.9868085,1
0.21546735,0.21546735,0.006980378,0.006980378,5.50E-05,5.50E-05,3.01E-05,3.01E-05,1.54E-05,1.54E-05,1.19E-05,1.19E-05,1.44E-05,1.44E-05,1.65E-05,1.65E-05,1.42E-05,1.42E-05,9.12E-05,9.12E-05,1.85E-05,1.85E-05,1.21E-05,1.21E-05,1.20E-05,1.20E-05,8.22E-06,8.22E-06,8.95E-06,8.95E-06,1.20E-05,1.20E-05,1.18E-05,1.18E-05,1.34E-05,1.34E-05,8.57E-06,8.57E-06,7.58E-05,7.58E-05,7.49E-06,7.49E-06,4.61E-06,4.61E-06,4.74E-06,4.74E-06,4.08E-06,4.08E-06,3.75E-06,3.75E-06,4.88E-06,4.88E-06,3.76E-06,3.76E-06,2.34E-06,2.34E-06,4.45E-06,4.45E-06,5.32E-05,5.32E-05,8.71E-06,8.71E-06,3.63E-06,3.63E-06,3.66E-06,3.66E-06,3.14E-06,3.14E-06,2.04E-06,2.04E-06,3.42E-06,3.42E-06,2.64E-06,2.64E-06,2.49E-06,2.49E-06,3.99E-06,3.99E-06,7.02E-05,7.02E-05,8.16E-05,8.16E-05,0.22274625,0.22274625,0.90583134,0.90583134,0.87477726,0.87477726,0.4962833,0.4962833,0.005908113,0.005908113,0.000951547,0.000951547,1.05E-05,1.05E-05,8.03E-06,8.03E-06,0.000234484,0.000234484,5.03E-05,5.03E-05,2.40E-05,2.40E-05,1.61E-05,1.61E-05,1.51E-05,1.51E-05,9.30E-06,9.30E-06,5.00E-06,5.00E-06,5.13E-06,5.13E-06,4.07E-06,4.07E-06,3.58E-06,3.58E-06,6.45E-05,6.45E-05,6.93E-06,6.93E-06,4.18E-06,4.18E-06,3.45E-06,3.45E-06,3.63E-06,3.63E-06,3.30E-06,3.30E-06,4.78E-06,4.78E-06,3.86E-06,3.86E-06,4.57E-06,4.57E-06,6.73E-06,6.73E-06,5.43E-05,5.43E-05,6.62E-06,6.62E-06,5.12E-06,5.12E-06,4.18E-06,4.18E-06,3.66E-06,3.66E-06,3.68E-06,3.68E-06,3.48E-06,3.48E-06,0.014110263,0.014110263,0.24543805,0.24543805,0.7641987,0.7641987,0.27386785,0.27386785,0.008251739,0.008251739,4.59E-05,4.59E-05,1.33E-05,1.33E-05,1.03E-05,1.03E-05,1.09E-05,1.09E-05,1.14E-05,1.14E-05,1.05E-05,1.05E-05,9.36E-06,9.36E-06,6.61E-06,6.61E-06,0.000100356,0.000100356,1.11E-05,1.11E-05,8.57E-06,8.57E-06,6.13E-06,6.13E-06,5.80E-06,5.80E-06,4.09E-06,4.09E-06,6.03E-06,6.03E-06,3.99E-06,3.99E-06,4.68E-06,4.68E-06,6.06E-06,6.06E-06,6.04E-05,6.04E-05,7.56E-06,7.56E-06,6.36E-06,6.36E-06,5.24E-06,5.24E-06,5.15E-06,5.15E-06,3.96E-06,3.96E-06,4.56E-06,4.56E-06,3.72E-06,3.72E-06,3.88E-06,3.88E-06,0.000678624,0.000678624,0.6498353,0.6498353,0.71690553,0.71690553,0.78716934,0.78716934,0.6671023,1
0.6671023,0.57780063,0.57780063,0.5158762,0.5158762,0.43577927,0.43577927,0.37353888,0.37353888,0.292389,0.292389,0.6612895,0.6612895,0.96680254,0.96680254,0.99263823,0.99263823,0.9911111,0.9911111,0.94303334,0.94303334,0.18433578,0.18433578,1.54E-05,1.54E-05,1.38E-05,1.38E-05,3.66E-06,3.66E-06,5.64E-06,5.64E-06,1.61E-06,1.61E-06,6.09E-05,6.09E-05,6.70E-06,6.70E-06,2.18E-06,2.18E-06,1.72E-06,1.72E-06,1.79E-06,1.79E-06,1.33E-06,1.33E-06,1.68E-06,1.68E-06,1.75E-06,1.75E-06,2.31E-06,2.31E-06,2.02E-06,2.02E-06,3.42E-05,3.42E-05,4.71E-06,4.71E-06,1.93E-06,1.93E-06,1.62E-06,1.62E-06,1.64E-06,1.64E-06,1.38E-06,1.38E-06,1.50E-06,1.50E-06,2.03E-06,2.03E-06,1.94E-06,1.94E-06,2.08E-06,2.08E-06,3.60E-05,3.60E-05,3.32E-06,3.32E-06,2.56E-06,2.56E-06,2.63E-06,2.63E-06,3.37E-06,3.37E-06,5.69E-06,5.69E-06,4.90E-06,4.90E-06,5.97E-06,5.97E-06,7.52E-06,7.52E-06,0.95086867,0.95086867,0.97601193,0.97601193,0.795623,0.795623,0.001243889,0.001243889,6.68E-06,6.68E-06,4.44E-06,4.44E-06,3.30E-06,3.30E-06,4.38E-06,4.38E-06,5.81E-06,5.81E-06,7.59E-06,7.59E-06,6.42E-06,6.42E-06,9.68E-05,9.68E-05,1.03E-05,1.03E-05,7.02E-06,7.02E-06,6.68E-06,6.68E-06,6.92E-06,6.92E-06,7.82E-06,7.82E-06,6.28E-06,6.28E-06,6.55E-06,6.55E-06,6.39E-06,6.39E-06,7.55E-06,7.55E-06,0.000104221,0.000104221,9.50E-06,9.50E-06,8.61E-06,8.61E-06,5.65E-06,5.65E-06,5.55E-06,5.55E-06,4.37E-06,4.37E-06,4.48E-06,4.48E-06,4.72E-06,4.72E-06,5.36E-06,5.36E-06,6.02E-06,6.02E-06,0.000101508,0.000101508,1.15E-05,1.15E-05,8.45E-06,8.45E-06,6.88E-06,6.88E-06,5.38E-06,5.38E-06,5.35E-06,5.35E-06,6.09E-06,6.09E-06,6.99E-06,6.99E-06,9.01E-06,9.01E-06,7.05E-06,7.05E-06,5.96E-05,5.96E-05,6.64E-06,6.64E-06,4.68E-06,4.68E-06,4.63E-06,4.63E-06,4.22E-06,4.22E-06,3.97E-06,3.97E-06,3.37E-06,3.37E-06,3.46E-06,3.46E-06,3.62E-06,3.62E-06,3.56E-06,3.56E-06,0.000102116,0.000102116,1.42E-05,1.42E-05,5.95E-06,5.95E-06,4.83E-06,4.83E-06,1.02E-05,1.02E-05,8.70E-06,8.70E-06,8.73E-06,8.73E-06,6.34E-06,6.34E-06,8.31E-06,8.31E-06,7.25E-06,7.25E-06,7.47E-05,7.47E-05,1.05E-05,1.05E-05,8.90E-06,8.90E-06,9.43E-06,9.43E-06,6.28E-05,6.28E-05,0.99829465,0.99829465,1
0.013259394,0.013259394,0.013259394,0.014418055,0.014418055,0.018994926,0.018994926,0.6738849,0.6738849,0.000630951,0.000630951,1.19E-05,1.19E-05,6.90E-06,6.90E-06,4.51E-06,4.51E-06,4.36E-06,4.36E-06,6.52E-05,6.52E-05,6.81E-06,6.81E-06,4.09E-06,4.09E-06,4.23E-06,4.23E-06,4.23E-06,5.79E-06,5.79E-06,5.51E-06,5.51E-06,4.00E-06,4.00E-06,4.07E-06,4.07E-06,3.36E-06,3.36E-06,4.10E-06,4.10E-06,0.000133836,0.000133836,3.42E-05,3.42E-05,1.22E-05,1.22E-05,1.17E-05,1.17E-05,1.62E-05,1.62E-05,1.76E-05,1.76E-05,1.76E-05,1.69E-05,1.69E-05,5.51E-06,5.51E-06,4.43E-06,4.43E-06,3.41E-06,3.41E-06,7.05E-05,7.05E-05,7.88E-06,7.88E-06,2.31E-05,2.31E-05,2.09E-05,2.09E-05,1.85E-05,1.85E-05,3.50E-05,3.50E-05,2.49E-05,2.49E-05,1.62E-05,1.62E-05,1.62E-05,8.42E-06,8.42E-06,7.16E-06,7.16E-06,5.71E-05,5.71E-05,8.82E-06,8.82E-06,4.57E-06,4.57E-06,3.57E-06,3.57E-06,3.25E-06,3.25E-06,3.67E-06,3.67E-06,5.31E-06,5.31E-06,5.52E-06,5.52E-06,4.11E-06,4.11E-06,5.29E-06,5.29E-06,5.29E-06,6.57E-05,6.57E-05,1.52E-05,1.52E-05,6.87E-06,6.87E-06,9.50E-06,9.50E-06,1.41E-05,1.41E-05,7.04E-05,7.04E-05,1.36E-05,1.36E-05,5.14E-05,5.14E-05,3.44E-05,3.44E-05,2.16E-05,2.16E-05,0.000136652,0.000136652,4.24E-05,4.24E-05,4.24E-05,1.98E-05,1.98E-05,2.21E-05,2.21E-05,4.50E-05,4.50E-05,4.16E-05,4.16E-05,0.048343122,0.048343122,0.47557417,0.47557417,0.001077497,0.001077497,2.29E-05,2.29E-05,5.55E-05,5.55E-05,6.45E-06,6.45E-06,3.64E-06,3.64E-06,2.69E-06,2.69E-06,2.69E-06,2.52E-06,2.52E-06,2.28E-06,2.28E-06,2.11E-06,2.11E-06,2.22E-06,2.22E-06,2.68E-06,2.68E-06,3.02E-06,3.02E-06,5.99E-05,5.99E-05,9.45E-06,9.45E-06,4.40E-06,4.40E-06,4.00E-06,4.00E-06,3.20E-06,3.20E-06,3.90E-06,3.90E-06,3.90E-06,3.78E-06,3.78E-06,5.06E-06,5.06E-06,5.01E-06,5.01E-06,4.73E-06,4.73E-06,5.44E-05,5.44E-05,7.99E-06,7.99E-06,4.99E-06,4.99E-06,4.70E-06,4.70E-06,4.08E-06,4.08E-06,4.41E-06,4.41E-06,4.09E-06,4.09E-06,5.49E-06,5.49E-06,5.49E-06,6.61E-06,6.61E-06,4.87E-06,4.87E-06,8.69E-05,8.69E-05,8.38E-06,8.38E-06,5.88E-06,5.88E-06,5.73E-06,5.73E-06,4.92E-06,4.92E-06,5.19E-06,5.19E-06,5.87E-06,5.87E-06,5.53E-06,5.53E-06,6.22E-06,6.22E-06,1
6.93E-06,6.93E-06,6.93E-06,7.62E-05,7.62E-05,8.98E-06,8.98E-06,6.29E-06,6.29E-06,7.00E-06,7.00E-06,7.04E-06,7.04E-06,8.02E-06,8.02E-06,6.40E-06,6.40E-06,6.15E-06,6.15E-06,5.56E-06,5.56E-06,7.92E-06,7.92E-06,7.03E-05,7.03E-05,9.20E-06,9.20E-06,9.20E-06,5.86E-06,5.86E-06,6.35E-06,6.35E-06,7.61E-06,7.61E-06,5.36E-06,5.36E-06,6.58E-06,6.58E-06,6.80E-06,6.80E-06,6.46E-06,6.46E-06,8.14E-06,8.14E-06,0.000313107,0.000313107,0.8921796,0.8921796,0.9867954,0.9867954,0.98514277,0.98514277,0.98514277,0.9289058,0.9289058,0.91816854,0.91816854,0.64952815,0.64952815,0.003751944,0.003751944,4.33E-06,4.33E-06,2.30E-06,2.30E-06,9.79E-05,9.79E-05,1.81E-05,1.81E-05,8.42E-06,8.42E-06,7.27E-06,7.27E-06,8.69E-06,8.69E-06,1.01E-05,1.01E-05,1.01E-05,6.08E-06,6.08E-06,6.52E-06,6.52E-06,5.03E-06,5.03E-06,1.23E-05,1.23E-05,0.000137361,0.000137361,2.40E-05,2.40E-05,1.81E-05,1.81E-05,2.29E-05,2.29E-05,3.90E-05,3.90E-05,4.39E-05,4.39E-05,2.13E-05,2.13E-05,9.30E-05,9.30E-05,9.30E-05,4.87E-05,4.87E-05,0.19874427,0.19874427,0.5939758,0.5939758,0.000310383,0.000310383,0.000116013,0.000116013,7.40E-05,7.40E-05,3.53E-05,3.53E-05,8.34E-05,8.34E-05,3.77E-05,3.77E-05,7.47E-05,7.47E-05,0.001269403,0.001269403,0.6201075,0.6201075,0.6201075,0.36551332,0.36551332,0.0916464,0.0916464,0.000388279,0.000388279,0.000336326,0.000336326,0.000813547,0.000813547,0.000818388,0.000818388,0.000279878,0.000279878,0.57764834,0.57764834,0.97611976,0.97611976,0.98797077,0.98797077,0.9861123,0.9861123,0.9885838,0.9885838,0.9885838,0.92859346,0.92859346,0.10091602,0.10091602,0.028651603,0.028651603,0.026159149,0.026159149,0.004618088,0.004618088,0.022322383,0.022322383,0.24233323,0.24233323,0.002642341,0.002642341,0.29193607,0.29193607,0.08700784,0.08700784,0.99850804,0.99850804,0.9960078,0.9960078,0.9960078,0.026016701,0.026016701,0.7604699,0.7604699,0.43557227,0.43557227,0.35647658,0.35647658,0.20957349,0.20957349,0.13244642,0.13244642,0.8554627,0.8554627,0.7514817,0.7514817,0.6058269,0.6058269,0.7941658,0.7941658,0.16420093,0.16420093,0.68910605,0.68910605,0.68910605,0.7880708,0.7880708,0.7025136,0.7025136,0.6057867,0.6057867,0.6496563,0.6496563,0.03265346,0.03265346,0.89924234,0.89924234,0.9409265,0.9409265,0.88094044,0.88094044,0.9548708,0.9548708,0.946906,0.946906,0.002621615,0.002621615,1
0.001323305,0.001323305,0.001323305,0.000776664,0.000776664,0.16552508,0.16552508,0.9019996,0.9019996,0.963078,0.963078,0.9033473,0.9033473,0.13302004,0.13302004,0.001900693,0.001900693,0.000192053,0.000192053,3.64E-05,3.64E-05,4.87E-05,4.87E-05,7.35E-05,7.35E-05,5.93E-05,5.93E-05,5.93E-05,0.000474124,0.000474124,0.000388301,0.000388301,8.41E-05,8.41E-05,8.08E-05,8.08E-05,5.19E-05,5.19E-05,5.27E-05,5.27E-05,4.46E-05,4.46E-05,6.51E-05,6.51E-05,6.45E-05,6.45E-05,4.48E-05,4.48E-05,0.000559331,0.000559331,0.000104154,0.000104154,0.000104154,7.25E-05,7.25E-05,0.000104541,0.000104541,0.000109904,0.000109904,0.000154785,0.000154785,0.9243307,0.9243307,0.9932777,0.9932777,0.60458976,0.60458976,0.25233522,0.25233522,0.000266643,0.000266643,2.69E-05,2.69E-05,0.14485414,0.14485414,1.54E-05,1.54E-05,1.54E-05,1.13E-05,1.13E-05,1.09E-05,1.09E-05,7.10E-06,7.10E-06,5.28E-06,5.28E-06,8.04E-05,8.04E-05,0.009189473,0.009189473,0.06666972,0.06666972,0.00022634,0.00022634,0.000117655,0.000117655,0.000203777,0.000203777,0.000142697,0.000142697,0.000100605,0.000100605,0.000100605,0.000156275,0.000156275,0.9925033,0.9925033,0.9992705,0.9992705,0.9917427,0.9917427,0.9844864,0.9844864,0.000160617,0.000160617,4.82E-05,4.82E-05,0.9700909,0.9700909,0.98100626,0.98100626,6.26E-05,6.26E-05,1.26E-05,1.26E-05,0.000111352,0.000111352,0.000111352,0.000147244,0.000147244,0.00022463,0.00022463,0.002881925,0.002881925,0.000539045,0.000539045,0.000573378,0.000573378,0.000687019,0.000687019,0.000773477,0.000773477,0.000664978,0.000664978,0.00042599,0.00042599,0.000234492,0.000234492,0.000275104,0.000275104,0.000384222,0.000384222,0.000384222,0.001539813,0.001539813,0.001379684,0.001379684,0.001051648,0.001051648,0.90368366,0.90368366,0.01640734,0.01640734,0.008351789,0.008351789,0.001729767,0.001729767,0.000461157,0.000461157,0.001811218,0.001811218,0.001049915,0.001049915,0.001298237,0.001298237,0.006378489,0.006378489,0.006378489,0.002658362,0.002658362,0.000650874,0.000650874,0.008734292,0.008734292,0.003930833,0.003930833,0.004463648,0.004463648,0.01132377,0.01132377,0.001091671,0.001091671,0.003136496,0.003136496,0.04712496,0.04712496,0.019608526,0.019608526,0.00042246,0.00042246,0.001353665,0.001353665,0.001353665,0.002384351,0.002384351,0.76974666,0.76974666,0.001247629,0.001247629,0.9977527,0.9977527,0.001422121,0.001422121,0.008702848,0.008702848,0.013492011,0.013492011,0.001210502,0.001210502,0.00429676,0.00429676,0.023711624,0.023711624,0.002804867,0.002804867,1
0.9889206,0.9889206,0.9889206,0.002693886,0.002693886,0.000682094,0.000682094,0.008174422,0.008174422,0.006966219,0.006966219,0.012942469,0.012942469,0.001975459,0.001975459,0.002778945,0.002778945,0.002410711,0.002410711,0.019748142,0.019748142,0.062823534,0.062823534,0.022082284,0.022082284,0.22236235,0.22236235,0.22236235,0.9963815,0.9963815,0.9984028,0.9984028,0.9014989,0.9014989,0.90742207,0.90742207,0.69982255,0.69982255,0.463694,0.463694,0.32538614,0.32538614,0.16337794,0.16337794,0.14681856,0.14681856,0.693482,0.693482,0.2556734,0.2556734,0.6907281,0.6907281,0.6907281,0.9111062,0.9111062,0.000121181,0.000121181,1.11E-05,1.11E-05,0.7178774,0.7178774,0.8737671,0.8737671,0.88577795,0.88577795,0.6665776,0.6665776,0.2165606,0.2165606,0.66186917,0.66186917,0.011351816,0.011351816,0.09011551,0.09011551,0.020403411,0.020403411,0.020403411,0.0782558,0.0782558,0.33159977,0.33159977,0.035342988,0.035342988,0.020785587,0.020785587,0.017398408,0.017398408,0.04499007,0.04499007,0.011203781,0.011203781,0.007981955,0.007981955,0.021209085,0.021209085,0.027623015,0.027623015,0.002895846,0.002895846,0.014529584,0.014529584,0.014529584,0.01565649,0.01565649,0.03779048,0.03779048,0.088015415,0.088015415,0.013063645,0.013063645,0.035754655,0.035754655,0.0326576,0.0326576,0.11880999,0.11880999,0.061992727,0.061992727,0.07746261,0.07746261,0.1967849,0.1967849,0.10876755,0.10876755,0.058544375,0.058544375,0.058544375,0.052258622,0.052258622,0.20221043,0.20221043,0.6967877,0.6967877,0.056552168,0.056552168,0.18018086,0.18018086,0.20915782,0.20915782,0.9571014,0.9571014,0.15961583,0.15961583,0.090154305,0.090154305,0.2299541,0.2299541,0.6684811,0.6684811,1.31E-05,1.31E-05,1.31E-05,0.88589704,0.88589704,0.74435914,0.74435914,0.876174,0.876174,0.6807778,0.6807778,0.7906714,0.7906714,0.57565755,0.57565755,0.44490987,0.44490987,0.5083591,0.5083591,0.34509987,0.34509987,0.347866,0.347866,0.3500646,0.3500646,0.603952,0.603952,0.603952,0.90257055,0.90257055,0.90005654,0.90005654,0.9069592,0.9069592,1.19E-05,1.19E-05,0.014956721,0.014956721,1.84E-05,1.84E-05,3.44E-05,3.44E-05,7.10E-06,7.10E-06,4.71E-06,4.71E-06,5.50E-06,5.50E-06,0.000245938,0.000245938,8.08E-05,8.08E-05,8.08E-05,0.48633617,0.48633617,0.6012639,0.6012639,0.22392602,0.22392602,0.003707684,0.003707684,0.0004213,0.0004213,0.57825154,0.57825154,0.720429,0.720429,0.9649416,0.9649416,0.97362435,0.97362435,0.9749513,0.9749513,0.95548534,0.95548534,1
0.9355754,0.9355754,0.9355754,0.895056,0.895056,0.85313535,0.85313535,0.7147242,0.7147242,0.28416398,0.28416398,0.00349974,0.00349974,0.19449657,0.19449657,0.003638995,0.003638995,0.003920207,0.003920207,0.000541441,0.000541441,0.000573999,0.000573999,0.000383035,0.000383035,0.0007793,0.0007793,0.0007793,0.000366833,0.000366833,0.000772982,0.000772982,0.000642432,0.000642432,0.000690307,0.000690307,0.002590609,0.002590609,0.13572761,0.13572761,0.000497258,0.000497258,0.000272066,0.000272066,0.000659602,0.000659602,0.000540252,0.000540252,0.000181962,0.000181962,0.000131873,0.000131873,0.000131873,0.000268194,0.000268194,0.000221841,0.000221841,0.08457139,0.08457139,0.17232545,0.17232545,0.004282364,0.004282364,0.000580908,0.000580908,0.000536758,0.000536758,0.000249083,0.000249083,0.001187594,0.001187594,0.005873034,0.005873034,0.001784721,0.001784721,0.002417069,0.002417069,0.002417069,0.003689073,0.003689073,0.013165394,0.013165394,0.00138067,0.00138067,0.004202501,0.004202501,0.000309738,0.000309738,0.027609657,0.027609657,7.57E-05,7.57E-05,5.25E-05,5.25E-05,2.34E-05,2.34E-05,0.000245561,0.000245561,0.96612453,0.96612453,0.9219643,0.9219643,0.9219643,0.9693645,0.9693645,0.95004827,0.95004827,0.76670814,0.76670814,0.89411247,0.89411247,0.8997703,0.8997703,0.8718483,0.8718483,0.7526607,0.7526607,0.9787083,0.9787083,0.98093456,0.98093456,0.95990324,0.95990324,0.9284464,0.9284464,0.909363,0.909363,0.909363,0.90852004,0.90852004,0.84145284,0.84145284,0.8627995,0.8627995,0.8651121,0.8651121,0.87583953,0.87583953,0.93834865,0.93834865,0.98680925,0.98680925,0.8958406,0.8958406,2.75E-06,2.75E-06,6.78E-07,6.78E-07,7.56E-07,7.56E-07,0.34313825,0.34313825,0.34313825,0.972652,0.972652,2.29E-06,2.29E-06,6.73E-07,6.73E-07,8.67E-07,8.67E-07,4.44E-05,4.44E-05,6.57E-06,6.57E-06,4.35E-06,4.35E-06,3.29E-06,3.29E-06,2.51E-06,2.51E-06,0.15639468,0.15639468,0.09704982,0.09704982,3.21E-06,3.21E-06,3.21E-06,2.19E-06,2.19E-06,0.8565136,0.8565136,0.9179965,0.9179965,0.8811073,0.8811073,0.001896969,0.001896969,4.40E-05,4.40E-05,0.65237474,0.65237474,0.48752356,0.48752356,0.74290985,0.74290985,2.94E-06,2.94E-06,1.29E-06,1.29E-06,0.3586727,0.3586727,0.3586727,0.82432115,0.82432115,0.3505722,0.3505722,1.01E-05,1.01E-05,2.03E-06,2.03E-06,2.90E-06,2.90E-06,0.92610383,0.92610383,9.74E-06,9.74E-06,5.46E-06,5.46E-06,0.014839218,0.014839218,1.95E-05,1.95E-05,0.000179727,0.000179727,1
0.000129597,0.000129597,0.000129597,0.023251036,0.023251036,0.015641255,0.015641255,0.01029502,0.01029502,0.927927,0.927927,0.7509862,0.7509862,0.8832398,0.8832398,0.95780516,0.95780516,0.8975644,0.8975644,0.9499626,0.9499626,0.93193585,0.93193585,0.9364448,0.9364448,0.94304854,0.94304854,0.94304854,0.8352444,0.8352444,0.12866801,0.12866801,0.007579056,0.007579056,4.79E-06,4.79E-06,3.23E-06,3.23E-06,0.000502716,0.000502716,0.024917074,0.024917074,0.044855554,0.044855554,0.015011913,0.015011913,0.008526961,0.008526961,0.033893295,0.033893295,0.002605323,0.002605323,0.002605323,0.000411113,0.000411113,0.01095007,0.01095007,0.008307973,0.008307973,0.054794546,0.054794546,0.06355736,0.06355736,0.05966817,0.05966817,0.065538645,0.065538645,0.102551185,0.102551185,0.004784495,0.004784495,0.9807192,0.9807192,0.97957146,0.97957146,0.9569002,0.9569002,0.9569002,0.93995714,0.93995714,0.00708444,0.00708444,0.023875795,0.023875795,0.8618387,0.8618387,0.14326638,0.14326638,0.043770663,0.043770663,0.00157499,0.00157499,0.000788586,0.000788586,0.008672677,0.008672677,0.006063287,0.006063287,0.000621263,0.000621263,0.35678753,0.35678753,0.35678753,0.39210263,0.39210263,0.38095197,0.38095197,0.7054492,0.7054492,0.078995116,0.078995116,2.61E-05,2.61E-05,1.29E-05,1.29E-05,2.73E-05,2.73E-05,0.72050726,0.72050726,0.02163275,0.02163275,8.76E-05,8.76E-05,0.000702954,0.000702954,0.000260791,0.000260791,0.000260791,0.000100078,0.000100078,0.000147841,0.000147841,0.501052,0.501052,0.9888205,0.9888205,0.9210119,0.9210119,0.74667734,0.74667734,0.5739824,0.5739824,0.30180934,0.30180934,0.57529145,0.57529145,0.48256728,0.48256728,0.46844813,0.46844813,0.90974414,0.90974414,0.90974414,0.7932489,0.7932489,0.82695556,0.82695556,0.88709277,0.88709277,0.885151,0.885151,0.7231612,0.7231612,0.9480801,0.9480801,0.51534593,0.51534593,0.000183724,0.000183724,0.030212136,0.030212136,0.021765906,0.021765906,0.000484452,0.000484452,0.002337188,0.002337188,0.002337188,0.000266756,0.000266756,0.000211819,0.000211819,0.000348473,0.000348473,0.001444192,0.001444192,0.015608392,0.015608392,0.002550796,0.002550796,0.005242777,0.005242777,0.006533066,0.006533066,0.9925754,0.9925754,0.970369,0.970369,0.89724725,0.89724725,0.9854639,0.9854639,0.9854639,0.983757,0.983757,0.9378556,0.9378556,0.9446069,0.9446069,0.98422605,0.98422605,0.95150393,0.95150393,0.95012546,0.95012546,0.8894609,0.8894609,0.8981903,0.8981903,0.6444431,0.6444431,0.33156866,0.33156866,0.56736904,0.56736904,1
0.5930433,0.5930433,0.5930433,0.9832888,0.9832888,0.9910158,0.9910158,0.9779708,0.9779708,0.9909043,0.9909043,0.587517,0.587517,0.44536346,0.44536346,0.69336617,0.69336617,0.8001706,0.8001706,0.0772515,0.0772515,0.003385266,0.003385266,0.006967922,0.006967922,0.000192863,0.000192863,0.000192863,0.000132152,0.000132152,3.65E-05,3.65E-05,0.000618336,0.000618336,0.060677502,0.060677502,0.3135298,0.3135298,0.64388835,0.64388835,0.68529516,0.68529516,0.004284137,0.004284137,0.000383664,0.000383664,2.10E-05,2.10E-05,1.34E-05,1.34E-05,6.84E-06,6.84E-06,6.84E-06,1.16E-05,1.16E-05,1.13E-05,1.13E-05,0.9945808,0.9945808,0.9906657,0.9906657,0.793392,0.793392,0.97666293,0.97666293,0.9616213,0.9616213,0.9395736,0.9395736,0.9840608,0.9840608,0.8355,0.8355,0.5356133,0.5356133,0.048860047,0.048860047,0.048860047,0.001208635,0.001208635,0.000911299,0.000911299,0.022833576,0.022833576,0.047764752,0.047764752,0.901637,0.901637,0.9598417,0.9598417,0.8823974,0.8823974,0.9581779,0.9581779,0.7189118,0.7189118,0.6625647,0.6625647,0.74136364,0.74136364,0.671817,0.671817,0.671817,0.33064285,0.33064285,0.39204735,0.39204735,0.83608335,0.83608335,0.7052184,0.7052184,0.9225828,0.9225828,0.6535512,0.6535512,0.6406888,0.6406888,0.43439928,0.43439928,0.72611207,0.72611207,0.9391063,0.9391063,0.6711247,0.6711247,0.7634696,0.7634696,0.7634696,0.87413305,0.87413305,0.013062631,0.013062631,0.005474104,0.005474104,0.3194007,0.3194007,0.4018448,0.4018448,0.68666035,0.68666035,0.9279001,0.9279001,0.84852403,0.84852403,0.8513636,0.8513636,0.7048459,0.7048459,0.88311064,0.88311064,0.9006375,0.9006375,0.9006375,0.7631854,0.7631854,0.7900809,0.7900809,0.2612806,0.2612806,0.080976054,0.080976054,0.15316583,0.15316583,0.40330854,0.40330854,0.23486812,0.23486812,0.23306416,0.23306416,0.44786555,0.44786555,0.006251643,0.006251643,0.004350959,0.004350959,0.6997099,0.6997099,0.6997099,0.16809289,0.16809289,0.02520247,0.02520247,0.067254044,0.067254044,0.4689904,0.4689904,0.64377904,0.64377904,0.26084244,0.26084244,0.5142605,0.5142605,0.20553632,0.20553632,0.026279606,0.026279606,0.010058492,0.010058492,0.112251066,0.112251066,0.37212026,0.37212026,0.37212026,0.3644385,0.3644385,0.5929372,0.5929372,0.0533865,0.0533865,0.0081716,0.0081716,0.008843814,0.008843814,0.001046736,0.001046736,0.002099423,0.002099423,0.000712807,0.000712807,0.000382493,0.000382493,0.000213351,0.000213351,0.17580104,0.17580104,1
0.29549822,0.29549822,0.29549822,0.006007211,0.006007211,0.010656628,0.010656628,0.011791053,0.011791053,0.001804775,0.001804775,0.000493557,0.000493557,0.000416367,0.000416367,0.000668448,0.000668448,0.003237274,0.003237274,0.003335621,0.003335621,0.003470033,0.003470033,0.6513455,0.6513455,0.96480435,0.96480435,0.96480435,0.913371,0.913371,0.9699551,0.9699551,0.9510159,0.9510159,0.22161639,0.22161639,0.002316739,0.002316739,0.40616584,0.40616584,0.9875343,0.9875343,0.84109646,0.84109646,0.006002261,0.006002261,0.00233582,0.00233582,0.017843574,0.017843574,0.81491566,0.81491566,0.81491566,0.725663,0.725663,0.011903643,0.011903643,0.000641052,0.000641052,0.000359568,0.000359568,0.002482357,0.002482357,0.046193685,0.046193685,0.000138465,0.000138465,0.000192045,0.000192045,0.000673523,0.000673523,0.000994507,0.000994507,0.003156726,0.003156726,2.07E-05,2.07E-05,2.07E-05,3.25E-05,3.25E-05,1.33E-05,1.33E-05,4.66E-05,4.66E-05,0.000893751,0.000893751,0.000284247,0.000284247,0.000192491,0.000192491,0.002798569,0.002798569,0.002531803,0.002531803,0.001619957,0.001619957,0.00039113,0.00039113,0.000434097,0.000434097,0.000343451,0.000343451,0.000343451,0.000203943,0.000203943,0.000192306,0.000192306,0.00021787,0.00021787,0.000249564,0.000249564,0.001887391,0.001887391,0.000339246,0.000339246,0.000234541,0.000234541,0.000326283,0.000326283,0.000674605,0.000674605,0.001239209,0.001239209,0.00226326,0.00226326,0.00296201,0.00296201,0.00296201,0.024124207,0.024124207,0.017292045,0.017292045,0.039471634,0.039471634,0.027271384,0.027271384,0.07158895,0.07158895,0.015074243,0.015074243,0.009787781,0.009787781,0.006239937,0.006239937,0.003081311,0.003081311,0.013735445,0.013735445,0.010662425,0.010662425,0.006401419,0.006401419,0.006401419,0.001034214,0.001034214,0.001296658,0.001296658,0.013999915,0.013999915,0.004735171,0.004735171,0.02180014,0.02180014,0.016270729,0.016270729,0.06611851,0.06611851,0.016308429,0.016308429,0.032176074,0.032176074,0.003607579,0.003607579,0.07768323,0.07768323,0.021152494,0.021152494,0.021152494,0.033259794,0.033259794,0.16620497,0.16620497,0.004328028,0.004328028,0.003369918,0.003369918,0.9887629,0.9887629,0.912931,0.912931,0.70317394,0.70317394,0.08526077,0.08526077,0.34373924,0.34373924,0.13740122,0.13740122,0.07137963,0.07137963,0.061663724,0.061663724,0.061663724,0.04759445,0.04759445,0.3808721,0.3808721,0.3058921,0.3058921,0.5893173,0.5893173,0.21930182,0.21930182,0.1485216,0.1485216,0.7779083,0.7779083,0.92224354,0.92224354,0.9139298,0.9139298,0.5563623,0.5563623,0.23511611,0.23511611,1
0.16451737,0.16451737,0.16451737,0.29276416,0.29276416,0.03832439,0.03832439,0.0027967,0.0027967,0.002567185,0.002567185,0.002213538,0.002213538,0.000560181,0.000560181,0.000421408,0.000421408,0.000526108,0.000526108,0.000631309,0.000631309,0.95438856,0.95438856,0.6898245,0.6898245,0.13021736,0.13021736,0.13021736,0.026908472,0.026908472,0.007185238,0.007185238,0.022766348,0.022766348,0.003740631,0.003740631,0.002200359,0.002200359,0.732773,0.732773,0.87103057,0.87103057,0.31042185,0.31042185,0.003284029,0.003284029,0.8395114,0.8395114,0.9948331,0.9948331,0.6876785,0.6876785,0.6876785,0.047417138,0.047417138,0.00012673,0.00012673,2.80E-05,2.80E-05,2.68E-05,2.68E-05,3.46E-05,3.46E-05,2.45E-05,2.45E-05,3.66E-05,3.66E-05,4.65E-05,4.65E-05,0.288077,0.288077,0.11148918,0.11148918,0.00026086,0.00026086,9.67E-05,9.67E-05,9.67E-05,8.86E-05,8.86E-05,0.000102132,0.000102132,8.88E-05,8.88E-05,0.000126136,0.000126136,6.91E-05,6.91E-05,8.92E-05,8.92E-05,9.28E-05,9.28E-05,5.92E-05,5.92E-05,0.000262168,0.000262168,5.10E-05,5.10E-05,9.19E-05,9.19E-05,0.1479108,0.1479108,0.1479108,0.9720853,0.9720853,0.75717384,0.75717384,0.05025098,0.05025098,3.53E-05,3.53E-05,6.61E-06,6.61E-06,8.77E-06,8.77E-06,0.000202083,0.000202083,1.98E-05,1.98E-05,0.002224668,0.002224668,0.013850513,0.013850513,3.71E-05,3.71E-05,1.65E-05,1.65E-05,1.65E-05,2.30E-05,2.30E-05,0.001833691,0.001833691,3.98E-05,3.98E-05,0.002607505,0.002607505,0.011428932,0.011428932,0.9886475,0.9886475,0.8680982,0.8680982,4.00E-05,4.00E-05,1.91E-06,1.91E-06,1.19E-06,1.19E-06,1.08E-06,1.08E-06,0.015438926,0.015438926,0.015438926,3.68E-06,3.68E-06,0.96288997,0.96288997,0.8887894,0.8887894,1.81E-05,1.81E-05,3.61E-06,3.61E-06,2.65E-06,2.65E-06,2.03E-06,2.03E-06,1.96E-06,1.96E-06,0.03685793,0.03685793,2.86E-06,2.86E-06,1.86E-06,1.86E-06,0.022239396,0.022239396,0.022239396,0.023277104,0.023277104,5.82E-06,5.82E-06,1.93E-06,1.93E-06,1.39E-06,1.39E-06,1.37E-06,1.37E-06,0.001784862,0.001784862,3.30E-06,3.30E-06,2.54E-06,2.54E-06,0.003730504,0.003730504,4.29E-06,4.29E-06,3.48E-05,3.48E-05,4.98E-06,4.98E-06,4.98E-06,1.40E-05,1.40E-05,0.004652827,0.004652827,0.010451821,0.010451821,0.02589682,0.02589682,0.014216471,0.014216471,0.019229924,0.019229924,0.048891895,0.048891895,0.03374771,0.03374771,3.48E-05,3.48E-05,0.001778098,0.001778098,0.8054197,0.8054197,1
0.85741246,0.85741246,0.85741246,2.09E-06,2.09E-06,9.33E-07,9.33E-07,0.19876309,0.19876309,0.3620109,0.3620109,0.947664,0.947664,0.97386736,0.97386736,2.13E-05,2.13E-05,3.41E-06,3.41E-06,0.087160625,0.087160625,0.35095757,0.35095757,0.6869799,0.6869799,0.6037996,0.6037996,0.6037996,0.001547028,0.001547028,3.96E-06,3.96E-06,0.001783259,0.001783259,3.94E-06,3.94E-06,5.96E-05,5.96E-05,0.000798798,0.000798798,0.000566161,0.000566161,4.00E-06,4.00E-06,0.000179353,0.000179353,0.000298081,0.000298081,2.68E-06,2.68E-06,0.000108997,0.000108997,0.000108997,0.000188786,0.000188786,3.57E-06,3.57E-06,0.000861629,0.000861629,0.000173107,0.000173107,0.000111031,0.000111031,0.000126674,0.000126674,0.000274845,0.000274845,3.87E-06,3.87E-06,9.86E-05,9.86E-05,0.000133815,0.000133815,0.000165534,0.000165534,0.000174801,0.000174801,0.000174801,0.001392004,0.001392004,0.001659476,0.001659476,0.000771551,0.000771551,0.00344726,0.00344726,0.002942825,0.002942825,0.000102165,0.000102165,7.56E-05,7.56E-05,7.04E-05,7.04E-05,5.60E-05,5.60E-05,6.52E-05,6.52E-05,0.003488954,0.003488954,0.004949994,0.004949994,0.004949994,0.002184718,0.002184718,0.000928082,0.000928082,0.000210835,0.000210835,0.000163132,0.000163132,0.00488168,0.00488168,0.76142186,0.76142186,0.3524234,0.3524234,1.55E-06,1.55E-06,0.003012765,0.003012765,0.000982813,0.000982813,0.000538252,0.000538252,0.082097255,0.082097255,0.082097255,1.66E-06,1.66E-06,8.76E-07,8.76E-07,9.34E-07,9.34E-07,0.000132889,0.000132889,9.26E-07,9.26E-07,0.98993814,0.98993814,1.72E-05,1.72E-05,0.035006907,0.035006907,0.007362598,0.007362598,0.000234238,0.000234238,5.52E-05,5.52E-05,5.37E-05,5.37E-05,5.37E-05,0.000150298,0.000150298,0.95058244,0.95058244,1.79E-06,1.79E-06,0.21801049,0.21801049,0.000934836,0.000934836,1.37E-05,1.37E-05,9.29E-06,9.29E-06,5.28E-05,5.28E-05,5.57E-05,5.57E-05,5.19E-05,5.19E-05,5.05E-05,5.05E-05,7.93E-05,7.93E-05,7.93E-05,6.12E-05,6.12E-05,6.77E-05,6.77E-05,0.000426061,0.000426061,0.000244137,0.000244137,0.94591045,0.94591045,0.8054538,0.8054538,0.055085417,0.055085417,9.83E-05,9.83E-05,2.64E-05,2.64E-05,4.96E-05,4.96E-05,6.41E-05,6.41E-05,5.24E-05,5.24E-05,5.24E-05,0.000825786,0.000825786,7.94E-05,7.94E-05,4.75E-05,4.75E-05,2.70E-05,2.70E-05,3.20E-05,3.20E-05,5.53E-05,5.53E-05,7.80E-05,7.80E-05,5.16E-05,5.16E-05,0.000131005,0.000131005,0.46020573,0.46020573,0.5417543,0.5417543,1
0.036092926,0.036092926,0.036092926,5.64E-05,5.64E-05,1.49E-05,1.49E-05,1.21E-05,1.21E-05,1.21E-05,1.21E-05,8.21E-06,8.21E-06,9.14E-06,9.14E-06,1.54E-05,1.54E-05,1.28E-05,1.28E-05,0.000215973,0.000215973,4.22E-05,4.22E-05,2.08E-05,2.08E-05,2.44E-05,2.44E-05,2.44E-05,3.29E-05,3.29E-05,3.48E-05,3.48E-05,3.56E-05,3.56E-05,4.28E-05,4.28E-05,9.47E-05,9.47E-05,9.37E-05,9.37E-05,0.000585979,0.000585979,0.00012631,0.00012631,5.76E-05,5.76E-05,0.87220645,0.87220645,0.90410763,0.90410763,0.008267081,0.008267081,0.008267081,7.12E-05,7.12E-05,6.08E-05,6.08E-05,6.98E-05,6.98E-05,7.07E-05,7.07E-05,3.63E-05,3.63E-05,4.26E-06,4.26E-06,3.59E-06,3.59E-06,0.000449607,0.000449607,0.000445148,0.000445148,6.71E-06,6.71E-06,0.000311301,0.000311301,0.000329784,0.000329784,0.000329784,5.04E-06,5.04E-06,3.75E-06,3.75E-06,4.07E-05,4.07E-05,9.31E-05,9.31E-05,6.32E-05,6.32E-05,7.86E-06,7.86E-06,3.74E-06,3.74E-06,2.25E-06,2.25E-06,2.13E-06,2.13E-06,6.00E-05,6.00E-05,5.86E-05,5.86E-05,0.000140121,0.000140121,0.000140121,0.000587915,0.000587915,8.50E-05,8.50E-05,0.000132136,0.000132136,9.31E-05,9.31E-05,0.6882882,0.6882882,0.5952246,0.5952246,0.002019038,0.002019038,0.013036653,0.013036653,5.60E-06,5.60E-06,0.000192624,0.000192624,0.005208061,0.005208061,0.00036289,0.00036289,0.00036289,3.31E-05,3.31E-05,5.94E-05,5.94E-05,7.94E-05,7.94E-05,5.75E-05,5.75E-05,6.29E-05,6.29E-05,6.37E-05,6.37E-05,0.008009645,0.008009645,0.96492,0.96492,2.85E-05,2.85E-05,0.04486964,0.04486964,0.000116023,0.000116023,9.54E-05,9.54E-05,9.54E-05,0.000499373,0.000499373,0.9225539,0.9225539,3.12E-06,3.12E-06,8.80E-05,8.80E-05,5.23E-05,5.23E-05,2.90E-05,2.90E-05,0.001512332,0.001512332,0.4985861,0.4985861,3.87E-06,3.87E-06,2.08E-06,2.08E-06,1.30E-06,1.30E-06,1.28E-06,1.28E-06,1.28E-06,2.18E-05,2.18E-05,1.99E-06,1.99E-06,1.61E-06,1.61E-06,1.78E-06,1.78E-06,2.44E-05,2.44E-05,0.007408293,0.007408293,0.000104124,0.000104124,2.59E-05,2.59E-05,4.62E-05,4.62E-05,6.90E-05,6.90E-05,8.99E-05,8.99E-05,8.40E-05,8.40E-05,8.40E-05,6.34E-05,6.34E-05,1.84E-05,1.84E-05,0.000205016,0.000205016,4.03E-06,4.03E-06,6.46E-05,6.46E-05,0.94617265,0.94617265,3.29E-06,3.29E-06,1.56E-06,1.56E-06,1.11E-06,1.11E-06,1.07E-06,1.07E-06,1.09E-06,1.09E-06,1
9.02E-07,9.02E-07,9.02E-07,1.74E-05,1.74E-05,1.72E-06,1.72E-06,1.08E-06,1.08E-06,6.35E-06,6.35E-06,1.62E-05,1.62E-05,2.98E-05,2.98E-05,4.33E-05,4.33E-05,0.010315965,0.010315965,7.21E-05,7.21E-05,4.55E-05,4.55E-05,0.000487351,0.000487351,9.42E-05,9.42E-05,9.42E-05,4.47E-05,4.47E-05,9.66E-05,9.66E-05,3.85E-05,3.85E-05,4.71E-05,4.71E-05,5.05E-05,5.05E-05,5.95E-05,5.95E-05,9.65E-05,9.65E-05,0.000298591,0.000298591,0.000775195,0.000775195,0.000239006,0.000239006,0.000206909,0.000206909,2.11E-06,2.11E-06,2.11E-06,2.94E-06,2.94E-06,2.52E-06,2.52E-06,2.64E-06,2.64E-06,1.49E-06,1.49E-06,1.55E-06,1.55E-06,1.49E-06,1.49E-06,6.57E-05,6.57E-05,6.94E-06,6.94E-06,6.22E-06,6.22E-06,5.75E-06,5.75E-06,5.08E-06,5.08E-06,7.53E-05,7.53E-05,7.53E-05,6.89E-06,6.89E-06,9.28E-06,9.28E-06,0.9032912,0.9032912,0.98050135,0.98050135,0.95035577,0.95035577,8.98E-06,8.98E-06,1.70E-06,1.70E-06,1.01E-06,1.01E-06,9.21E-07,9.21E-07,1.28E-06,1.28E-06,8.52E-07,8.52E-07,9.61E-07,9.61E-07,9.61E-07,1.00E-06,1.00E-06,1.67E-06,1.67E-06,2.47E-05,2.47E-05,2.91E-06,2.91E-06,2.22E-06,2.22E-06,2.37E-06,2.37E-06,2.01E-06,2.01E-06,6.94E-06,6.94E-06,6.92E-06,6.92E-06,2.15E-06,2.15E-06,3.34E-06,3.34E-06,2.13E-06,2.13E-06,2.13E-06,2.74E-05,2.74E-05,1.28E-05,1.28E-05,6.77E-06,6.77E-06,4.98E-06,4.98E-06,1.28E-06,1.28E-06,1.52E-06,1.52E-06,1.65E-06,1.65E-06,8.90E-06,8.90E-06,1.31E-06,1.31E-06,1.09E-06,1.09E-06,1.97E-05,1.97E-05,2.23E-06,2.23E-06,2.23E-06,1.52E-06,1.52E-06,6.82E-06,6.82E-06,1.71E-06,1.71E-06,4.70E-06,4.70E-06,1.74E-06,1.74E-06,1.53E-06,1.53E-06,9.58E-07,9.58E-07,7.57E-07,7.57E-07,1.77E-05,1.77E-05,2.07E-06,2.07E-06,1.05E-06,1.05E-06,7.40E-07,7.40E-07,7.40E-07,8.72E-07,8.72E-07,7.02E-07,7.02E-07,6.76E-07,6.76E-07,7.82E-07,7.82E-07,6.26E-07,6.26E-07,6.07E-07,6.07E-07,1.93E-05,1.93E-05,1.97E-06,1.97E-06,5.52E-06,5.52E-06,1.08E-06,1.08E-06,8.35E-07,8.35E-07,5.76E-05,5.76E-05,5.76E-05,0.59141636,0.59141636,8.57E-06,8.57E-06,2.67E-06,2.67E-06,1.45E-06,1.45E-06,2.95E-05,2.95E-05,3.27E-06,3.27E-06,1.99E-06,1.99E-06,2.04E-06,2.04E-06,1.61E-06,1.61E-06,1.76E-06,1.76E-06,2.97E-06,2.97E-06,1
2.14E-06,2.14E-06,2.14E-06,2.31E-06,2.31E-06,1.96E-06,1.96E-06,2.50E-05,2.50E-05,2.09E-06,2.09E-06,2.51E-06,2.51E-06,7.51E-07,7.51E-07,7.64E-07,7.64E-07,7.42E-07,7.42E-07,2.09E-06,2.09E-06,2.49E-06,2.49E-06,2.37E-06,2.37E-06,2.03E-06,2.03E-06,2.03E-06,3.12E-05,3.12E-05,2.71E-06,2.71E-06,1.79E-06,1.79E-06,1.58E-06,1.58E-06,2.20E-06,2.20E-06,6.11E-06,6.11E-06,1.67E-06,1.67E-06,1.52E-06,1.52E-06,1.53E-06,1.53E-06,4.56E-06,4.56E-06,0.00016862,0.00016862,0.43216327,0.43216327,0.43216327,0.002886277,0.002886277,0.001123369,0.001123369,1.34E-06,1.34E-06,8.20E-07,8.20E-07,9.44E-07,9.44E-07,1.06E-06,1.06E-06,5.83E-06,5.83E-06,1.24E-06,1.24E-06,0.004911932,0.004911932,5.28E-06,5.28E-06,1.71E-06,1.71E-06,1.72E-05,1.72E-05,1.72E-05,1.61E-06,1.61E-06,8.58E-07,8.58E-07,5.87E-07,5.87E-07,6.87E-07,6.87E-07,8.48E-07,8.48E-07,1.11E-06,1.11E-06,1.48E-05,1.48E-05,2.64E-06,2.64E-06,1.40E-06,1.40E-06,1.26E-06,1.26E-06,9.43E-07,9.43E-07,7.92E-07,7.92E-07,7.92E-07,8.65E-07,8.65E-07,9.04E-07,9.04E-07,1.02E-06,1.02E-06,8.95E-07,8.95E-07,1.72E-05,1.72E-05,3.38E-05,3.38E-05,4.35E-05,4.35E-05,4.83E-05,4.83E-05,5.19E-05,5.19E-05,0.000152949,0.000152949,3.89E-05,3.89E-05,6.04E-05,6.04E-05,6.04E-05,9.46E-07,9.46E-07,8.68E-07,8.68E-07,2.39E-05,2.39E-05,1.89E-06,1.89E-06,1.18E-06,1.18E-06,1.22E-06,1.22E-06,1.47E-06,1.47E-06,1.39E-06,1.39E-06,1.57E-06,1.57E-06,1.60E-06,1.60E-06,1.62E-06,1.62E-06,1.82E-06,1.82E-06,1.82E-06,1.53E-05,1.53E-05,0.000138614,0.000138614,0.000305586,0.000305586,0.000277782,0.000277782,1.26E-06,1.26E-06,1.30E-06,1.30E-06,1.23E-06,1.23E-06,1.08E-06,1.08E-06,1.27E-06,1.27E-06,2.07E-06,2.07E-06,4.00E-05,4.00E-05,5.81E-06,5.81E-06,5.81E-06,4.68E-06,4.68E-06,3.74E-06,3.74E-06,2.08E-06,2.08E-06,1.83E-06,1.83E-06,2.47E-06,2.47E-06,2.94E-06,2.94E-06,0.000291437,0.000291437,3.70E-06,3.70E-06,0.000268885,0.000268885,7.43E-06,7.43E-06,4.86E-06,4.86E-06,3.79E-06,3.79E-06,3.79E-06,4.36E-06,4.36E-06,4.29E-06,4.29E-06,4.72E-06,4.72E-06,5.23E-06,5.23E-06,5.28E-06,5.28E-06,6.38E-06,6.38E-06,6.25E-05,6.25E-05,7.77E-06,7.77E-06,4.87E-06,4.87E-06,1.61E-05,1.61E-05,0.001375821,0.001375821,1
4.29E-06,4.29E-06,1.92E-06,1.92E-06,1.28E-06,9.89E-07,9.89E-07,1.14E-06,1.14E-06,1.09E-06,9.23E-07,9.23E-07,8.46E-07,8.46E-07,7.42E-07,2.46E-05,2.46E-05,2.65E-06,2.65E-06,1.48E-06,1.17E-06,1.17E-06,1.08E-06,1.08E-06,1.31E-06,1.11E-06,1.11E-06,1.07E-06,1.07E-06,1.28E-06,1.40E-06,1.40E-06,3.52E-05,3.52E-05,3.11E-06,1.50E-06,1.50E-06,1.10E-06,1.10E-06,9.92E-07,8.55E-07,8.55E-07,1.03E-06,1.03E-06,8.55E-07,9.99E-07,9.99E-07,9.14E-07,9.14E-07,2.37E-05,2.17E-06,2.17E-06,1.74E-06,1.74E-06,0.000108388,0.002814102,0.002814102,9.01E-06,9.01E-06,2.78E-06,1.74E-06,1.74E-06,1.64E-06,1.64E-06,1.47E-06,2.68E-05,2.68E-05,2.38E-06,2.38E-06,2.03E-06,0.19647862,0.19647862,0.2323234,0.2323234,0.032737713,2.07E-05,2.07E-05,2.45E-06,2.45E-06,0.000205388,0.1153096,0.1153096,0.37697056,0.37697056,0.02007667,0.09186823,0.09186823,0.037095923,0.037095923,0.001195483,9.63E-06,9.63E-06,0.000286348,0.000286348,7.45E-06,9.28E-07,9.28E-07,2.52E-06,2.52E-06,2.89E-05,5.35E-06,5.35E-06,2.11E-06,2.11E-06,1.94E-06,2.07E-06,2.07E-06,8.31E-06,8.31E-06,1.99E-06,2.24E-06,2.24E-06,2.03E-06,2.03E-06,2.41E-06,0.017407209,0.017407209,0.003307057,0.003307057,0.000169037,2.66E-06,2.66E-06,2.80E-06,2.80E-06,2.36E-06,5.44E-06,5.44E-06,2.17E-06,2.17E-06,2.03E-06,1.69E-06,1.69E-06,3.77E-05,3.77E-05,2.90E-05,3.92E-06,3.92E-06,1.44E-06,1.44E-06,9.12E-07,7.91E-07,7.91E-07,7.18E-07,7.18E-07,8.29E-07,7.63E-07,7.63E-07,7.49E-07,7.49E-07,1.33E-05,1.24E-06,1.24E-06,8.41E-07,8.41E-07,7.49E-07,6.50E-07,6.50E-07,6.83E-07,6.83E-07,6.49E-07,6.77E-07,6.77E-07,6.19E-07,6.19E-07,5.57E-07,1.62E-05,1.62E-05,1.74E-06,1.74E-06,8.19E-07,7.38E-07,7.38E-07,7.37E-07,7.37E-07,7.34E-07,6.49E-07,6.49E-07,6.39E-07,6.39E-07,1.18E-06,5.74E-05,5.74E-05,6.75E-05,6.75E-05,3.03E-06,1.45E-06,1.45E-06,1.05E-06,1.05E-06,8.80E-07,8.57E-07,8.57E-07,6.60E-07,6.60E-07,5.76E-07,5.82E-07,5.82E-07,5.79E-07,5.79E-07,1.13E-05,1.10E-06,1.10E-06,5.48E-07,5.48E-07,5.19E-07,4.98E-07,4.98E-07,4.70E-07,4.70E-07,4.12E-07,4.23E-07,4.23E-07,4.83E-07,4.83E-07,3.84E-07,1.16E-05,1.16E-05,1.30E-06,1.30E-06,7.22E-07,6.52E-07,6.52E-07,6.16E-07,6.16E-07,6.59E-07,1
6.04E-07,6.04E-07,5.69E-07,5.69E-07,5.96E-07,9.38E-07,9.38E-07,0.001029213,0.001029213,0.000894161,1.97E-05,1.97E-05,3.56E-06,3.56E-06,1.99E-06,1.42E-06,1.42E-06,1.04E-06,1.04E-06,7.69E-07,5.95E-07,5.95E-07,5.45E-07,5.45E-07,1.28E-05,1.35E-06,1.35E-06,6.90E-07,6.90E-07,5.21E-07,4.44E-07,4.44E-07,4.26E-07,4.26E-07,4.76E-07,4.40E-07,4.40E-07,4.08E-07,4.08E-07,5.19E-07,1.46E-05,1.46E-05,1.25E-06,1.25E-06,6.51E-07,4.93E-07,4.93E-07,4.65E-07,4.65E-07,4.39E-07,5.79E-07,5.79E-07,4.52E-07,4.52E-07,4.60E-07,4.46E-07,4.46E-07,1.15E-05,1.15E-05,9.49E-07,5.44E-07,5.44E-07,4.44E-07,4.44E-07,4.08E-07,3.91E-07,3.91E-07,4.02E-07,4.02E-07,4.27E-07,5.43E-07,5.43E-07,4.98E-07,4.98E-07,1.70E-05,1.51E-06,1.51E-06,1.05E-06,1.05E-06,1.48E-06,0.3420692,0.3420692,0.17555092,0.17555092,9.94E-06,1.85E-06,1.85E-06,1.29E-06,1.29E-06,1.04E-06,2.71E-05,2.71E-05,3.17E-06,3.17E-06,1.44E-06,1.06E-06,1.06E-06,1.00E-06,1.00E-06,7.98E-07,6.43E-07,6.43E-07,6.10E-07,6.10E-07,5.98E-07,7.10E-07,7.10E-07,1.95E-05,1.95E-05,5.09E-06,1.94E-05,1.94E-05,0.000206299,0.000206299,0.000490941,0.007806945,0.007806945,0.018464828,0.018464828,0.000239091,0.009704416,0.009704416,0.001601285,0.001601285,0.02402481,9.12E-05,9.12E-05,0.00034727,0.00034727,3.60E-06,8.15E-05,8.15E-05,0.000112448,0.000112448,5.46E-06,1.33E-06,1.33E-06,1.64E-06,1.64E-06,1.37E-06,3.46E-05,3.46E-05,2.95E-06,2.95E-06,1.50E-06,1.08E-06,1.08E-06,1.55E-06,1.55E-06,1.13E-06,1.36E-06,1.36E-06,1.38E-06,1.38E-06,1.36E-06,1.97E-06,1.97E-06,2.16E-05,2.16E-05,2.26E-06,1.30E-06,1.30E-06,1.48E-06,1.48E-06,1.69E-06,1.17E-06,1.17E-06,1.21E-06,1.21E-06,1.33E-06,1.34E-06,1.34E-06,1.91E-06,1.91E-06,2.62E-05,3.34E-05,3.34E-05,0.007094157,0.007094157,0.022995858,4.15E-05,4.15E-05,5.85E-06,5.85E-06,3.96E-06,2.46E-06,2.46E-06,1.58E-06,1.58E-06,1.31E-06,2.78E-05,2.78E-05,3.36E-06,3.36E-06,3.09E-06,0.69177467,0.69177467,0.970821,0.970821,0.003269307,2.00E-05,2.00E-05,5.20E-06,5.20E-06,1.71E-06,1.19E-06,1.19E-06,2.48E-05,2.48E-05,2.40E-06,1.13E-06,1.13E-06,8.89E-07,8.89E-07,7.18E-07,8.22E-07,8.22E-07,7.55E-07,7.55E-07,7.26E-07,7.68E-07,7.68E-07,6.51E-07,6.51E-07,1.59E-05,1
1.34E-06,1.34E-06,7.40E-07,7.40E-07,5.55E-07,5.56E-07,5.56E-07,5.15E-07,5.15E-07,4.42E-07,4.41E-07,4.41E-07,4.14E-07,4.14E-07,4.23E-07,1.26E-05,1.26E-05,1.28E-06,1.28E-06,5.89E-07,5.18E-07,5.18E-07,5.65E-07,5.65E-07,5.12E-07,4.48E-07,4.48E-07,3.98E-07,3.98E-07,6.77E-07,0.005240467,0.005240467,0.9311825,0.9311825,0.72460455,1.87E-05,1.87E-05,2.40E-06,2.40E-06,8.66E-07,6.66E-07,6.66E-07,5.26E-07,5.26E-07,4.42E-07,5.02E-07,5.02E-07,3.97E-07,3.97E-07,1.08E-05,9.37E-07,9.37E-07,6.64E-07,6.64E-07,5.94E-07,5.06E-07,5.06E-07,4.87E-07,4.87E-07,4.77E-07,4.52E-07,4.52E-07,3.92E-07,3.92E-07,3.35E-07,1.07E-05,1.07E-05,1.05E-06,1.05E-06,6.20E-07,5.12E-07,5.12E-07,5.11E-07,5.11E-07,4.66E-07,4.81E-07,4.81E-07,4.69E-07,4.69E-07,1.16E-05,0.000583041,0.000583041,6.60E-05,6.60E-05,3.63E-06,1.29E-06,1.29E-06,8.14E-07,8.14E-07,7.05E-07,6.10E-07,6.10E-07,5.92E-07,5.92E-07,5.49E-07,5.18E-07,5.18E-07,5.10E-07,5.10E-07,1.65E-05,1.54E-06,1.54E-06,7.89E-07,7.89E-07,6.24E-07,5.35E-07,5.35E-07,5.07E-07,5.07E-07,5.55E-07,6.81E-07,6.81E-07,8.53E-07,8.53E-07,7.84E-07,2.91E-05,2.91E-05,3.05E-06,3.05E-06,1.40E-06,8.16E-07,8.16E-07,6.87E-07,6.87E-07,6.15E-07,5.27E-07,5.27E-07,6.00E-07,6.00E-07,4.42E-07,4.44E-07,4.44E-07,1.40E-05,1.40E-05,1.37E-06,8.51E-07,8.51E-07,6.47E-07,6.47E-07,6.19E-07,5.27E-07,5.27E-07,5.26E-07,5.26E-07,4.90E-07,4.67E-07,4.67E-07,4.53E-07,4.53E-07,1.28E-05,1.31E-06,1.31E-06,6.97E-07,6.97E-07,5.99E-07,5.40E-07,5.40E-07,4.59E-07,4.59E-07,4.39E-07,3.77E-07,3.77E-07,4.61E-07,4.61E-07,3.91E-07,1.36E-05,1.36E-05,1.10E-06,1.10E-06,7.57E-07,7.27E-07,7.27E-07,5.87E-07,5.87E-07,4.98E-07,4.55E-07,4.55E-07,8.40E-07,8.40E-07,0.016169969,0.00101146,0.00101146,5.08E-05,5.08E-05,2.52E-06,1.06E-06,1.06E-06,7.91E-07,7.91E-07,6.08E-07,5.71E-07,5.71E-07,5.32E-07,5.32E-07,5.27E-07,5.36E-07,5.36E-07,5.10E-07,5.10E-07,1.23E-05,9.38E-07,9.38E-07,6.37E-07,6.37E-07,5.07E-07,4.58E-07,4.58E-07,4.91E-07,4.91E-07,3.79E-07,3.79E-07,3.79E-07,3.85E-07,3.85E-07,4.36E-07,9.41E-05,9.41E-05,0.057937812,0.057937812,2.60E-05,2.73E-06,2.73E-06,1.11E-06,1.11E-06,8.79E-07,1
8.87E-07,8.87E-07,6.96E-07,6.96E-07,5.01E-06,0.100167274,0.100167274,0.5775845,0.5775845,0.004626986,3.87E-05,3.87E-05,4.59E-06,4.59E-06,3.34E-06,1.70E-06,1.70E-06,1.70E-06,1.70E-06,1.91E-06,1.22E-06,1.22E-06,9.70E-07,9.70E-07,2.16E-05,1.86E-06,1.86E-06,9.62E-07,9.62E-07,5.86E-07,5.25E-07,5.25E-07,5.21E-07,5.21E-07,4.55E-07,4.21E-07,4.21E-07,7.51E-06,7.51E-06,0.3180763,0.008166391,0.008166391,3.02E-05,3.02E-05,6.49E-06,2.99E-06,2.99E-06,1.92E-06,1.92E-06,1.44E-06,1.11E-06,1.11E-06,7.15E-07,7.15E-07,6.15E-07,6.21E-07,6.21E-07,1.83E-05,1.83E-05,1.90E-06,1.21E-06,1.21E-06,1.01E-06,1.01E-06,1.20E-06,9.99E-07,9.99E-07,1.08E-06,1.08E-06,1.06E-06,9.56E-07,9.56E-07,1.17E-06,1.17E-06,0.002695387,0.056785826,0.056785826,0.004389375,0.004389375,1.47E-05,2.94E-06,2.94E-06,1.53E-06,1.53E-06,9.00E-07,7.00E-07,7.00E-07,5.27E-07,5.27E-07,4.24E-07,1.36E-05,1.36E-05,1.52E-06,1.52E-06,9.40E-07,8.22E-07,8.22E-07,6.93E-07,6.93E-07,8.14E-07,6.74E-07,6.74E-07,7.96E-07,7.96E-07,6.95E-07,6.70E-07,6.70E-07,1.51E-05,1.51E-05,1.23E-06,6.20E-07,6.20E-07,5.66E-07,5.66E-07,4.23E-07,4.30E-07,4.30E-07,3.99E-07,3.99E-07,3.72E-07,3.38E-07,3.38E-07,4.32E-07,4.32E-07,1.30E-05,1.66E-06,1.66E-06,7.09E-07,7.09E-07,6.20E-07,6.68E-07,6.68E-07,6.07E-07,6.07E-07,6.86E-07,5.73E-07,5.73E-07,5.92E-07,5.92E-07,7.02E-07,0.81917626,0.81917626,0.591488,0.591488,0.000678259,4.46E-06,4.46E-06,2.39E-06,2.39E-06,2.44E-06,1.46E-06,1.46E-06,1.35E-06,1.35E-06,1.16E-06,1.09E-06,1.09E-06,2.61E-05,2.61E-05,2.36E-06,1.55E-06,1.55E-06,1.16E-06,1.16E-06,1.08E-06,8.85E-07,8.85E-07,7.55E-07,7.55E-07,6.13E-07,6.73E-07,6.73E-07,6.11E-07,6.11E-07,2.13E-05,1.92E-06,1.92E-06,1.07E-06,1.07E-06,9.44E-07,1.10E-06,1.10E-06,8.46E-07,8.46E-07,9.10E-07,8.31E-07,8.31E-07,8.08E-07,8.08E-07,7.36E-07,2.16E-05,2.16E-05,2.75E-06,2.75E-06,1.36E-06,1.54E-06,1.54E-06,1.68E-06,1.68E-06,1.81E-06,1.28E-06,1.28E-06,1.22E-06,1.22E-06,1.10E-06,1.24E-06,1.24E-06,3.42E-05,3.42E-05,3.84E-06,4.09E-06,4.09E-06,0.1321395,0.1321395,0.25311774,0.001079425,0.001079425,1.75E-05,1.75E-05,1.98E-06,1.94E-06,1.94E-06,1.50E-06,1.50E-06,1.88E-05,1
4.61E-06,4.61E-06,1.50E-06,1.50E-06,1.06E-06,1.06E-06,1.06E-06,1.06E-06,8.77E-07,8.77E-07,9.25E-07,9.25E-07,1.12E-06,1.12E-06,1.05E-06,1.05E-06,1.10E-06,1.10E-06,4.48E-05,4.48E-05,4.50E-06,4.50E-06,1.94E-06,1.94E-06,1.57E-06,1.57E-06,1.36E-06,1.36E-06,1.44E-06,1.44E-06,1.69E-06,1.69E-06,1.53E-06,1.53E-06,1.54E-06,1.54E-06,2.06E-06,2.06E-06,4.95E-05,4.95E-05,6.21E-06,6.21E-06,4.24E-06,4.24E-06,3.71E-06,3.71E-06,3.18E-06,3.18E-06,2.11E-06,2.11E-06,2.13E-06,2.13E-06,2.00E-06,2.00E-06,1.57E-06,1.57E-06,1.82E-06,1.82E-06,2.61E-05,2.61E-05,2.65E-06,2.65E-06,1.54E-06,1.54E-06,3.02E-06,3.02E-06,2.92E-06,2.92E-06,2.91E-06,2.91E-06,2.23E-06,2.23E-06,1.75E-06,1.75E-06,1.44E-06,1.44E-06,2.11E-06,2.11E-06,3.12E-05,3.12E-05,2.52E-06,2.52E-06,2.62E-06,2.62E-06,2.24E-06,2.24E-06,2.35E-06,2.35E-06,2.99E-06,2.99E-06,1.80E-06,1.80E-06,2.26E-06,2.26E-06,2.50E-06,2.50E-06,3.43E-06,3.43E-06,0.9183535,0.9183535,0.849391,0.849391,1.00E-05,1.00E-05,1.37E-06,1.37E-06,1.73E-06,1.73E-06,1.94E-06,1.94E-06,2.23E-06,2.23E-06,8.53E-07,8.53E-07,7.21E-07,7.21E-07,1.71E-06,1.71E-06,3.56E-05,3.56E-05,3.14E-06,3.14E-06,1.42E-06,1.42E-06,1.94E-06,1.94E-06,1.56E-06,1.56E-06,1.77E-06,1.77E-06,9.23E-07,9.23E-07,1.17E-06,1.17E-06,1.25E-06,1.25E-06,9.52E-07,9.52E-07,2.07E-05,2.07E-05,2.79E-06,2.79E-06,1.90E-06,1.90E-06,9.55E-07,9.55E-07,1.12E-06,1.12E-06,1.62E-06,1.62E-06,1.38E-06,1.38E-06,9.11E-07,9.11E-07,1.17E-06,1.17E-06,1.57E-06,1.57E-06,0.19722563,0.19722563,0.005096427,0.005096427,1.00E-05,1.00E-05,5.88E-06,5.88E-06,2.01E-06,2.01E-06,9.36E-07,9.36E-07,1.02E-06,1.02E-06,8.50E-07,8.50E-07,1.28E-06,1.28E-06,9.85E-07,9.85E-07,1.66E-05,1.66E-05,2.40E-06,2.40E-06,1.50E-06,1.50E-06,1.77E-06,1.77E-06,1.08E-06,1.08E-06,1.17E-06,1.17E-06,9.65E-07,9.65E-07,1.23E-06,1.23E-06,1.68E-06,1.68E-06,1.30E-06,1.30E-06,2.82E-05,2.82E-05,0.8924036,0.8924036,0.8986674,0.8986674,0.098898135,0.098898135,4.45E-05,4.45E-05,2.32E-06,2.32E-06,1.18E-06,1.18E-06,6.25E-07,6.25E-07,6.51E-07,6.51E-07,6.33E-07,6.33E-07,1.86E-05,1.86E-05,1.99E-06,1.99E-06,1.25E-06,1.25E-06,7.16E-07,1
7.16E-07,6.35E-07,6.35E-07,7.17E-07,7.17E-07,9.85E-07,9.85E-07,1.10E-06,1.10E-06,8.67E-07,8.67E-07,1.09E-06,1.09E-06,1.56E-05,1.56E-05,1.66E-06,1.66E-06,1.11E-06,1.11E-06,8.09E-07,8.09E-07,1.05E-06,1.05E-06,1.42E-06,1.42E-06,8.15E-07,8.15E-07,7.65E-07,7.65E-07,7.41E-07,7.41E-07,1.04E-06,1.04E-06,1.49E-05,1.49E-05,1.81E-06,1.81E-06,1.35E-06,1.35E-06,8.32E-07,8.32E-07,9.22E-07,9.22E-07,8.41E-07,8.41E-07,6.85E-07,6.85E-07,6.74E-07,6.74E-07,6.08E-07,6.08E-07,5.94E-07,5.94E-07,1.60E-05,1.60E-05,1.78E-06,1.78E-06,0.9584665,0.9584665,0.98733974,0.98733974,2.14E-05,2.14E-05,2.54E-06,2.54E-06,1.29E-06,1.29E-06,7.67E-07,7.67E-07,7.98E-07,7.98E-07,8.69E-07,8.69E-07,1.36E-05,1.36E-05,1.71E-06,1.71E-06,1.45E-06,1.45E-06,1.39E-06,1.39E-06,1.24E-06,1.24E-06,8.04E-07,8.04E-07,7.58E-07,7.58E-07,9.19E-07,9.19E-07,8.52E-07,8.52E-07,9.23E-07,9.23E-07,2.23E-05,2.23E-05,1.73E-06,1.73E-06,1.18E-06,1.18E-06,7.49E-07,7.49E-07,6.35E-07,6.35E-07,7.83E-07,7.83E-07,6.05E-07,6.05E-07,6.75E-07,6.75E-07,8.65E-07,8.65E-07,0.88723046,0.88723046,0.06805251,0.06805251,1.81E-05,1.81E-05,1.91E-06,1.91E-06,1.62E-06,1.62E-06,8.58E-07,8.58E-07,1.25E-06,1.25E-06,1.40E-06,1.40E-06,1.57E-06,1.57E-06,1.60E-06,1.60E-06,1.67E-06,1.67E-06,2.27E-05,2.27E-05,2.25E-06,2.25E-06,9.24E-07,9.24E-07,8.97E-07,8.97E-07,7.67E-07,7.67E-07,7.52E-07,7.52E-07,7.61E-07,7.61E-07,1.22E-06,1.22E-06,8.62E-07,8.62E-07,8.31E-07,8.31E-07,1.55E-05,1.55E-05,1.65E-06,1.65E-06,1.03E-06,1.03E-06,7.79E-07,7.79E-07,7.31E-07,7.31E-07,9.12E-07,9.12E-07,9.43E-07,9.43E-07,9.64E-07,9.64E-07,9.51E-07,9.51E-07,1.01E-06,1.01E-06,1.52E-05,1.52E-05,1.47E-06,1.47E-06,1.13E-06,1.13E-06,6.76E-07,6.76E-07,6.57E-07,6.57E-07,5.99E-07,5.99E-07,6.52E-07,6.52E-07,2.00E-05,2.00E-05,0.9256571,0.9256571,0.9564737,0.9564737,0.000457943,0.000457943,1.38E-05,1.38E-05,3.68E-06,3.68E-06,1.78E-06,1.78E-06,2.08E-06,2.08E-06,4.01E-06,4.01E-06,2.51E-06,2.51E-06,2.56E-06,2.56E-06,1.39E-06,1.39E-06,1.34E-06,1.34E-06,2.79E-05,2.79E-05,3.23E-06,3.23E-06,1.80E-06,1.80E-06,1.94E-06,1.94E-06,1.17E-06,1.17E-06,1.97E-06,1.97E-06,1
0.90937454,0.90937454,0.90937454,0.89929193,0.89929193,0.6858673,0.6858673,0.8573345,0.8573345,0.8325309,0.8325309,0.698204,0.698204,0.5601523,0.5601523,0.82463324,0.82463324,0.83521074,0.83521074,0.8950806,0.8950806,0.9484546,0.9484546,0.91661483,0.91661483,0.6959467,0.6959467,0.6959467,0.0615797,0.0615797,0.48047534,0.48047534,0.7469756,0.7469756,0.95859146,0.95859146,0.94876873,0.94876873,0.18618241,0.18618241,0.019922322,0.019922322,0.000267262,0.000267262,7.50E-05,7.50E-05,2.92E-05,2.92E-05,1.80E-05,1.80E-05,2.39E-05,2.39E-05,2.39E-05,1.92E-05,1.92E-05,1.17E-05,1.17E-05,9.78E-06,9.78E-06,6.54E-06,6.54E-06,0.000119813,0.000119813,2.18E-05,2.18E-05,1.20E-05,1.20E-05,1.01E-05,1.01E-05,8.36E-06,8.36E-06,9.64E-06,9.64E-06,1.37E-05,1.37E-05,8.33E-06,8.33E-06,8.33E-06,1.00E-05,1.00E-05,8.74E-06,8.74E-06,0.000112742,0.000112742,2.18E-05,2.18E-05,9.01E-06,9.01E-06,1.17E-05,1.17E-05,7.33E-06,7.33E-06,9.56E-06,9.56E-06,1.24E-05,1.24E-05,1.42E-05,1.42E-05,9.53E-06,9.53E-06,1.03E-05,1.03E-05,1.03E-05,0.000118358,0.000118358,1.41E-05,1.41E-05,1.29E-05,1.29E-05,1.26E-05,1.26E-05,1.33E-05,1.33E-05,1.73E-05,1.73E-05,1.72E-05,1.72E-05,1.21E-05,1.21E-05,6.03E-06,6.03E-06,5.21E-06,5.21E-06,8.47E-05,8.47E-05,1.05E-05,1.05E-05,1.05E-05,6.52E-06,6.52E-06,4.28E-06,4.28E-06,4.12E-06,4.12E-06,3.34E-06,3.34E-06,3.28E-06,3.28E-06,3.40E-06,3.40E-06,3.67E-06,3.67E-06,3.85E-06,3.85E-06,5.30E-05,5.30E-05,6.87E-06,6.87E-06,0.9454334,0.9454334,0.98424846,0.98424846,0.98424846,0.98041403,0.98041403,0.9335312,0.9335312,0.8289073,0.8289073,0.005065734,0.005065734,0.018287059,0.018287059,0.00345322,0.00345322,0.16900891,0.16900891,0.8076452,0.8076452,0.94902354,0.94902354,0.89407325,0.89407325,0.8506819,0.8506819,0.8054484,0.8054484,0.8054484,0.57759476,0.57759476,0.59484744,0.59484744,0.012957379,0.012957379,0.010765772,0.010765772,0.14982243,0.14982243,0.091259,0.091259,0.13222294,0.13222294,0.97947276,0.97947276,0.9757671,0.9757671,0.02636141,0.02636141,0.021520335,0.021520335,0.038256567,0.038256567,0.038256567,0.97677326,0.97677326,0.95120937,0.95120937,0.954069,0.954069,0.97064596,0.97064596,0.54395664,0.54395664,0.8894676,0.8894676,0.9413431,0.9413431,0.20716535,0.20716535,0.27326268,0.27326268,0.7631511,0.7631511,0.76615345,0.76615345,1
0.94220114,0.94220114,0.94220114,0.9533309,0.9533309,0.46180028,0.46180028,0.000178794,0.000178794,1.31E-05,1.31E-05,6.34E-06,6.34E-06,3.76E-06,3.76E-06,4.61E-06,4.61E-06,5.53E-06,5.53E-06,4.72E-06,4.72E-06,4.42E-06,4.42E-06,0.000109687,0.000109687,1.38E-05,1.38E-05,1.38E-05,7.96E-06,7.96E-06,9.20E-06,9.20E-06,7.97E-06,7.97E-06,4.95E-06,4.95E-06,6.29E-06,6.29E-06,7.05E-06,7.05E-06,9.27E-06,9.27E-06,7.11E-06,7.11E-06,0.000117397,0.000117397,1.30E-05,1.30E-05,9.86E-06,9.86E-06,8.45E-06,8.45E-06,8.45E-06,6.46E-06,6.46E-06,7.55E-06,7.55E-06,9.74E-06,9.74E-06,8.33E-06,8.33E-06,6.53E-06,6.53E-06,7.84E-06,7.84E-06,8.83E-05,8.83E-05,1.03E-05,1.03E-05,6.71E-06,6.71E-06,5.49E-06,5.49E-06,6.55E-06,6.55E-06,6.05E-06,6.05E-06,6.05E-06,7.22E-06,7.22E-06,5.72E-06,5.72E-06,5.38E-06,5.38E-06,6.53E-06,6.53E-06,6.31E-05,6.31E-05,6.64E-06,6.64E-06,5.77E-06,5.77E-06,7.22E-06,7.22E-06,9.25E-06,9.25E-06,1.21E-05,1.21E-05,7.77E-06,7.77E-06,6.70E-06,6.70E-06,6.70E-06,4.57E-06,4.57E-06,3.46E-06,3.46E-06,6.61E-05,6.61E-05,8.51E-06,8.51E-06,5.33E-06,5.33E-06,3.44E-06,3.44E-06,3.76E-06,3.76E-06,2.81E-06,2.81E-06,2.69E-06,2.69E-06,3.59E-06,3.59E-06,2.80E-06,2.80E-06,2.63E-06,2.63E-06,2.63E-06,4.32E-05,4.32E-05,4.22E-06,4.22E-06,3.70E-06,3.70E-06,2.44E-06,2.44E-06,3.35E-06,3.35E-06,3.30E-06,3.30E-06,3.61E-06,3.61E-06,3.12E-06,3.12E-06,4.10E-06,4.10E-06,3.21E-06,3.21E-06,3.62E-05,3.62E-05,4.66E-06,4.66E-06,4.66E-06,2.77E-06,2.77E-06,2.41E-06,2.41E-06,2.28E-06,2.28E-06,2.40E-06,2.40E-06,2.39E-06,2.39E-06,2.99E-06,2.99E-06,2.80E-06,2.80E-06,3.18E-06,3.18E-06,5.01E-05,5.01E-05,4.59E-06,4.59E-06,3.16E-06,3.16E-06,2.97E-06,2.97E-06,2.97E-06,6.57E-06,6.57E-06,1.12E-05,1.12E-05,8.42E-05,8.42E-05,2.92E-05,2.92E-05,1.28E-05,1.28E-05,2.86E-05,2.86E-05,0.000216671,0.000216671,2.16E-05,2.16E-05,1.10E-05,1.10E-05,1.20E-05,1.20E-05,9.88E-06,9.88E-06,2.69E-05,2.69E-05,2.69E-05,2.12E-05,2.12E-05,2.93E-05,2.93E-05,2.31E-05,2.31E-05,2.29E-05,2.29E-05,0.00033743,0.00033743,7.24E-05,7.24E-05,0.000169779,0.000169779,9.08E-05,9.08E-05,0.000166783,0.000166783,0.000181499,0.000181499,0.000262481,0.000262481,1
0.000380557,0.000380557,0.000380557,0.000548621,0.000548621,0.000752191,0.000752191,0.011498731,0.011498731,0.003299269,0.003299269,0.003918505,0.003918505,0.000542988,0.000542988,0.001055261,0.001055261,0.000790692,0.000790692,0.001194407,0.001194407,0.001322153,0.001322153,0.00072571,0.00072571,0.001020566,0.001020566,0.001020566,0.006447458,0.006447458,0.002424709,0.002424709,0.001632857,0.001632857,0.000718941,0.000718941,0.000781954,0.000781954,0.00076759,0.00076759,0.000643481,0.000643481,0.001079229,0.001079229,0.001129156,0.001129156,0.001498295,0.001498295,0.009763644,0.009763644,0.001881047,0.001881047,0.001881047,0.001242611,0.001242611,0.002195232,0.002195232,0.001796119,0.001796119,0.001161266,0.001161266,0.000908268,0.000908268,0.0020444,0.0020444,0.001065679,0.001065679,0.001379493,0.001379493,0.005240278,0.005240278,0.000960751,0.000960751,0.000647455,0.000647455,0.0014624,0.0014624,0.0014624,0.00073872,0.00073872,0.001206062,0.001206062,0.001734815,0.001734815,0.004573221,0.004573221,0.004949646,0.004949646,0.006129633,0.006129633,0.023899367,0.023899367,0.005751133,0.005751133,0.00826841,0.00826841,0.002629897,0.002629897,0.002510358,0.002510358,0.000979466,0.000979466,0.000979466,0.000623291,0.000623291,0.000629766,0.000629766,0.010389697,0.010389697,0.003724328,0.003724328,0.006389707,0.006389707,0.000215156,0.000215156,3.79E-05,3.79E-05,3.22E-05,3.22E-05,5.51E-05,5.51E-05,1.19E-05,1.19E-05,4.21E-06,4.21E-06,2.31E-06,2.31E-06,2.31E-06,1.97E-06,1.97E-06,2.82E-06,2.82E-06,6.09E-05,6.09E-05,9.19E-06,9.19E-06,5.94E-06,5.94E-06,6.67E-06,6.67E-06,6.04E-06,6.04E-06,5.63E-06,5.63E-06,4.27E-06,4.27E-06,5.50E-06,5.50E-06,4.17E-06,4.17E-06,3.87E-06,3.87E-06,3.87E-06,4.24E-05,4.24E-05,6.84E-06,6.84E-06,3.99E-06,3.99E-06,3.69E-06,3.69E-06,3.87E-06,3.87E-06,3.76E-06,3.76E-06,5.76E-06,5.76E-06,5.04E-06,5.04E-06,5.95E-06,5.95E-06,5.85E-06,5.85E-06,5.97E-05,5.97E-05,6.81E-06,6.81E-06,6.81E-06,4.63E-06,4.63E-06,4.26E-06,4.26E-06,5.20E-06,5.20E-06,4.70E-06,4.70E-06,6.14E-06,6.14E-06,5.22E-06,5.22E-06,4.19E-06,4.19E-06,2.59E-06,2.59E-06,3.22E-05,3.22E-05,3.12E-06,3.12E-06,1.93E-06,1.93E-06,1.70E-06,1.70E-06,1.70E-06,1.84E-06,1.84E-06,1.73E-06,1.73E-06,1.79E-06,1.79E-06,1.65E-06,1.65E-06,2.19E-06,2.19E-06,1.84E-06,1.84E-06,3.31E-05,3.31E-05,4.00E-06,4.00E-06,2.17E-06,2.17E-06,1.92E-06,1.92E-06,2.13E-06,2.13E-06,1
1.98E-06,1.98E-06,1.98E-06,1.99E-06,1.99E-06,2.58E-06,2.58E-06,2.18E-06,2.18E-06,2.15E-06,2.15E-06,4.78E-05,4.78E-05,4.31E-06,4.31E-06,3.96E-06,3.96E-06,2.81E-06,2.81E-06,4.29E-06,4.29E-06,3.14E-06,3.14E-06,3.01E-06,3.01E-06,3.12E-06,3.12E-06,3.12E-06,2.66E-06,2.66E-06,2.81E-06,2.81E-06,5.48E-05,5.48E-05,9.36E-06,9.36E-06,6.33E-06,6.33E-06,7.23E-06,7.23E-06,6.51E-06,6.51E-06,6.17E-06,6.17E-06,5.66E-06,5.66E-06,5.08E-06,5.08E-06,4.99E-06,4.99E-06,4.81E-06,4.81E-06,4.81E-06,5.04E-05,5.04E-05,6.92E-06,6.92E-06,4.11E-06,4.11E-06,3.99E-06,3.99E-06,3.86E-06,3.86E-06,4.67E-06,4.67E-06,4.44E-06,4.44E-06,4.31E-06,4.31E-06,5.49E-06,5.49E-06,5.28E-06,5.28E-06,6.95E-05,6.95E-05,8.32E-06,8.32E-06,8.32E-06,9.52E-06,9.52E-06,0.90427554,0.90427554,0.98531204,0.98531204,0.9814239,0.9814239,0.9853324,0.9853324,0.95037806,0.95037806,0.003659147,0.003659147,4.90E-05,4.90E-05,0.000783722,0.000783722,0.00048719,0.00048719,0.37092105,0.37092105,0.8486826,0.8486826,0.8486826,0.72208756,0.72208756,0.9209183,0.9209183,0.000164813,0.000164813,4.91E-06,4.91E-06,1.97E-06,1.97E-06,1.64E-06,1.64E-06,7.38E-05,7.38E-05,7.46E-06,7.46E-06,4.72E-06,4.72E-06,3.50E-06,3.50E-06,4.37E-06,4.37E-06,4.64E-06,4.64E-06,4.64E-06,4.22E-06,4.22E-06,3.80E-06,3.80E-06,3.89E-06,3.89E-06,4.46E-06,4.46E-06,4.10E-05,4.10E-05,4.59E-06,4.59E-06,3.24E-06,3.24E-06,3.54E-06,3.54E-06,4.16E-06,4.16E-06,4.24E-06,4.24E-06,4.63E-06,4.63E-06,5.35E-06,5.35E-06,5.35E-06,5.12E-06,5.12E-06,9.70E-06,9.70E-06,7.37E-05,7.37E-05,1.22E-05,1.22E-05,9.24E-06,9.24E-06,9.57E-06,9.57E-06,1.35E-05,1.35E-05,1.22E-05,1.22E-05,1.39E-05,1.39E-05,1.11E-05,1.11E-05,1.25E-05,1.25E-05,1.46E-05,1.46E-05,1.46E-05,0.000143288,0.000143288,1.62E-05,1.62E-05,1.43E-05,1.43E-05,1.16E-05,1.16E-05,1.62E-05,1.62E-05,1.78E-05,1.78E-05,1.40E-05,1.40E-05,1.56E-05,1.56E-05,2.03E-05,2.03E-05,1.59E-05,1.59E-05,0.000195738,0.000195738,1.81E-05,1.81E-05,1.81E-05,7.36E-06,7.36E-06,7.08E-06,7.08E-06,1.00E-05,1.00E-05,8.84E-06,8.84E-06,7.52E-06,7.52E-06,7.17E-06,7.17E-06,6.92E-06,6.92E-06,6.33E-06,6.33E-06,4.64E-05,4.64E-05,8.53E-06,8.53E-06,2.92E-06,2.92E-06,1
3.03E-06,3.03E-06,3.03E-06,3.30E-06,3.30E-06,5.07E-06,5.07E-06,5.33E-06,5.33E-06,3.15E-06,3.15E-06,3.69E-06,3.69E-06,3.66E-06,3.66E-06,6.27E-05,6.27E-05,8.99E-06,8.99E-06,7.29E-06,7.29E-06,8.82E-06,8.82E-06,1.13E-05,1.13E-05,0.000183302,0.000183302,0.000183302,7.98E-05,7.98E-05,4.05E-05,4.05E-05,7.00E-06,7.00E-06,3.76E-06,3.76E-06,5.56E-05,5.56E-05,5.61E-06,5.61E-06,2.44E-06,2.44E-06,2.03E-06,2.03E-06,2.34E-06,2.34E-06,2.42E-06,2.42E-06,3.39E-06,3.39E-06,4.33E-06,4.33E-06,4.33E-06,4.65E-06,4.65E-06,3.97E-06,3.97E-06,5.13E-05,5.13E-05,3.63E-06,3.63E-06,1.98E-06,1.98E-06,2.17E-06,2.17E-06,2.95E-06,2.95E-06,3.04E-06,3.04E-06,3.55E-06,3.55E-06,4.07E-06,4.07E-06,3.92E-06,3.92E-06,4.16E-06,4.16E-06,4.16E-06,6.21E-05,6.21E-05,7.26E-06,7.26E-06,5.28E-06,5.28E-06,2.72E-05,2.72E-05,0.90901875,0.90901875,0.95395803,0.95395803,0.9932029,0.9932029,0.98936135,0.98936135,0.4493609,0.4493609,0.002132047,0.002132047,0.000661616,0.000661616,5.77E-05,5.77E-05,5.77E-05,2.14E-05,2.14E-05,1.76E-05,1.76E-05,9.19E-06,9.19E-06,6.15E-06,6.15E-06,7.83E-06,7.83E-06,1.14E-05,1.14E-05,6.50E-06,6.50E-06,7.02E-06,7.02E-06,7.61E-05,7.61E-05,9.04E-06,9.04E-06,5.14E-06,5.14E-06,5.05E-06,5.05E-06,5.05E-06,8.15E-06,8.15E-06,7.67E-06,7.67E-06,6.16E-06,6.16E-06,6.24E-06,6.24E-06,6.86E-06,6.86E-06,6.43E-06,6.43E-06,0.000102387,0.000102387,1.31E-05,1.31E-05,9.04E-06,9.04E-06,9.32E-06,9.32E-06,7.19E-06,7.19E-06,6.87E-06,6.87E-06,6.87E-06,4.58E-06,4.58E-06,3.34E-06,3.34E-06,2.70E-06,2.70E-06,3.49E-06,3.49E-06,4.92E-05,4.92E-05,5.69E-06,5.69E-06,3.47E-06,3.47E-06,3.01E-06,3.01E-06,2.21E-06,2.21E-06,2.20E-06,2.20E-06,2.47E-06,2.47E-06,3.04E-06,3.04E-06,3.04E-06,2.99E-06,2.99E-06,3.05E-06,3.05E-06,7.74E-05,7.74E-05,7.29E-06,7.29E-06,3.88E-06,3.88E-06,3.48E-06,3.48E-06,3.06E-06,3.06E-06,3.10E-06,3.10E-06,3.81E-06,3.81E-06,4.60E-06,4.60E-06,3.83E-06,3.83E-06,5.23E-06,5.23E-06,5.23E-06,6.72E-05,6.72E-05,7.81E-06,7.81E-06,4.40E-06,4.40E-06,3.58E-06,3.58E-06,4.54E-06,4.54E-06,3.16E-06,3.16E-06,2.98E-06,2.98E-06,4.29E-06,4.29E-06,4.48E-06,4.48E-06,6.14E-06,6.14E-06,4.44E-05,4.44E-05,1
7.74E-06,7.74E-06,7.74E-06,5.14E-06,5.14E-06,3.91E-06,3.91E-06,3.76E-06,3.76E-06,4.44E-06,4.44E-06,3.54E-06,3.54E-06,3.56E-06,3.56E-06,3.45E-06,3.45E-06,3.62E-06,3.62E-06,5.30E-05,5.30E-05,6.62E-06,6.62E-06,5.21E-06,5.21E-06,4.35E-06,4.35E-06,4.35E-06,4.63E-06,4.63E-06,4.06E-06,4.06E-06,4.07E-06,4.07E-06,5.13E-06,5.13E-06,4.00E-06,4.00E-06,4.40E-06,4.40E-06,4.69E-05,4.69E-05,5.95E-06,5.95E-06,4.51E-06,4.51E-06,3.56E-06,3.56E-06,3.87E-06,3.87E-06,3.86E-06,3.86E-06,3.86E-06,4.12E-06,4.12E-06,3.55E-06,3.55E-06,3.63E-06,3.63E-06,5.08E-06,5.08E-06,7.14E-05,7.14E-05,1.07E-05,1.07E-05,7.87E-06,7.87E-06,1.01E-05,1.01E-05,6.33E-06,6.33E-06,5.52E-06,5.52E-06,6.17E-06,6.17E-06,6.24E-06,6.24E-06,6.24E-06,1.02E-05,1.02E-05,6.79E-06,6.79E-06,6.00E-05,6.00E-05,6.52E-06,6.52E-06,3.69E-06,3.69E-06,4.52E-06,4.52E-06,3.30E-06,3.30E-06,3.38E-06,3.38E-06,4.22E-06,4.22E-06,2.99E-06,2.99E-06,5.71E-06,5.71E-06,0.002250057,0.002250057,0.002250057,0.9558285,0.9558285,0.53584486,0.53584486,0.000103348,0.000103348,5.16E-06,5.16E-06,4.65E-06,4.65E-06,4.14E-06,4.14E-06,4.23E-06,4.23E-06,7.15E-06,7.15E-06,6.18E-06,6.18E-06,1.11E-05,1.11E-05,0.000129539,0.000129539,1.45E-05,1.45E-05,1.45E-05,6.84E-06,6.84E-06,7.22E-06,7.22E-06,1.31E-05,1.31E-05,1.68E-05,1.68E-05,1.35E-05,1.35E-05,1.31E-05,1.31E-05,1.39E-05,1.39E-05,1.52E-05,1.52E-05,9.98E-05,9.98E-05,1.52E-05,1.52E-05,7.13E-06,7.13E-06,6.53E-06,6.53E-06,6.53E-06,7.15E-06,7.15E-06,8.32E-06,8.32E-06,1.02E-05,1.02E-05,8.21E-06,8.21E-06,1.07E-05,1.07E-05,1.09E-05,1.09E-05,9.79E-05,9.79E-05,7.73E-06,7.73E-06,6.38E-06,6.38E-06,3.89E-06,3.89E-06,4.54E-06,4.54E-06,6.26E-06,6.26E-06,6.26E-06,1.62E-05,1.62E-05,1.41E-05,1.41E-05,9.09E-06,9.09E-06,1.32E-05,1.32E-05,0.000198509,0.000198509,2.16E-05,2.16E-05,7.41E-06,7.41E-06,8.75E-06,8.75E-06,7.50E-06,7.50E-06,9.83E-06,9.83E-06,9.40E-06,9.40E-06,8.98E-06,8.98E-06,8.98E-06,1.53E-05,1.53E-05,1.08E-05,1.08E-05,0.000188395,0.000188395,1.75E-05,1.75E-05,1.27E-05,1.27E-05,1.10E-05,1.10E-05,8.05E-06,8.05E-06,8.15E-06,8.15E-06,7.02E-06,7.02E-06,5.91E-06,5.91E-06,5.63E-06,5.63E-06,1
3.67E-06,3.67E-06,3.67E-06,0.000112481,0.000112481,1.23E-05,1.23E-05,7.83E-06,7.83E-06,6.92E-06,6.92E-06,4.94E-06,4.94E-06,4.61E-06,4.61E-06,4.24E-06,4.24E-06,4.66E-06,4.66E-06,5.70E-06,5.70E-06,5.02E-06,5.02E-06,7.71E-05,7.71E-05,1.07E-05,1.07E-05,1.07E-05,4.57E-06,4.57E-06,2.84E-06,2.84E-06,3.98E-06,3.98E-06,3.27E-06,3.27E-06,3.45E-06,3.45E-06,2.49E-06,2.49E-06,2.88E-06,2.88E-06,3.70E-06,3.70E-06,4.20E-05,4.20E-05,4.80E-06,4.80E-06,2.87E-06,2.87E-06,3.30E-06,3.30E-06,3.30E-06,4.02E-06,4.02E-06,3.38E-06,3.38E-06,4.36E-06,4.36E-06,2.56E-06,2.56E-06,2.83E-06,2.83E-06,6.10E-06,6.10E-06,5.32E-05,5.32E-05,8.20E-06,8.20E-06,3.97E-06,3.97E-06,3.53E-06,3.53E-06,3.71E-06,3.71E-06,3.90E-06,3.90E-06,3.90E-06,4.83E-06,4.83E-06,4.99E-06,4.99E-06,2.56E-05,2.56E-05,0.9924247,0.9924247,0.9622307,0.9622307,0.97723216,0.97723216,0.9767427,0.9767427,0.93463206,0.93463206,0.5185567,0.5185567,0.009728513,0.009728513,0.000535877,0.000535877,0.000157157,0.000157157,0.000157157,0.000305725,0.000305725,0.000140663,0.000140663,0.012622881,0.012622881,0.06509066,0.06509066,0.002870449,0.002870449,0.81627077,0.81627077,0.8070112,0.8070112,0.54668176,0.54668176,0.9080862,0.9080862,0.96680856,0.96680856,0.6017637,0.6017637,6.89E-05,6.89E-05,6.89E-05,0.000421111,0.000421111,2.11E-05,2.11E-05,2.04E-05,2.04E-05,7.09E-06,7.09E-06,5.91E-06,5.91E-06,6.61E-06,6.61E-06,3.69E-06,3.69E-06,2.45E-06,2.45E-06,2.49E-06,2.49E-06,2.67E-06,2.67E-06,6.47E-05,6.47E-05,1.02E-05,1.02E-05,1.02E-05,5.50E-06,5.50E-06,3.17E-06,3.17E-06,5.54E-06,5.54E-06,4.65E-06,4.65E-06,5.56E-06,5.56E-06,4.80E-06,4.80E-06,4.48E-06,4.48E-06,5.18E-06,5.18E-06,5.81E-05,5.81E-05,7.34E-06,7.34E-06,3.60E-06,3.60E-06,3.60E-06,3.60E-06,3.60E-06,3.52E-06,3.52E-06,5.48E-06,5.48E-06,2.22E-05,2.22E-05,1.53E-05,1.53E-05,1.65E-05,1.65E-05,8.70E-06,8.70E-06,9.91E-05,9.91E-05,1.07E-05,1.07E-05,0.000624116,0.000624116,0.98951286,0.98951286,0.9907822,0.9907822,0.016272943,0.016272943,0.016272943,1.76E-05,1.76E-05,4.62E-06,4.62E-06,4.42E-06,4.42E-06,2.89E-06,2.89E-06,4.80E-05,4.80E-05,5.37E-06,5.37E-06,4.26E-06,4.26E-06,2.38E-06,2.38E-06,2.05E-06,2.05E-06,3.05E-06,3.05E-06,1.79E-06,1.79E-06,1
2.86E-06,2.86E-06,2.86E-06,2.21E-06,2.21E-06,2.88E-06,2.88E-06,5.22E-05,5.22E-05,5.83E-06,5.83E-06,3.61E-06,3.61E-06,2.58E-06,2.58E-06,2.60E-06,2.60E-06,2.85E-06,2.85E-06,2.37E-06,2.37E-06,3.37E-06,3.37E-06,3.96E-06,3.96E-06,4.01E-06,4.01E-06,4.01E-06,7.67E-05,7.67E-05,1.20E-05,1.20E-05,5.35E-06,5.35E-06,6.15E-06,6.15E-06,5.04E-06,5.04E-06,4.63E-06,4.63E-06,4.42E-06,4.42E-06,3.54E-06,3.54E-06,4.33E-06,4.33E-06,0.000810377,0.000810377,0.9046104,0.9046104,0.9261338,0.9261338,0.9261338,0.8582459,0.8582459,0.002396859,0.002396859,0.000241242,0.000241242,8.72E-05,8.72E-05,4.71E-06,4.71E-06,5.87E-06,5.87E-06,1.27E-05,1.27E-05,0.018008314,0.018008314,0.7034118,0.7034118,0.95073533,0.95073533,0.8746516,0.8746516,0.005994707,0.005994707,0.005994707,8.56E-06,8.56E-06,1.47E-06,1.47E-06,1.10E-06,1.10E-06,1.15E-06,1.15E-06,1.48E-06,1.48E-06,1.70E-06,1.70E-06,5.46E-05,5.46E-05,5.48E-06,5.48E-06,4.64E-06,4.64E-06,4.35E-06,4.35E-06,3.44E-06,3.44E-06,3.48E-06,3.48E-06,3.48E-06,4.18E-06,4.18E-06,4.26E-06,4.26E-06,4.11E-06,4.11E-06,4.78E-06,4.78E-06,6.61E-05,6.61E-05,5.90E-06,5.90E-06,3.91E-06,3.91E-06,4.40E-06,4.40E-06,3.10E-06,3.10E-06,3.14E-06,3.14E-06,4.09E-06,4.09E-06,3.71E-06,3.71E-06,3.71E-06,3.01E-06,3.01E-06,2.68E-06,2.68E-06,5.01E-05,5.01E-05,5.86E-06,5.86E-06,3.93E-06,3.93E-06,3.29E-06,3.29E-06,3.76E-06,3.76E-06,3.10E-06,3.10E-06,3.93E-06,3.93E-06,4.05E-06,4.05E-06,4.12E-06,4.12E-06,5.45E-06,5.45E-06,5.45E-06,4.64E-05,4.64E-05,5.12E-06,5.12E-06,2.91E-06,2.91E-06,2.75E-06,2.75E-06,2.35E-06,2.35E-06,2.50E-06,2.50E-06,2.40E-06,2.40E-06,2.36E-06,2.36E-06,2.39E-06,2.39E-06,2.53E-06,2.53E-06,3.98E-05,3.98E-05,3.53E-06,3.53E-06,3.53E-06,1.92E-06,1.92E-06,2.30E-06,2.30E-06,2.20E-06,2.20E-06,2.26E-06,2.26E-06,2.03E-06,2.03E-06,2.38E-06,2.38E-06,2.29E-06,2.29E-06,1.92E-06,1.92E-06,3.38E-05,3.38E-05,4.62E-06,4.62E-06,3.37E-06,3.37E-06,3.32E-05,3.32E-05,3.32E-05,0.008296685,0.008296685,0.000221634,0.000221634,5.50E-05,5.50E-05,2.78E-05,2.78E-05,8.02E-06,8.02E-06,5.78E-06,5.78E-06,8.84E-05,8.84E-05,1.08E-05,1.08E-05,5.54E-06,5.54E-06,1.21E-05,1.21E-05,9.10E-06,9.10E-06,1
1.12E-05,1.12E-05,1.12E-05,2.94E-05,2.94E-05,2.32E-05,2.32E-05,4.34E-05,4.34E-05,1.48E-05,1.48E-05,0.000302958,0.000302958,2.62E-05,2.62E-05,2.01E-05,2.01E-05,2.09E-05,2.09E-05,1.05E-05,1.05E-05,9.54E-06,9.54E-06,9.42E-06,9.42E-06,1.09E-05,1.09E-05,1.09E-05,6.68E-06,6.68E-06,6.12E-06,6.12E-06,9.73E-05,9.73E-05,1.05E-05,1.05E-05,6.51E-06,6.51E-06,5.13E-06,5.13E-06,4.71E-06,4.71E-06,1.40E-05,1.40E-05,1.08E-05,1.08E-05,1.22E-05,1.22E-05,1.25E-05,1.25E-05,1.04E-05,1.04E-05,1.04E-05,0.0001247,0.0001247,1.69E-05,1.69E-05,9.97E-06,9.97E-06,9.78E-06,9.78E-06,1.07E-05,1.07E-05,9.10E-06,9.10E-06,1.60E-05,1.60E-05,1.16E-05,1.16E-05,1.04E-05,1.04E-05,1.01E-05,1.01E-05,0.000131182,0.000131182,1.69E-05,1.69E-05,1.69E-05,1.35E-05,1.35E-05,1.15E-05,1.15E-05,1.10E-05,1.10E-05,8.73E-06,8.73E-06,8.45E-06,8.45E-06,8.75E-06,8.75E-06,7.28E-06,7.28E-06,5.99E-06,5.99E-06,7.60E-05,7.60E-05,1.13E-05,1.13E-05,6.48E-06,6.48E-06,4.70E-06,4.70E-06,4.70E-06,5.71E-06,5.71E-06,4.85E-06,4.85E-06,4.79E-06,4.79E-06,5.13E-06,5.13E-06,5.34E-06,5.34E-06,4.09E-06,4.09E-06,7.35E-05,7.35E-05,1.28E-05,1.28E-05,7.43E-06,7.43E-06,7.38E-06,7.38E-06,7.33E-06,7.33E-06,5.16E-06,5.16E-06,5.16E-06,4.00E-06,4.00E-06,4.43E-06,4.43E-06,4.12E-06,4.12E-06,4.46E-06,4.46E-06,8.85E-05,8.85E-05,1.29E-05,1.29E-05,8.04E-06,8.04E-06,5.80E-06,5.80E-06,5.67E-06,5.67E-06,7.82E-06,7.82E-06,6.30E-06,6.30E-06,4.58E-06,4.58E-06,4.58E-06,4.60E-06,4.60E-06,4.13E-06,4.13E-06,7.20E-05,7.20E-05,1.03E-05,1.03E-05,6.84E-06,6.84E-06,6.42E-06,6.42E-06,5.75E-06,5.75E-06,5.65E-06,5.65E-06,6.42E-06,6.42E-06,5.52E-06,5.52E-06,5.91E-06,5.91E-06,5.27E-06,5.27E-06,5.27E-06,7.85E-05,7.85E-05,8.23E-06,8.23E-06,6.23E-06,6.23E-06,6.27E-06,6.27E-06,3.31E-06,3.31E-06,3.08E-06,3.08E-06,3.03E-06,3.03E-06,2.85E-06,2.85E-06,3.45E-06,3.45E-06,2.91E-06,2.91E-06,7.13E-05,7.13E-05,8.13E-06,8.13E-06,8.13E-06,4.25E-06,4.25E-06,3.24E-06,3.24E-06,2.70E-06,2.70E-06,4.29E-06,4.29E-06,5.58E-06,5.58E-06,5.33E-06,5.33E-06,5.28E-06,5.28E-06,5.97E-06,5.97E-06,6.50E-05,6.50E-05,5.95E-06,5.95E-06,3.70E-06,3.70E-06,1
3.77E-06,3.77E-06,3.77E-06,3.72E-06,3.72E-06,4.25E-06,4.25E-06,4.26E-06,4.26E-06,4.31E-06,4.31E-06,3.95E-06,3.95E-06,3.73E-06,3.73E-06,5.84E-05,5.84E-05,5.87E-06,5.87E-06,4.02E-06,4.02E-06,3.94E-06,3.94E-06,4.82E-06,4.82E-06,4.03E-06,4.03E-06,4.03E-06,3.62E-06,3.62E-06,3.62E-06,3.62E-06,3.85E-06,3.85E-06,3.32E-06,3.32E-06,4.10E-05,4.10E-05,4.16E-06,4.16E-06,2.97E-06,2.97E-06,2.68E-06,2.68E-06,2.63E-06,2.63E-06,3.03E-06,3.03E-06,3.10E-06,3.10E-06,3.24E-06,3.24E-06,3.24E-06,3.02E-06,3.02E-06,3.46E-06,3.46E-06,5.95E-05,5.95E-05,5.45E-06,5.45E-06,2.75E-06,2.75E-06,2.70E-06,2.70E-06,2.56E-06,2.56E-06,3.18E-06,3.18E-06,3.22E-06,3.22E-06,3.83E-06,3.83E-06,3.20E-06,3.20E-06,3.57E-06,3.57E-06,3.57E-06,4.75E-05,4.75E-05,1.02E-05,1.02E-05,0.007478712,0.007478712,0.003233115,0.003233115,7.19E-05,7.19E-05,2.56E-05,2.56E-05,1.17E-05,1.17E-05,0.027466679,0.027466679,0.9906854,0.9906854,0.89039403,0.89039403,0.6013135,0.6013135,0.000497859,0.000497859,0.000497859,1.19E-05,1.19E-05,7.23E-06,7.23E-06,4.76E-06,4.76E-06,3.50E-06,3.50E-06,4.51E-06,4.51E-06,4.97E-06,4.97E-06,3.74E-06,3.74E-06,3.15E-06,3.15E-06,0.000104724,0.000104724,1.02E-05,1.02E-05,1.12E-05,1.12E-05,1.06E-05,1.06E-05,1.06E-05,1.69E-05,1.69E-05,6.56E-06,6.56E-06,6.28E-06,6.28E-06,1.09E-05,1.09E-05,1.19E-05,1.19E-05,1.72E-05,1.72E-05,0.000172544,0.000172544,3.41E-05,3.41E-05,2.57E-05,2.57E-05,1.63E-05,1.63E-05,8.39E-06,8.39E-06,9.03E-06,9.03E-06,9.03E-06,8.26E-06,8.26E-06,9.30E-06,9.30E-06,8.91E-06,8.91E-06,1.30E-05,1.30E-05,6.69E-05,6.69E-05,9.34E-06,9.34E-06,8.62E-06,8.62E-06,7.65E-06,7.65E-06,8.15E-06,8.15E-06,7.15E-06,7.15E-06,7.83E-06,7.83E-06,7.69E-06,7.69E-06,7.69E-06,8.32E-06,8.32E-06,7.43E-06,7.43E-06,8.20E-05,8.20E-05,7.35E-06,7.35E-06,5.14E-06,5.14E-06,4.94E-06,4.94E-06,4.22E-06,4.22E-06,4.47E-06,4.47E-06,5.02E-06,5.02E-06,4.58E-06,4.58E-06,5.58E-06,5.58E-06,5.47E-06,5.47E-06,5.47E-06,5.25E-05,5.25E-05,8.09E-06,8.09E-06,4.62E-06,4.62E-06,5.19E-06,5.19E-06,4.65E-06,4.65E-06,4.48E-06,4.48E-06,6.19E-06,6.19E-06,7.84E-05,7.84E-05,0.000490768,0.000490768,0.000249663,0.000249663,0.000551495,0.000551495,1
5.68E-05,5.68E-05,5.68E-05,1.50E-05,1.50E-05,5.96E-06,5.96E-06,5.34E-06,5.34E-06,9.03E-06,9.03E-06,0.7883882,0.7883882,0.95024943,0.95024943,0.8705522,0.8705522,0.001235969,0.001235969,0.000228628,0.000228628,1.32E-05,1.32E-05,6.59E-06,6.59E-06,3.95E-06,3.95E-06,3.95E-06,3.46E-06,3.46E-06,6.04E-06,6.04E-06,4.04E-06,4.04E-06,5.65E-06,5.65E-06,2.86E-06,2.86E-06,2.83E-06,2.83E-06,6.48E-05,6.48E-05,8.98E-06,8.98E-06,5.82E-06,5.82E-06,7.28E-06,7.28E-06,4.82E-06,4.82E-06,5.61E-06,5.61E-06,5.61E-06,7.86E-06,7.86E-06,1.07E-05,1.07E-05,7.04E-06,7.04E-06,4.18E-06,4.18E-06,7.35E-05,7.35E-05,8.20E-06,8.20E-06,7.12E-06,7.12E-06,3.66E-06,3.66E-06,5.62E-06,5.62E-06,7.52E-06,7.52E-06,6.54E-06,6.54E-06,6.05E-06,6.05E-06,6.05E-06,6.64E-06,6.64E-06,5.41E-06,5.41E-06,6.53E-05,6.53E-05,6.49E-06,6.49E-06,4.24E-06,4.24E-06,6.28E-06,6.28E-06,4.96E-06,4.96E-06,4.19E-06,4.19E-06,4.25E-06,4.25E-06,6.19E-06,6.19E-06,5.54E-06,5.54E-06,6.45E-06,6.45E-06,6.45E-06,6.85E-05,6.85E-05,8.35E-06,8.35E-06,4.03E-06,4.03E-06,4.74E-06,4.74E-06,4.40E-06,4.40E-06,4.14E-06,4.14E-06,3.57E-06,3.57E-06,3.85E-06,3.85E-06,4.93E-06,4.93E-06,4.20E-06,4.20E-06,7.13E-05,7.13E-05,9.90E-06,9.90E-06,9.90E-06,4.29E-06,4.29E-06,3.59E-06,3.59E-06,3.72E-06,3.72E-06,3.63E-06,3.63E-06,2.87E-06,2.87E-06,3.07E-06,3.07E-06,2.78E-06,2.78E-06,3.12E-06,3.12E-06,3.70E-05,3.70E-05,5.62E-06,5.62E-06,3.54E-06,3.54E-06,2.69E-06,2.69E-06,2.69E-06,3.08E-06,3.08E-06,2.38E-06,2.38E-06,4.43E-06,4.43E-06,3.20E-06,3.20E-06,3.39E-06,3.39E-06,4.20E-06,4.20E-06,6.60E-05,6.60E-05,4.93E-06,4.93E-06,4.26E-06,4.26E-06,4.28E-06,4.28E-06,5.92E-06,5.92E-06,4.66E-06,4.66E-06,4.66E-06,3.90E-06,3.90E-06,1.05E-05,1.05E-05,5.83E-06,5.83E-06,6.10E-06,6.10E-06,6.27E-05,6.27E-05,0.00267494,0.00267494,0.041802138,0.041802138,0.006145255,0.006145255,0.000587009,0.000587009,4.06E-05,4.06E-05,1.04E-05,1.04E-05,2.13E-05,2.13E-05,2.13E-05,0.9125849,0.9125849,0.86582977,0.86582977,0.9402337,0.9402337,0.000595093,0.000595093,7.24E-06,7.24E-06,2.95E-06,2.95E-06,2.23E-06,2.23E-06,1.42E-06,1.42E-06,2.60E-06,2.60E-06,3.19E-06,3.19E-06,3.19E-06,3.19E-06,1
2.89E-06,2.89E-06,2.89E-06,4.71E-05,4.71E-05,4.42E-06,4.42E-06,3.09E-06,3.09E-06,3.53E-06,3.53E-06,2.77E-06,2.77E-06,3.33E-06,3.33E-06,2.84E-06,2.84E-06,4.40E-06,4.40E-06,4.03E-06,4.03E-06,3.82E-06,3.82E-06,6.02E-05,6.02E-05,8.39E-06,8.39E-06,8.39E-06,7.00E-06,7.00E-06,4.67E-06,4.67E-06,4.60E-06,4.60E-06,4.40E-06,4.40E-06,3.79E-06,3.79E-06,4.12E-06,4.12E-06,6.42E-06,6.42E-06,5.41E-06,5.41E-06,6.19E-05,6.19E-05,9.87E-06,9.87E-06,4.89E-06,4.89E-06,4.15E-06,4.15E-06,4.15E-06,4.34E-06,4.34E-06,4.16E-06,4.16E-06,3.24E-06,3.24E-06,3.85E-06,3.85E-06,3.62E-06,3.62E-06,4.71E-06,4.71E-06,5.38E-05,5.38E-05,4.78E-06,4.78E-06,3.76E-06,3.76E-06,3.00E-06,3.00E-06,2.83E-06,2.83E-06,3.19E-06,3.19E-06,3.19E-06,3.43E-06,3.43E-06,3.82E-06,3.82E-06,2.65E-06,2.65E-06,4.17E-06,4.17E-06,5.69E-05,5.69E-05,5.83E-06,5.83E-06,3.37E-06,3.37E-06,3.24E-06,3.24E-06,3.27E-06,3.27E-06,2.92E-06,2.92E-06,2.50E-06,2.50E-06,1.73E-06,1.73E-06,1.73E-06,1.67E-06,1.67E-06,1.92E-06,1.92E-06,4.87E-05,4.87E-05,3.71E-06,3.71E-06,2.89E-06,2.89E-06,2.37E-06,2.37E-06,1.97E-06,1.97E-06,2.83E-06,2.83E-06,2.47E-06,2.47E-06,4.19E-06,4.19E-06,2.86E-06,2.86E-06,2.59E-06,2.59E-06,2.59E-06,3.74E-05,3.74E-05,2.90E-06,2.90E-06,1.88E-06,1.88E-06,1.31E-06,1.31E-06,9.79E-07,9.79E-07,1.03E-06,1.03E-06,9.78E-07,9.78E-07,1.13E-06,1.13E-06,1.04E-06,1.04E-06,1.04E-06,1.04E-06,2.98E-05,2.98E-05,2.61E-06,2.61E-06,2.61E-06,1.55E-06,1.55E-06,1.25E-06,1.25E-06,1.36E-06,1.36E-06,1.20E-06,1.20E-06,1.18E-06,1.18E-06,9.80E-07,9.80E-07,1.48E-06,1.48E-06,1.24E-06,1.24E-06,3.12E-05,3.12E-05,3.46E-06,3.46E-06,2.13E-06,2.13E-06,1.78E-06,1.78E-06,1.78E-06,2.55E-06,2.55E-06,2.46E-06,2.46E-06,1.97E-06,1.97E-06,2.36E-06,2.36E-06,2.20E-06,2.20E-06,2.30E-06,2.30E-06,4.12E-05,4.12E-05,3.62E-06,3.62E-06,2.03E-06,2.03E-06,1.89E-06,1.89E-06,4.19E-06,4.19E-06,4.55E-06,4.55E-06,4.55E-06,4.43E-06,4.43E-06,5.23E-06,5.23E-06,5.08E-06,5.08E-06,3.65E-06,3.65E-06,4.51E-05,4.51E-05,4.76E-06,4.76E-06,4.18E-06,4.18E-06,6.01E-06,6.01E-06,3.91E-06,3.91E-06,3.95E-06,3.95E-06,5.51E-06,5.51E-06,1
5.80E-06,5.80E-06,2.36E-06,2.36E-06,5.27E-06,5.27E-06,4.64E-06,4.64E-06,1.88E-06,1.88E-06,2.67E-06,2.67E-06,5.08E-06,5.08E-06,3.33E-06,3.33E-06,3.12E-06,3.12E-06,3.58E-05,3.58E-05,4.58E-06,4.58E-06,3.77E-06,3.77E-06,2.12E-06,2.12E-06,1.70E-06,1.70E-06,2.00E-06,2.00E-06,2.33E-05,2.33E-05,0.000549866,0.000549866,0.00010204,0.00010204,3.79E-05,3.79E-05,0.010641451,0.010641451,0.003814677,0.003814677,4.49E-05,4.49E-05,0.001013271,0.001013271,0.000425447,0.000425447,0.00016776,0.00016776,0.000844704,0.000844704,1.75E-05,1.75E-05,8.60E-06,8.60E-06,7.58E-06,7.58E-06,0.000317656,0.000317656,7.05E-05,7.05E-05,5.32E-05,5.32E-05,2.05E-05,2.05E-05,4.76E-06,4.76E-06,3.73E-06,3.73E-06,3.20E-06,3.20E-06,4.47E-06,4.47E-06,4.21E-06,4.21E-06,0.99866736,0.99866736,0.99702924,0.99702924,0.9127231,0.9127231,0.25143683,0.25143683,3.24E-05,3.24E-05,3.51E-06,3.51E-06,2.41E-06,2.41E-06,1.11E-06,1.11E-06,1.84E-06,1.84E-06,2.88E-06,2.88E-06,1.84E-06,1.84E-06,9.01E-05,9.01E-05,6.46E-06,6.46E-06,3.67E-06,3.67E-06,2.95E-06,2.95E-06,2.92E-06,2.92E-06,0.9446382,0.9446382,0.1560807,0.1560807,0.09831279,0.09831279,0.000258216,0.000258216,0.000179913,0.000179913,0.001484849,0.001484849,5.74E-05,5.74E-05,0.000124518,0.000124518,7.48E-05,7.48E-05,1.41E-05,1.41E-05,1.33E-05,1.33E-05,1.35E-05,1.35E-05,8.39E-06,8.39E-06,7.82E-06,7.82E-06,3.47E-05,3.47E-05,0.000269021,0.000269021,1.11E-05,1.11E-05,5.19E-06,5.19E-06,2.79E-06,2.79E-06,5.39E-06,5.39E-06,3.93E-06,3.93E-06,6.42E-06,6.42E-06,6.28E-06,6.28E-06,4.91E-06,4.91E-06,0.90581775,0.90581775,0.7462486,0.7462486,0.02785781,0.02785781,7.05E-06,7.05E-06,7.85E-06,7.85E-06,5.30E-06,5.30E-06,2.88E-06,2.88E-06,5.34E-06,5.34E-06,2.86E-06,2.86E-06,7.23E-06,7.23E-06,8.02E-06,8.02E-06,0.00012667,0.00012667,1.29E-05,1.29E-05,5.57E-06,5.57E-06,3.27E-06,3.27E-06,8.59E-06,8.59E-06,8.16E-06,8.16E-06,1.60E-05,1.60E-05,0.9986241,0.9986241,0.9980337,0.9980337,0.2409447,0.2409447,0.001065204,0.001065204,1.73E-05,1.73E-05,2.67E-05,2.67E-05,7.27E-06,7.27E-06,1.07E-05,1.07E-05,3.93E-06,3.93E-06,1.20E-05,1.20E-05,1.79E-06,1.79E-06,3.05E-06,3.05E-06,4.91E-06,4.91E-06,4.06E-05,4.06E-05,3.95E-06,3.95E-06,4.75E-06,4.75E-06,4.41E-06,1
4.41E-06,3.77E-06,3.77E-06,5.93E-06,5.93E-06,9.07E-06,9.07E-06,1.03E-05,1.03E-05,1.62E-05,1.62E-05,1.16E-05,1.16E-05,9.46E-05,9.46E-05,1.13E-05,1.13E-05,7.56E-06,7.56E-06,5.74E-06,5.74E-06,2.54E-06,2.54E-06,1.59E-06,1.59E-06,1.44E-05,1.44E-05,4.43E-06,4.43E-06,5.13E-06,5.13E-06,1.13E-05,1.13E-05,0.000128061,0.000128061,2.10E-05,2.10E-05,8.61E-06,8.61E-06,6.19E-06,6.19E-06,1.68E-05,1.68E-05,5.01E-06,5.01E-06,3.32E-06,3.32E-06,4.61E-06,4.61E-06,2.95E-05,2.95E-05,0.0944612,0.0944612,0.000469237,0.000469237,1.76E-05,1.76E-05,6.23E-06,6.23E-06,6.52E-06,6.52E-06,7.88E-06,7.88E-06,3.61E-06,3.61E-06,4.61E-06,4.61E-06,3.87E-06,3.87E-06,2.08E-06,2.08E-06,1.75E-06,1.75E-06,2.27E-05,2.27E-05,2.42E-06,2.42E-06,2.42E-06,2.42E-06,3.26E-06,3.26E-06,2.47E-06,2.47E-06,3.32E-06,3.32E-06,3.00E-06,3.00E-06,3.40E-06,3.40E-06,3.57E-06,3.57E-06,3.27E-06,3.27E-06,2.11E-05,2.11E-05,3.74E-06,3.74E-06,6.13E-06,6.13E-06,0.61648405,0.61648405,0.005449045,0.005449045,9.02E-06,9.02E-06,1.86E-06,1.86E-06,1.66E-06,1.66E-06,2.26E-06,2.26E-06,2.56E-06,2.56E-06,4.63E-05,4.63E-05,9.65E-06,9.65E-06,5.91E-06,5.91E-06,3.54E-06,3.54E-06,3.78E-06,3.78E-06,2.20E-06,2.20E-06,2.09E-06,2.09E-06,1.72E-06,1.72E-06,1.45E-06,1.45E-06,2.31E-06,2.31E-06,2.13E-05,2.13E-05,4.93E-06,4.93E-06,2.70E-06,2.70E-06,4.17E-06,4.17E-06,3.25E-06,3.25E-06,2.08E-06,2.08E-06,3.77E-06,3.77E-06,2.34E-06,2.34E-06,2.81E-06,2.81E-06,2.75E-06,2.75E-06,2.47E-05,2.47E-05,3.84E-06,3.84E-06,2.26E-06,2.26E-06,2.76E-06,2.76E-06,3.00E-06,3.00E-06,2.13E-06,2.13E-06,2.29E-06,2.29E-06,1.55E-06,1.55E-06,1.59E-06,1.59E-06,2.42E-06,2.42E-06,1.15E-05,1.15E-05,1.68E-06,1.68E-06,7.60E-07,7.60E-07,9.87E-07,9.87E-07,1.86E-06,1.86E-06,1.29E-06,1.29E-06,1.53E-06,1.53E-06,8.97E-07,8.97E-07,1.35E-06,1.35E-06,1.18E-06,1.18E-06,1.37E-05,1.37E-05,1.51E-06,1.51E-06,1.13E-06,1.13E-06,8.51E-07,8.51E-07,1.40E-06,1.40E-06,1.50E-06,1.50E-06,1.27E-06,1.27E-06,1.50E-06,1.50E-06,1.34E-06,1.34E-06,1.27E-06,1.27E-06,3.22E-05,3.22E-05,4.12E-06,4.12E-06,1.50E-05,1.50E-05,0.076828934,0.076828934,0.001440561,0.001440561,4.44E-06,4.44E-06,1
2.99E-06,2.99E-06,1.99E-06,1.99E-06,1.37E-06,1.37E-06,2.05E-06,2.05E-06,2.54E-05,2.54E-05,3.68E-06,3.68E-06,2.59E-06,2.59E-06,3.66E-06,3.66E-06,2.33E-06,2.33E-06,2.01E-06,2.01E-06,2.20E-06,2.20E-06,3.47E-06,3.47E-06,2.27E-06,2.27E-06,2.38E-06,2.38E-06,2.54E-05,2.54E-05,3.12E-06,3.12E-06,3.20E-06,3.20E-06,2.06E-06,2.06E-06,3.29E-06,3.29E-06,4.17E-06,4.17E-06,4.69E-06,4.69E-06,6.22E-06,6.22E-06,6.08E-06,6.08E-06,3.81E-06,3.81E-06,4.55E-05,4.55E-05,0.000175189,0.000175189,0.6402796,0.6402796,0.990126,0.990126,0.34345964,0.34345964,0.5222969,0.5222969,0.002915689,0.002915689,0.003853002,0.003853002,0.000681722,0.000681722,1.35E-05,1.35E-05,0.000525687,0.000525687,6.24E-05,6.24E-05,0.000112408,0.000112408,0.000156558,0.000156558,2.36E-05,2.36E-05,1.15E-05,1.15E-05,5.70E-06,5.70E-06,6.19E-06,6.19E-06,2.74E-06,2.74E-06,2.44E-06,2.44E-06,3.28E-05,3.28E-05,4.86E-06,4.86E-06,4.58E-06,4.58E-06,2.08E-06,2.08E-06,3.58E-06,3.58E-06,8.73E-06,8.73E-06,0.9692379,0.9692379,0.005206722,0.005206722,1.55E-05,1.55E-05,7.95E-06,7.95E-06,0.000112496,0.000112496,5.45E-06,5.45E-06,1.88E-06,1.88E-06,1.57E-06,1.57E-06,1.94E-06,1.94E-06,1.77E-06,1.77E-06,1.74E-06,1.74E-06,3.05E-06,3.05E-06,3.25E-06,3.25E-06,2.58E-06,2.58E-06,2.07E-05,2.07E-05,3.88E-06,3.88E-06,7.05E-06,7.05E-06,3.76E-06,3.76E-06,4.21E-06,4.21E-06,3.84E-06,3.84E-06,3.04E-06,3.04E-06,5.07E-06,5.07E-06,1.15E-05,1.15E-05,4.22E-06,4.22E-06,2.67E-05,2.67E-05,6.23E-06,6.23E-06,2.15E-06,2.15E-06,0.7536654,0.7536654,0.99972516,0.99972516,0.99919885,0.99919885,0.9934323,0.9934323,0.9439648,0.9439648,0.98544943,0.98544943,0.9610946,0.9610946,0.99466443,0.99466443,0.98251754,0.98251754,0.9888065,0.9888065,0.9768053,0.9768053,0.991389,0.991389,0.9740974,0.9740974,0.512519,0.512519,6.68E-06,6.68E-06,1.72E-05,1.72E-05,6.72E-06,6.72E-06,0.000871289,0.000871289,5.26E-05,5.26E-05,1.69E-05,1.69E-05,9.69E-06,9.69E-06,3.49E-06,3.49E-06,1.50E-06,1.50E-06,2.06E-06,2.06E-06,2.08E-06,2.08E-06,2.23E-06,2.23E-06,0.000119304,0.000119304,0.9723847,0.9723847,0.51590866,0.51590866,1.14E-05,1.14E-05,2.62E-06,2.62E-06,3.66E-06,3.66E-06,2.88E-06,2.88E-06,6.79E-06,6.79E-06,3.40E-06,3.40E-06,2.83E-06,1
7.36E-06,7.36E-06,6.48E-06,6.48E-06,8.69E-06,8.69E-06,5.80E-06,5.80E-06,9.13E-06,9.13E-06,8.92E-06,8.92E-06,8.32E-06,8.32E-06,9.09E-06,9.09E-06,8.32E-06,8.32E-06,5.00E-05,5.00E-05,6.25E-06,6.25E-06,7.98E-06,7.98E-06,6.48E-06,6.48E-06,7.01E-06,7.01E-06,8.28E-06,8.28E-06,4.39E-06,4.39E-06,4.66E-06,4.66E-06,6.99E-06,6.99E-06,4.09E-06,4.09E-06,3.66E-05,3.66E-05,4.97E-06,4.97E-06,3.79E-06,3.79E-06,3.83E-06,3.83E-06,2.72E-06,2.72E-06,4.86E-06,4.86E-06,1.23E-05,1.23E-05,1.04E-05,1.04E-05,3.59E-06,3.59E-06,3.09E-06,3.09E-06,3.28E-05,3.28E-05,4.54E-06,4.54E-06,4.83E-06,4.83E-06,4.73E-06,4.73E-06,6.14E-06,6.14E-06,4.05E-06,4.05E-06,3.57E-06,3.57E-06,2.81E-06,2.81E-06,3.27E-06,3.27E-06,2.89E-06,2.89E-06,2.66E-05,2.66E-05,4.97E-06,4.97E-06,3.97E-06,3.97E-06,4.15E-06,4.15E-06,2.00E-06,2.00E-06,1.99E-06,1.99E-06,1.62E-06,1.62E-06,2.17E-06,2.17E-06,1.78E-06,1.78E-06,1.95E-06,1.95E-06,2.56E-05,2.56E-05,4.15E-06,4.15E-06,2.16E-06,2.16E-06,3.39E-06,3.39E-06,2.97E-06,2.97E-06,3.06E-06,3.06E-06,3.91E-06,3.91E-06,3.57E-06,3.57E-06,3.88E-06,3.88E-06,3.15E-06,3.15E-06,2.15E-05,2.15E-05,4.01E-06,4.01E-06,1.57E-06,1.57E-06,1.43E-06,1.43E-06,2.50E-06,2.50E-06,2.69E-06,2.69E-06,2.81E-06,2.81E-06,3.17E-06,3.17E-06,2.77E-06,2.77E-06,3.02E-06,3.02E-06,2.32E-05,2.32E-05,4.57E-06,4.57E-06,2.90E-06,2.90E-06,2.06E-06,2.06E-06,2.38E-06,2.38E-06,3.06E-06,3.06E-06,2.01E-06,2.01E-06,1.58E-06,1.58E-06,2.53E-06,2.53E-06,1.89E-06,1.89E-06,2.15E-05,2.15E-05,3.01E-06,3.01E-06,1.64E-06,1.64E-06,1.58E-06,1.58E-06,1.74E-06,1.74E-06,1.89E-06,1.89E-06,2.12E-06,2.12E-06,2.34E-06,2.34E-06,2.45E-06,2.45E-06,2.19E-06,2.19E-06,1.99E-05,1.99E-05,2.08E-06,2.08E-06,1.57E-06,1.57E-06,1.38E-06,1.38E-06,1.12E-06,1.12E-06,1.24E-06,1.24E-06,1.20E-06,1.20E-06,1.07E-06,1.07E-06,8.72E-07,8.72E-07,8.95E-07,8.95E-07,1.46E-05,1.46E-05,1.83E-06,1.83E-06,1.31E-06,1.31E-06,1.23E-06,1.23E-06,1.21E-06,1.21E-06,9.95E-07,9.95E-07,0.000299897,0.000299897,0.9981602,0.9981602,0.9648839,0.9648839,4.97E-05,4.97E-05,7.42E-05,7.42E-05,6.91E-06,6.91E-06,2.53E-06,2.53E-06,1.83E-06,1
1.83E-06,1.49E-06,1.49E-06,1.59E-06,1.59E-06,1.82E-06,1.82E-06,1.61E-06,1.61E-06,2.26E-06,2.26E-06,1.76E-06,1.76E-06,2.80E-05,2.80E-05,5.68E-06,5.68E-06,4.00E-06,4.00E-06,2.95E-06,2.95E-06,3.29E-06,3.29E-06,2.54E-06,2.54E-06,2.39E-06,2.39E-06,1.95E-06,1.95E-06,2.30E-06,2.30E-06,3.03E-06,3.03E-06,1.54E-05,1.54E-05,2.33E-06,2.33E-06,1.76E-06,1.76E-06,1.88E-06,1.88E-06,1.91E-06,1.91E-06,1.94E-06,1.94E-06,2.09E-06,2.09E-06,2.98E-06,2.98E-06,1.94E-06,1.94E-06,2.21E-06,2.21E-06,0.83912146,0.83912146,0.9810813,0.9810813,0.94870746,0.94870746,0.005398511,0.005398511,8.43E-06,8.43E-06,2.41E-06,2.41E-06,2.78E-06,2.78E-06,1.86E-06,1.86E-06,2.66E-06,2.66E-06,1.58E-06,1.58E-06,4.33E-05,4.33E-05,6.84E-06,6.84E-06,3.12E-06,3.12E-06,3.32E-06,3.32E-06,5.70E-06,5.70E-06,4.83E-06,4.83E-06,2.63E-06,2.63E-06,2.55E-06,2.55E-06,1.77E-06,1.77E-06,2.47E-06,2.47E-06,2.77E-05,2.77E-05,3.13E-06,3.13E-06,2.60E-06,2.60E-06,2.18E-06,2.18E-06,2.26E-06,2.26E-06,2.73E-06,2.73E-06,2.18E-06,2.18E-06,2.61E-06,2.61E-06,1.82E-06,1.82E-06,1.72E-06,1.72E-06,2.14E-05,2.14E-05,3.82E-06,3.82E-06,2.54E-06,2.54E-06,2.55E-06,2.55E-06,1.89E-06,1.89E-06,2.89E-06,2.89E-06,2.08E-06,2.08E-06,2.45E-06,2.45E-06,2.39E-06,2.39E-06,2.27E-06,2.27E-06,5.26E-05,5.26E-05,0.99373066,0.99373066,0.9978999,0.9978999,0.10554092,0.10554092,4.14E-06,4.14E-06,3.08E-06,3.08E-06,3.52E-06,3.52E-06,6.92E-06,6.92E-06,2.37E-06,2.37E-06,3.17E-06,3.17E-06,4.67E-05,4.67E-05,7.08E-06,7.08E-06,6.06E-06,6.06E-06,5.66E-06,5.66E-06,7.07E-06,7.07E-06,3.69E-06,3.69E-06,4.30E-06,4.30E-06,3.83E-06,3.83E-06,3.34E-06,3.34E-06,3.85E-06,3.85E-06,2.04E-05,2.04E-05,2.50E-06,2.50E-06,2.02E-06,2.02E-06,2.39E-06,2.39E-06,2.27E-06,2.27E-06,2.25E-06,2.25E-06,2.75E-06,2.75E-06,2.36E-06,2.36E-06,2.54E-06,2.54E-06,3.04E-06,3.04E-06,2.20E-05,2.20E-05,3.44E-06,3.44E-06,3.16E-06,3.16E-06,3.55E-06,3.55E-06,2.01E-06,2.01E-06,2.61E-06,2.61E-06,3.08E-06,3.08E-06,2.60E-06,2.60E-06,2.28E-06,2.28E-06,3.34E-06,3.34E-06,2.73E-05,2.73E-05,3.58E-06,3.58E-06,3.59E-06,3.59E-06,2.84E-06,2.84E-06,2.45E-06,2.45E-06,3.51E-06,3.51E-06,1
0.000137404,0.000137404,0.99968696,0.99968696,0.999739,0.999739,0.11467909,0.11467909,0.000967094,0.000967094,3.40E-05,3.40E-05,8.23E-06,8.23E-06,7.56E-06,7.56E-06,6.66E-06,6.66E-06,5.90E-06,5.90E-06,5.06E-06,5.06E-06,4.37E-06,4.37E-06,3.71E-06,3.71E-06,3.25E-06,3.25E-06,4.67E-05,4.67E-05,4.22E-06,4.22E-06,2.73E-06,2.73E-06,2.43E-06,2.43E-06,3.61E-06,3.61E-06,1.75E-06,1.75E-06,2.22E-06,2.22E-06,1.68E-06,1.68E-06,1.16E-06,1.16E-06,1.42E-06,1.42E-06,1.82E-05,1.82E-05,2.17E-06,2.17E-06,1.21E-06,1.21E-06,1.16E-06,1.16E-06,1.40E-06,1.40E-06,1.24E-06,1.24E-06,1.78E-06,1.78E-06,1.43E-06,1.43E-06,1.43E-06,1.43E-06,1.51E-06,1.51E-06,1.64E-05,1.64E-05,2.97E-06,2.97E-06,1.80E-06,1.80E-06,1.51E-06,1.51E-06,2.34E-06,2.34E-06,2.22E-06,2.22E-06,2.04E-06,2.04E-06,1.70E-06,1.70E-06,1.87E-06,1.87E-06,1.30E-06,1.30E-06,1.57E-05,1.57E-05,2.19E-06,2.19E-06,1.36E-06,1.36E-06,1.29E-06,1.29E-06,1.06E-06,1.06E-06,1.58E-06,1.58E-06,0.002268676,0.002268676,0.9979679,0.9979679,0.03345003,0.03345003,7.05E-05,7.05E-05,8.53E-05,8.53E-05,1.10E-05,1.10E-05,3.70E-06,3.70E-06,4.43E-06,4.43E-06,3.90E-06,3.90E-06,4.93E-06,4.93E-06,6.01E-06,6.01E-06,4.19E-06,4.19E-06,3.27E-06,3.27E-06,2.49E-06,2.49E-06,2.51E-05,2.51E-05,2.85E-06,2.85E-06,2.51E-06,2.51E-06,4.04E-06,4.04E-06,3.87E-06,3.87E-06,2.74E-06,2.74E-06,2.19E-06,2.19E-06,2.67E-06,2.67E-06,2.45E-06,2.45E-06,2.80E-06,2.80E-06,2.27E-05,2.27E-05,3.91E-06,3.91E-06,3.18E-06,3.18E-06,3.10E-06,3.10E-06,2.62E-06,2.62E-06,2.34E-06,2.34E-06,2.22E-06,2.22E-06,1.78E-06,1.78E-06,1.43E-06,1.43E-06,1.89E-06,1.89E-06,1.32E-05,1.32E-05,3.33E-06,3.33E-06,2.78E-06,2.78E-06,3.04E-06,3.04E-06,2.49E-06,2.49E-06,2.47E-06,2.47E-06,3.24E-06,3.24E-06,4.25E-06,4.25E-06,3.12E-06,3.12E-06,2.71E-06,2.71E-06,2.18E-05,2.18E-05,3.79E-06,3.79E-06,7.49E-06,7.49E-06,0.9987153,0.9987153,0.9988986,0.9988986,0.00104398,0.00104398,9.71E-06,9.71E-06,4.89E-06,4.89E-06,4.37E-06,4.37E-06,3.92E-06,3.92E-06,5.97E-05,5.97E-05,7.95E-06,7.95E-06,3.37E-06,3.37E-06,2.89E-06,2.89E-06,1.69E-06,1.69E-06,1.85E-06,1.85E-06,1.78E-06,1.78E-06,1.89E-06,1.89E-06,2.73E-06,1
1.10E-05,1.10E-05,3.98E-06,3.98E-06,1.77E-06,1.51E-06,1.51E-06,1.18E-06,1.18E-06,1.13E-06,1.20E-06,1.20E-06,1.58E-06,1.58E-06,1.87E-06,0.52809864,0.52809864,0.8040688,0.8040688,0.24644065,1.59E-05,1.59E-05,1.32E-06,1.32E-06,9.08E-07,7.46E-07,7.46E-07,1.67E-06,1.67E-06,9.66E-07,8.19E-07,8.19E-07,0.25432497,0.25432497,0.3055563,0.000129253,0.000129253,7.22E-06,7.22E-06,3.10E-06,2.29E-06,2.29E-06,2.86E-06,2.86E-06,2.34E-06,2.22E-06,2.22E-06,0.37739962,0.37739962,0.87454456,0.46095482,0.46095482,0.002159984,0.002159984,5.96E-06,1.50E-06,1.50E-06,9.95E-07,9.95E-07,5.59E-07,1.15E-06,1.15E-06,0.000369218,0.000369218,0.031931497,0.7634961,0.7634961,2.83E-05,2.83E-05,3.56E-06,2.17E-06,2.17E-06,1.08E-06,1.08E-06,1.38E-06,1.01E-06,1.01E-06,1.07E-06,1.07E-06,1.19E-06,9.16E-07,9.16E-07,2.67E-05,2.67E-05,1.93E-06,1.02E-06,1.02E-06,7.73E-07,7.73E-07,8.54E-07,9.67E-07,9.67E-07,1.07E-06,1.07E-06,1.19E-06,1.35E-06,1.35E-06,1.49E-06,1.49E-06,2.54E-05,1.82E-06,1.82E-06,1.34E-06,1.34E-06,1.31E-06,1.36E-06,1.36E-06,1.20E-06,1.20E-06,1.30E-06,1.27E-06,1.27E-06,1.48E-06,1.48E-06,1.36E-06,1.29E-05,1.29E-05,2.03E-06,2.03E-06,1.70E-06,0.33570477,0.33570477,0.8607592,0.8607592,0.051367067,1.29E-05,1.29E-05,3.37E-06,3.37E-06,2.68E-06,1.31E-06,1.31E-06,4.23E-05,4.23E-05,3.79E-06,1.97E-06,1.97E-06,1.28E-06,1.28E-06,8.68E-07,1.65E-05,1.65E-05,0.32218623,0.32218623,0.73976,0.001252675,0.001252675,2.71E-06,2.71E-06,3.42E-05,2.54E-06,2.54E-06,1.17E-06,1.17E-06,1.14E-06,6.47E-07,6.47E-07,7.15E-07,7.15E-07,1.07E-06,7.83E-07,7.83E-07,7.83E-07,7.83E-07,2.07E-06,0.014784928,0.014784928,0.20872582,0.20872582,0.09197664,0.000908252,0.000908252,6.31E-06,6.31E-06,1.91E-06,9.84E-07,9.84E-07,7.02E-07,7.02E-07,7.91E-07,8.45E-07,8.45E-07,1.89E-05,1.89E-05,1.88E-06,1.10E-06,1.10E-06,1.12E-06,1.12E-06,9.85E-07,9.40E-07,9.40E-07,1.01E-06,1.01E-06,1.01E-06,1.03E-06,1.03E-06,1.21E-06,1.21E-06,2.00E-05,2.34E-06,2.34E-06,1.90E-06,1.90E-06,3.58E-06,0.25022054,0.25022054,0.64571065,0.64571065,0.035168536,0.00070972,0.00070972,9.34E-06,9.34E-06,2.20E-06,2.88E-05,2.88E-05,1.58E-06,1.58E-06,1.93E-06,1.16E-06,1.16E-06,7.87E-07,7.87E-07,7.47E-07,1
3.63E-07,3.63E-07,3.72E-07,3.72E-07,5.48E-07,5.92E-07,5.92E-07,1.24E-05,1.24E-05,1.88E-06,1.09E-06,1.09E-06,1.23E-06,1.23E-06,1.17E-06,8.83E-07,8.83E-07,6.95E-07,6.95E-07,1.05E-06,9.90E-07,9.90E-07,8.37E-07,8.37E-07,1.66E-05,2.01E-06,2.01E-06,8.63E-07,8.63E-07,7.71E-07,7.71E-07,7.71E-07,6.84E-07,6.84E-07,1.02E-06,7.98E-07,7.98E-07,1.03E-06,1.03E-06,9.63E-07,2.16E-05,2.16E-05,0.264714,0.264714,0.02470735,2.56E-05,2.56E-05,2.43E-06,2.43E-06,8.39E-07,7.89E-07,7.89E-07,8.97E-07,8.97E-07,4.07E-07,3.83E-07,3.83E-07,1.13E-05,1.13E-05,9.36E-07,6.63E-07,6.63E-07,6.01E-07,6.01E-07,4.21E-07,3.62E-07,3.62E-07,3.39E-07,3.39E-07,6.45E-07,5.65E-07,5.65E-07,6.01E-07,6.01E-07,1.78E-05,4.15E-06,4.15E-06,2.42E-06,2.42E-06,2.23E-06,2.26E-06,2.26E-06,0.6576762,0.6576762,0.043379173,0.37519616,0.37519616,2.45E-05,2.45E-05,4.15E-06,5.77E-05,5.77E-05,6.98E-06,6.98E-06,1.85E-06,1.96E-06,1.96E-06,1.29E-06,1.29E-06,1.95E-06,0.05530927,0.05530927,0.9452141,0.9452141,0.03296241,0.000256733,0.000256733,8.68E-05,8.68E-05,2.83E-06,1.79E-06,1.79E-06,1.07E-06,1.07E-06,1.01E-06,7.26E-07,7.26E-07,9.61E-07,9.61E-07,1.13E-06,1.26E-06,1.26E-06,1.15E-06,1.15E-06,2.01E-05,1.96E-06,1.96E-06,0.59424734,0.59424734,0.008657476,7.11E-06,7.11E-06,1.88E-06,1.88E-06,7.84E-07,9.41E-07,9.41E-07,4.97E-07,4.97E-07,5.26E-07,1.94E-05,1.94E-05,3.41E-06,3.41E-06,1.65E-06,7.94E-07,7.94E-07,8.29E-07,8.29E-07,9.07E-07,1.08E-06,1.08E-06,6.84E-07,6.84E-07,9.65E-07,1.16E-06,1.16E-06,1.27E-05,1.27E-05,1.67E-05,0.61867446,0.61867446,0.3818414,0.3818414,0.003601391,4.36E-06,4.36E-06,2.02E-06,2.02E-06,7.17E-07,8.39E-07,8.39E-07,6.02E-07,6.02E-07,2.02E-05,2.31E-06,2.31E-06,1.45E-06,1.45E-06,1.60E-06,0.89612633,0.89612633,0.70895237,0.70895237,0.16960528,0.000242418,0.000242418,1.24E-06,1.24E-06,5.76E-07,3.97E-05,3.97E-05,2.16E-06,2.16E-06,8.10E-07,4.86E-07,4.86E-07,4.09E-07,4.09E-07,3.43E-07,5.58E-07,5.58E-07,3.70E-07,3.70E-07,3.97E-07,4.33E-07,4.33E-07,1.56E-05,1.56E-05,2.00E-06,1.33E-06,1.33E-06,1.09E-06,1.09E-06,8.05E-07,8.87E-07,8.87E-07,1.16E-06,1.16E-06,1.06E-06,5.35E-07,5.35E-07,9.93E-07,9.93E-07,1.50E-05,1
0.02282521,0.02282521,0.020562716,0.020562716,0.026954753,0.002979621,0.002979621,0.000689349,0.000689349,0.000610435,0.001279567,0.001279567,0.011562084,0.011562084,0.2921515,0.43510592,0.43510592,0.005996873,0.005996873,0.9853572,0.002019604,0.002019604,0.000133084,0.000133084,3.88E-05,1.45E-05,1.45E-05,0.000120504,0.000120504,0.67474335,0.95814836,0.95814836,0.61942065,0.61942065,0.000185653,1.64E-05,1.64E-05,8.23E-06,8.23E-06,8.42E-06,5.96E-06,5.96E-06,6.22E-06,6.22E-06,1.07E-05,0.000138885,0.000138885,0.16765025,0.16765025,0.062444195,6.20E-05,6.20E-05,9.05E-06,9.05E-06,5.90E-06,7.40E-06,7.40E-06,6.11E-06,6.11E-06,6.71E-06,4.17E-06,4.17E-06,3.54E-06,3.54E-06,5.40E-06,8.92E-05,8.92E-05,1.34E-05,1.34E-05,1.17E-05,0.011962833,0.011962833,0.062196814,0.062196814,0.025004901,1.94E-05,1.94E-05,5.94E-06,5.94E-06,7.30E-06,5.16E-06,5.16E-06,0.000126465,0.000126465,1.78E-05,1.06E-05,1.06E-05,8.05E-06,8.05E-06,6.79E-06,5.62E-06,5.62E-06,6.25E-06,6.25E-06,5.83E-06,0.001780045,0.001780045,0.704713,0.704713,0.037522566,8.48E-05,8.48E-05,1.09E-05,1.09E-05,5.27E-06,4.63E-06,4.63E-06,4.63E-06,4.63E-06,4.27E-06,6.94E-06,6.94E-06,4.61E-06,4.61E-06,4.97E-06,0.000115105,0.000115105,0.000158956,0.000158956,0.10889525,0.003077827,0.003077827,2.15E-05,2.15E-05,9.53E-06,5.37E-06,5.37E-06,5.75E-06,5.75E-06,5.63E-06,4.96E-06,4.96E-06,0.000109589,0.000109589,1.31E-05,7.92E-06,7.92E-06,6.11E-06,6.11E-06,5.64E-06,8.28E-06,8.28E-06,0.007914024,0.007914024,0.8537893,0.23456284,0.23456284,6.57E-05,6.57E-05,0.000123338,1.49E-05,1.49E-05,6.70E-06,6.70E-06,5.61E-06,6.17E-06,6.17E-06,6.72E-06,6.72E-06,6.97E-06,5.49E-06,5.49E-06,7.09E-06,7.09E-06,0.000584983,0.005988264,0.005988264,7.72E-05,7.72E-05,1.07E-05,4.99E-06,4.99E-06,4.86E-06,4.86E-06,5.69E-06,5.84E-06,5.84E-06,7.00E-06,7.00E-06,6.07E-06,9.03E-06,9.03E-06,0.000190282,0.000190282,4.58E-05,0.025787469,0.025787469,0.029615823,0.029615823,8.58E-05,1.54E-05,1.54E-05,1.03E-05,1.03E-05,1.26E-05,1.26E-05,1.26E-05,9.51E-06,9.51E-06,0.000240504,2.42E-05,2.42E-05,1.58E-05,1.58E-05,1.74E-05,2.22E-05,2.22E-05,1.16E-05,1.16E-05,2.24E-05,2.26E-05,2.26E-05,5.01E-05,5.01E-05,2.55E-05,0.000394682,0.000394682,2.85E-05,2.85E-05,4.18E-05,1.70E-05,1.70E-05,2.67E-05,2.67E-05,0.000241478,1
3.97E-05,3.97E-05,2.61E-05,2.61E-05,3.04E-05,4.78E-05,4.78E-05,0.000612132,0.000612132,0.000102412,0.000146773,0.000146773,0.000310207,0.000310207,4.02E-05,2.66E-05,2.66E-05,3.86E-05,3.86E-05,3.93E-05,4.34E-05,4.34E-05,4.73E-05,4.73E-05,0.000481529,3.87E-05,3.87E-05,7.88E-05,7.88E-05,5.12E-05,9.28E-05,9.28E-05,1.84E-05,1.84E-05,1.62E-05,3.84E-05,3.84E-05,2.76E-05,2.76E-05,1.63E-05,0.00027698,0.00027698,0.000250868,0.000250868,0.61552703,0.039719842,0.039719842,0.000308139,0.000308139,3.99E-05,8.38E-06,8.38E-06,8.86E-06,8.86E-06,8.43E-06,7.81E-06,7.81E-06,0.000175107,0.000175107,1.54E-05,9.55E-06,9.55E-06,1.01E-05,1.01E-05,7.27E-06,7.89E-06,7.89E-06,9.25E-06,9.25E-06,6.99E-06,1.02E-05,1.02E-05,6.72E-06,6.72E-06,0.000106306,1.96E-05,1.96E-05,0.000212699,0.000212699,0.002847867,9.48E-05,9.48E-05,1.30E-05,1.30E-05,8.81E-06,9.55E-06,9.55E-06,1.88E-05,1.88E-05,2.25E-05,0.000278556,0.000278556,4.52E-05,4.52E-05,2.13E-05,2.25E-05,2.25E-05,5.73E-05,5.73E-05,0.000223991,0.000245015,0.000245015,0.000851551,0.000851551,0.000376683,7.59E-05,7.59E-05,0.0009263,0.0009263,0.000179334,6.63E-05,6.63E-05,6.42E-05,6.42E-05,4.73E-05,5.45E-05,5.45E-05,7.01E-05,7.01E-05,0.000185193,6.10E-05,6.10E-05,2.62E-05,2.62E-05,0.00040362,0.000107066,0.000107066,4.94E-05,4.94E-05,4.64E-05,5.59E-05,5.59E-05,8.29E-05,8.29E-05,6.62E-05,0.000134511,0.000134511,8.55E-05,8.55E-05,7.58E-05,0.9460826,0.9460826,0.98597556,0.98597556,0.95840144,0.000387052,0.000387052,2.42E-05,2.42E-05,2.37E-05,9.28E-06,9.28E-06,1.12E-05,1.12E-05,1.34E-05,1.37E-05,1.37E-05,0.000370696,0.000370696,2.57E-05,3.21E-05,3.21E-05,2.22E-05,2.22E-05,2.73E-05,2.52E-05,2.52E-05,2.45E-05,2.45E-05,1.36E-05,1.10E-05,1.10E-05,1.44E-05,1.44E-05,0.000244332,2.41E-05,2.41E-05,3.37E-05,3.37E-05,0.038958788,0.3620629,0.3620629,0.592268,0.592268,6.38E-05,3.92E-05,3.92E-05,1.32E-05,1.32E-05,1.33E-05,0.000327088,0.000327088,6.66E-05,6.66E-05,2.38E-05,1.33E-05,1.33E-05,1.61E-05,1.61E-05,2.20E-05,2.33E-05,2.33E-05,2.28E-05,2.28E-05,1.54E-05,0.000158447,0.000158447,0.6478765,0.6478765,0.57006335,0.30287406,0.30287406,0.001956142,0.001956142,2.13E-05,6.44E-06,6.44E-06,5.20E-06,5.20E-06,1.66E-05,0.001016722,0.001016722,0.1999055,0.1999055,0.7098463,1
0.080860935,0.080860935,0.080860935,0.020692743,0.020692743,0.019068725,0.019068725,0.017236201,0.017236201,0.18218692,0.18218692,0.9584025,0.9584025,0.028675906,0.028675906,0.007910538,0.007910538,0.010444584,0.010444584,0.013145505,0.013145505,0.002457352,0.002457352,0.000669425,0.000669425,0.001242681,0.001242681,0.001242681,0.002526225,0.002526225,0.002909552,0.002909552,0.002023072,0.002023072,0.022609329,0.022609329,0.067733794,0.067733794,0.5,0.5,0.5,0.5,0.023149513,0.023149513,0.017119117,0.017119117,0.044993296,0.044993296,0.44189593,0.44189593,0.028528422,0.028528422,0.028528422,0.25092676,0.25092676,0.63063854,0.63063854,0.6857671,0.6857671,0.2321866,0.2321866,0.10353821,0.10353821,0.032123692,0.032123692,0.003718,0.003718,0.005993809,0.005993809,0.00015616,0.00015616,5.97E-05,5.97E-05,8.94E-05,8.94E-05,9.33E-05,9.33E-05,9.33E-05,0.000156584,0.000156584,0.000143542,0.000143542,0.000908215,0.000908215,0.00027785,0.00027785,0.000600169,0.000600169,0.000664269,0.000664269,0.000512997,0.000512997,0.00098547,0.00098547,0.000494889,0.000494889,0.001603246,0.001603246,0.001915,0.001915,0.000617594,0.000617594,0.000617594,0.002668103,0.002668103,0.001976852,0.001976852,0.001240598,0.001240598,0.001728056,0.001728056,0.000374074,0.000374074,0.001721663,0.001721663,0.001091075,0.001091075,0.000399231,0.000399231,0.6705461,0.6705461,0.025887577,0.025887577,0.63001454,0.63001454,0.10444114,0.10444114,0.10444114,0.18770061,0.18770061,0.37238947,0.37238947,0.011217363,0.011217363,0.024268659,0.024268659,0.026544984,0.026544984,0.015551983,0.015551983,0.015384082,0.015384082,0.105576485,0.105576485,0.3108572,0.3108572,0.03186516,0.03186516,0.49715143,0.49715143,0.6443808,0.6443808,0.6443808,0.048360206,0.048360206,0.024489632,0.024489632,0.0905219,0.0905219,0.45642203,0.45642203,0.00775513,0.00775513,0.007488845,0.007488845,0.08844596,0.08844596,0.010455702,0.010455702,0.017747676,0.017747676,0.006248035,0.006248035,0.019549264,0.019549264,0.001875047,0.001875047,0.001875047,0.022391262,0.022391262,0.8094825,0.8094825,0.00607375,0.00607375,0.1312516,0.1312516,0.069615066,0.069615066,0.1633448,0.1633448,0.024077384,0.024077384,0.022475231,0.022475231,0.016298205,0.016298205,0.000474205,0.000474205,0.000178187,0.000178187,0.000371297,0.000371297,0.000371297,0.000265146,0.000265146,0.000372002,0.000372002,0.00221172,0.00221172,0.000326548,0.000326548,0.000473252,0.000473252,0.002387884,0.002387884,0.053454563,0.053454563,0.003781635,0.003781635,0.001170662,0.001170662,0.000962461,0.000962461,0.08870331,0.08870331,1
0.19239224,0.19239224,0.19239224,0.3370833,0.3370833,0.3458849,0.3458849,0.004082934,0.004082934,0.007682102,0.007682102,0.00301086,0.00301086,0.010186105,0.010186105,0.004556014,0.004556014,0.003300426,0.003300426,0.08763814,0.08763814,0.12127751,0.12127751,0.08947264,0.08947264,0.024460224,0.024460224,0.024460224,0.026769929,0.026769929,0.3142445,0.3142445,0.00260376,0.00260376,0.009115846,0.009115846,0.04703681,0.04703681,0.02431998,0.02431998,0.13629411,0.13629411,0.3070215,0.3070215,0.47275916,0.47275916,0.43601257,0.43601257,0.000465782,0.000465782,0.004740701,0.004740701,0.004740701,0.40030763,0.40030763,0.9312875,0.9312875,0.1794639,0.1794639,0.43630436,0.43630436,0.28140533,0.28140533,0.014836639,0.014836639,0.31314966,0.31314966,0.008857258,0.008857258,0.002753867,0.002753867,0.023788264,0.023788264,0.031964377,0.031964377,0.019603068,0.019603068,0.019603068,0.051899686,0.051899686,0.015594361,0.015594361,0.044822417,0.044822417,0.006360737,0.006360737,0.056933068,0.056933068,0.010980157,0.010980157,0.011824198,0.011824198,0.035754588,0.035754588,0.01219302,0.01219302,0.023476668,0.023476668,0.19933611,0.19933611,0.03125191,0.03125191,0.03125191,0.41360152,0.41360152,0.107692644,0.107692644,0.36407593,0.36407593,0.000600245,0.000600245,0.00911027,0.00911027,0.05368123,0.05368123,0.21652223,0.21652223,0.007618131,0.007618131,0.013521612,0.013521612,0.019724965,0.019724965,0.018395435,0.018395435,0.010871412,0.010871412,0.010871412,0.06457409,0.06457409,0.26734924,0.26734924,0.010917908,0.010917908,0.19869326,0.19869326,0.10566003,0.10566003,0.097146295,0.097146295,0.04208694,0.04208694,0.17084405,0.17084405,0.03711845,0.03711845,0.6751639,0.6751639,0.05287544,0.05287544,0.5453355,0.5453355,0.5453355,0.025224602,0.025224602,0.030689524,0.030689524,0.00120136,0.00120136,0.24890016,0.24890016,0.29880628,0.29880628,0.001241145,0.001241145,0.010479604,0.010479604,0.002331244,0.002331244,0.005811716,0.005811716,0.007500593,0.007500593,0.008185133,0.008185133,0.36321753,0.36321753,0.36321753,0.036716543,0.036716543,0.034858536,0.034858536,0.11411882,0.11411882,0.114831075,0.114831075,0.11239457,0.11239457,0.058777284,0.058777284,0.044972014,0.044972014,0.035809524,0.035809524,0.001891986,0.001891986,0.006342948,0.006342948,0.036547273,0.036547273,0.006416558,0.006416558,0.006416558,0.008499742,0.008499742,0.001769977,0.001769977,0.001016169,0.001016169,0.004809864,0.004809864,0.008703976,0.008703976,0.000552194,0.000552194,0.006747683,0.006747683,0.003269607,0.003269607,0.003234727,0.003234727,0.002444381,0.002444381,0.001187695,0.001187695,1
0.002754053,0.002754053,0.002754053,0.009769289,0.009769289,0.003167939,0.003167939,0.048322055,0.048322055,0.6202777,0.6202777,0.66454893,0.66454893,0.13531302,0.13531302,0.15890722,0.15890722,0.11837311,0.11837311,0.15294439,0.15294439,0.006285939,0.006285939,0.012602881,0.012602881,0.005562928,0.005562928,0.005562928,0.17889392,0.17889392,0.13388398,0.13388398,0.11753005,0.11753005,0.026461009,0.026461009,0.036468707,0.036468707,0.5348351,0.5348351,0.000145245,0.000145245,0.101627626,0.101627626,0.44275776,0.44275776,0.2529161,0.2529161,0.8664513,0.8664513,0.55923516,0.55923516,0.55923516,0.3694211,0.3694211,0.1835173,0.1835173,0.012619838,0.012619838,0.003370765,0.003370765,0.08866792,0.08866792,0.006726853,0.006726853,0.0010901,0.0010901,0.000649503,0.000649503,0.001749986,0.001749986,0.006423302,0.006423302,0.02066004,0.02066004,0.000566554,0.000566554,0.000566554,0.007072409,0.007072409,0.00275492,0.00275492,0.001050455,0.001050455,0.002493215,0.002493215,0.001913719,0.001913719,0.001548791,0.001548791,0.043853745,0.043853745,0.001777405,0.001777405,0.001200157,0.001200157,0.000250187,0.000250187,0.005001857,0.005001857,0.025387086,0.025387086,0.025387086,0.017491978,0.017491978,0.000942937,0.000942937,0.000101649,0.000101649,0.000278176,0.000278176,0.13456626,0.13456626,0.009317708,0.009317708,0.001090336,0.001090336,0.005273049,0.005273049,0.67166454,0.67166454,0.9072859,0.9072859,0.17989469,0.17989469,0.24969563,0.24969563,0.24969563,0.20781596,0.20781596,0.59095687,0.59095687,0.039631948,0.039631948,0.53623974,0.53623974,0.034021154,0.034021154,0.56297314,0.56297314,0.028534083,0.028534083,0.35574827,0.35574827,0.09206538,0.09206538,0.12904383,0.12904383,0.028904455,0.028904455,0.05574026,0.05574026,0.05574026,0.13662563,0.13662563,0.13551088,0.13551088,0.036192983,0.036192983,0.09905585,0.09905585,0.62243885,0.62243885,0.26250294,0.26250294,0.8417055,0.8417055,0.07423619,0.07423619,0.18134588,0.18134588,0.3057561,0.3057561,0.06341259,0.06341259,0.24205068,0.24205068,0.24205068,0.24119699,0.24119699,0.2524736,0.2524736,0.09554576,0.09554576,0.33915386,0.33915386,0.16817401,0.16817401,0.10266979,0.10266979,0.019953106,0.019953106,0.24158879,0.24158879,0.3620394,0.3620394,0.2940068,0.2940068,0.03621706,0.03621706,0.018316485,0.018316485,0.018316485,0.022806594,0.022806594,0.12099419,0.12099419,0.003092147,0.003092147,0.001699059,0.001699059,0.006044285,0.006044285,0.085588984,0.085588984,0.13651852,0.13651852,0.021953566,0.021953566,0.23044822,0.23044822,0.07967307,0.07967307,0.055464935,0.055464935,1
0.024869211,0.024869211,0.024869211,0.057577904,0.057577904,0.00381903,0.00381903,0.0242292,0.0242292,0.002746222,0.002746222,0.001179255,0.001179255,0.001830357,0.001830357,0.002447921,0.002447921,0.000810608,0.000810608,0.029091692,0.029091692,0.051040616,0.051040616,0.06805387,0.06805387,0.001350862,0.001350862,0.001350862,0.001399634,0.001399634,0.00353086,0.00353086,0.001801109,0.001801109,0.000734536,0.000734536,0.002646175,0.002646175,0.000394944,0.000394944,0.001607706,0.001607706,0.42940676,0.42940676,0.09643505,0.09643505,0.29009256,0.29009256,0.55129635,0.55129635,0.010829119,0.010829119,0.010829119,0.002285138,0.002285138,0.001339996,0.001339996,0.001951556,0.001951556,0.001155456,0.001155456,0.001979282,0.001979282,0.00127009,0.00127009,0.020162802,0.020162802,0.001556339,0.001556339,0.001784461,0.001784461,0.018758617,0.018758617,0.009412136,0.009412136,0.072328225,0.072328225,0.072328225,0.001601117,0.001601117,0.36081922,0.36081922,0.3989542,0.3989542,0.22825895,0.22825895,0.0351473,0.0351473,0.097885676,0.097885676,0.024678035,0.024678035,0.092056155,0.092056155,0.21902002,0.21902002,0.019041829,0.019041829,0.015744291,0.015744291,0.020806346,0.020806346,0.020806346,0.1394538,0.1394538,0.046408862,0.046408862,0.015371591,0.015371591,0.037732925,0.037732925,0.026642168,0.026642168,0.024376795,0.024376795,0.019312067,0.019312067,0.024918428,0.024918428,0.013636027,0.013636027,0.01959022,0.01959022,0.16279714,0.16279714,0.008375806,0.008375806,0.008375806,0.005612367,0.005612367,0.002892974,0.002892974,0.00080959,0.00080959,0.000838215,0.000838215,0.009965075,0.009965075,0.012560608,0.012560608,0.00184806,0.00184806,0.000967331,0.000967331,0.001881566,0.001881566,0.075925596,0.075925596,0.001388856,0.001388856,0.046385527,0.046385527,0.046385527,0.01827844,0.01827844,0.017036643,0.017036643,0.00758516,0.00758516,0.011638674,0.011638674,0.019403327,0.019403327,0.000370919,0.000370919,0.001495649,0.001495649,0.0930532,0.0930532,0.08608768,0.08608768,0.008401508,0.008401508,0.018677663,0.018677663,0.04415725,0.04415725,0.04415725,0.12728544,0.12728544,0.001950369,0.001950369,0.005917018,0.005917018,0.19746041,0.19746041,0.019838315,0.019838315,0.17820717,0.17820717,0.01197555,0.01197555,0.002121999,0.002121999,0.043882705,0.043882705,0.001361491,0.001361491,0.16682775,0.16682775,0.033274174,0.033274174,0.033274174,0.019255495,0.019255495,0.006672309,0.006672309,0.013537942,0.013537942,0.2204257,0.2204257,0.14070661,0.14070661,0.022709448,0.022709448,0.015783451,0.015783451,0.00812944,0.00812944,0.014034705,0.014034705,0.43624854,0.43624854,0.7433658,0.7433658,1
0.041942038,0.041942038,0.041942038,0.035850283,0.035850283,0.004425077,0.004425077,0.002387669,0.002387669,0.010196207,0.010196207,0.013065399,0.013065399,0.16606708,0.16606708,0.3887535,0.3887535,0.3704572,0.3704572,0.089351,0.089351,0.12056928,0.12056928,0.08233378,0.08233378,0.09207829,0.09207829,0.09207829,0.036101725,0.036101725,0.004736376,0.004736376,0.043559182,0.043559182,0.0657676,0.0657676,0.006229458,0.006229458,0.002285981,0.002285981,0.013046301,0.013046301,0.000394075,0.000394075,0.003249131,0.003249131,0.005676792,0.005676792,0.003030211,0.003030211,0.00418087,0.00418087,0.00418087,0.5048797,0.5048797,0.4896542,0.4896542,0.010011661,0.010011661,0.02057343,0.02057343,0.009604366,0.009604366,0.001988187,0.001988187,0.001514727,0.001514727,0.000554141,0.000554141,0.012402759,0.012402759,0.11337701,0.11337701,0.046190955,0.046190955,0.03784183,0.03784183,0.03784183,0.007288926,0.007288926,0.006367522,0.006367522,0.27449897,0.27449897,0.06524545,0.06524545,0.2096658,0.2096658,0.06359791,0.06359791,0.22078672,0.22078672,0.124098234,0.124098234,0.028290858,0.028290858,0.00381256,0.00381256,0.004915909,0.004915909,0.002299226,0.002299226,0.002299226,0.00124482,0.00124482,0.016843121,0.016843121,0.00144604,0.00144604,0.019739656,0.019739656,0.021682616,0.021682616,0.18058385,0.18058385,0.15119472,0.15119472,0.021779403,0.021779403,0.03146389,0.03146389,0.006828558,0.006828558,0.001180211,0.001180211,0.001686094,0.001686094,0.001686094,0.006450694,0.006450694,0.005174872,0.005174872,0.006067507,0.006067507,0.003010607,0.003010607,0.007433852,0.007433852,0.5589252,0.5589252,0.001149749,0.001149749,0.024075361,0.024075361,0.038906045,0.038906045,0.02223282,0.02223282,0.022436848,0.022436848,0.002908807,0.002908807,0.002908807,0.008214552,0.008214552,0.00680407,0.00680407,0.002028191,0.002028191,0.002210643,0.002210643,0.00448167,0.00448167,0.003057501,0.003057501,0.00109114,0.00109114,0.004045867,0.004045867,0.022777088,0.022777088,0.015243826,0.015243826,0.039989017,0.039989017,0.007426436,0.007426436,0.007426436,0.049371462,0.049371462,0.008823328,0.008823328,0.039205264,0.039205264,0.001703745,0.001703745,0.001204385,0.001204385,0.004064372,0.004064372,0.001777011,0.001777011,0.042512167,0.042512167,0.013940849,0.013940849,0.008776284,0.008776284,0.018201534,0.018201534,0.042637274,0.042637274,0.042637274,0.39654726,0.39654726,0.001096164,0.001096164,0.000252275,0.000252275,0.3705667,0.3705667,0.16657148,0.16657148,0.11942436,0.11942436,0.007114654,0.007114654,0.00615359,0.00615359,0.42677605,0.42677605,0.050991528,0.050991528,0.15539943,0.15539943,1
0.003850201,0.003850201,0.003850201,0.003936206,0.003936206,0.008426293,0.008426293,0.07182857,0.07182857,0.002534243,0.002534243,0.018449066,0.018449066,0.001612865,0.001612865,0.44811672,0.44811672,0.000534549,0.000534549,0.01126959,0.01126959,0.7411351,0.7411351,0.3376052,0.3376052,0.26044828,0.26044828,0.26044828,0.05881656,0.05881656,0.008506693,0.008506693,0.016344128,0.016344128,0.005720564,0.005720564,0.002590529,0.002590529,0.061235696,0.061235696,0.016755832,0.016755832,0.001890753,0.001890753,0.037057787,0.037057787,0.032762505,0.032762505,0.006251181,0.006251181,0.000515157,0.000515157,0.000515157,0.000523183,0.000523183,0.000628032,0.000628032,0.004358542,0.004358542,0.000737829,0.000737829,0.000891276,0.000891276,0.003032175,0.003032175,0.002225294,0.002225294,0.000235687,0.000235687,0.000105144,0.000105144,0.000178564,0.000178564,0.000104362,0.000104362,0.000134217,0.000134217,0.000134217,0.000236529,0.000236529,0.000426639,0.000426639,0.005439223,0.005439223,0.001593282,0.001593282,0.001126169,0.001126169,0.000706326,0.000706326,0.001282101,0.001282101,0.004063876,0.004063876,0.000353461,0.000353461,0.06296119,0.06296119,0.12932032,0.12932032,0.018229334,0.018229334,0.018229334,0.14726412,0.14726412,0.06516734,0.06516734,0.417178,0.417178,0.1157478,0.1157478,0.039361063,0.039361063,0.03484227,0.03484227,0.001171083,0.001171083,0.01440258,0.01440258,0.001429146,0.001429146,0.003799004,0.003799004,0.002602049,0.002602049,0.014707841,0.014707841,0.014707841,0.00258715,0.00258715,0.6816913,0.6816913,0.73453367,0.73453367,0.010117109,0.010117109,0.2329792,0.2329792,0.02494426,0.02494426,0.23995121,0.23995121,0.00557837,0.00557837,0.007386745,0.007386745,0.42011946,0.42011946,0.94839257,0.94839257,0.002552684,0.002552684,0.002552684,0.2135906,0.2135906,0.013631822,0.013631822,0.00191587,0.00191587,0.002931259,0.002931259,0.002159842,0.002159842,0.045619737,0.045619737,0.24387392,0.24387392,0.08832559,0.08832559,0.28878504,0.28878504,0.08756847,0.08756847,0.053225763,0.053225763,0.006788192,0.006788192,0.006788192,0.02471663,0.02471663,0.041099317,0.041099317,0.08349022,0.08349022,0.015297488,0.015297488,0.33197844,0.33197844,0.015585922,0.015585922,0.004750987,0.004750987,0.001665594,0.001665594,0.029542593,0.029542593,0.015941482,0.015941482,0.03018708,0.03018708,0.7912199,0.7912199,0.7912199,0.9182663,0.9182663,0.022726765,0.022726765,0.068474956,0.068474956,0.3204714,0.3204714,0.04507126,0.04507126,0.76258254,0.76258254,0.13247408,0.13247408,0.22273387,0.22273387,0.048014175,0.048014175,0.016195651,0.016195651,0.0040543,0.0040543,1
0.084602885,0.084602885,0.084602885,0.014089158,0.014089158,0.24785541,0.24785541,0.10261685,0.10261685,0.015742391,0.015742391,0.010766391,0.010766391,0.06417317,0.06417317,0.016274353,0.016274353,0.059373375,0.059373375,0.009972124,0.009972124,0.60792,0.60792,0.6972055,0.6972055,0.52743405,0.52743405,0.52743405,0.020487407,0.020487407,0.0423078,0.0423078,0.14316405,0.14316405,0.003138373,0.003138373,0.018155528,0.018155528,0.004889655,0.004889655,0.049630884,0.049630884,0.000316368,0.000316368,0.010581066,0.010581066,0.003313232,0.003313232,0.19373487,0.19373487,0.01735578,0.01735578,0.01735578,0.21235092,0.21235092,0.38120922,0.38120922,0.062145576,0.062145576,0.008058392,0.008058392,0.49859327,0.49859327,0.003181959,0.003181959,0.5286017,0.5286017,0.007592068,0.007592068,0.000944269,0.000944269,0.000945978,0.000945978,0.004823812,0.004823812,0.002017596,0.002017596,0.002017596,0.000383977,0.000383977,0.0031222,0.0031222,0.004835506,0.004835506,0.004098568,0.004098568,0.008976202,0.008976202,0.003064452,0.003064452,0.020521844,0.020521844,0.001387636,0.001387636,0.000878683,0.000878683,0.006347715,0.006347715,0.000511099,0.000511099,0.002693459,0.002693459,0.002693459,0.000439373,0.000439373,0.000465388,0.000465388,0.001962414,0.001962414,0.001401396,0.001401396,0.00111813,0.00111813,0.000612639,0.000612639,0.00115085,0.00115085,0.12970889,0.12970889,0.013782331,0.013782331,0.67979115,0.67979115,0.18142255,0.18142255,0.065282375,0.065282375,0.065282375,0.09191228,0.09191228,0.33929485,0.33929485,0.072521985,0.072521985,0.007559723,0.007559723,0.04427068,0.04427068,0.03745443,0.03745443,0.01337829,0.01337829,0.007133334,0.007133334,0.0015224,0.0015224,0.007007749,0.007007749,0.004421267,0.004421267,0.006523591,0.006523591,0.006523591,0.16567248,0.16567248,0.032463487,0.032463487,0.01382386,0.01382386,0.0101632,0.0101632,0.013938319,0.013938319,0.050295886,0.050295886,0.02562001,0.02562001,0.11801871,0.11801871,0.04000135,0.04000135,0.023388186,0.023388186,0.029508492,0.029508492,0.005006934,0.005006934,0.005006934,0.006867315,0.006867315,0.009688202,0.009688202,0.002518437,0.002518437,0.005990231,0.005990231,0.020760052,0.020760052,0.008505028,0.008505028,0.03730899,0.03730899,0.007481292,0.007481292,0.005427291,0.005427291,0.15091726,0.15091726,0.040619936,0.040619936,0.03417216,0.03417216,0.03417216,0.036532473,0.036532473,0.083186835,0.083186835,0.12467003,0.12467003,0.35661954,0.35661954,0.18073632,0.18073632,0.28832996,0.28832996,0.45520943,0.45520943,0.103709795,0.103709795,0.24249771,0.24249771,0.033353273,0.033353273,0.4656107,0.4656107,1
1.67E-05,1.67E-05,1.85E-05,1.85E-05,0.000155181,0.000155181,0.000143942,0.000143942,6.05E-05,6.05E-05,7.17E-05,7.17E-05,2.32E-05,2.32E-05,1.83E-05,1.83E-05,1.94E-05,1.94E-05,9.33E-05,9.33E-05,2.73E-05,2.73E-05,2.23E-05,2.23E-05,1.35E-05,1.35E-05,1.34E-05,1.34E-05,1.32E-05,1.32E-05,1.52E-05,1.52E-05,2.10E-05,2.10E-05,1.59E-05,1.59E-05,1.99E-05,1.99E-05,0.000107722,0.000107722,2.57E-05,2.57E-05,3.27E-05,3.27E-05,2.39E-05,2.39E-05,1.19E-05,1.19E-05,9.60E-06,9.60E-06,1.51E-05,1.51E-05,1.28E-05,1.28E-05,1.10E-05,1.10E-05,1.84E-05,1.84E-05,7.93E-05,7.93E-05,2.93E-05,2.93E-05,1.46E-05,1.46E-05,1.77E-05,1.77E-05,1.42E-05,1.42E-05,8.98E-06,8.98E-06,1.03E-05,1.03E-05,1.46E-05,1.46E-05,1.25E-05,1.25E-05,7.88E-06,7.88E-06,9.41E-05,9.41E-05,1.03E-05,1.03E-05,1.25E-05,1.25E-05,9.88E-06,9.88E-06,8.09E-06,8.09E-06,1.05E-05,1.05E-05,1.30E-05,1.30E-05,1.04E-05,1.04E-05,1.56E-05,1.56E-05,6.06E-06,6.06E-06,0.000119486,0.000119486,3.13E-05,3.13E-05,1.01E-05,1.01E-05,1.39E-05,1.39E-05,2.41E-05,2.41E-05,2.71E-05,2.71E-05,1.16E-05,1.16E-05,1.26E-05,1.26E-05,8.27E-06,8.27E-06,9.90E-06,9.90E-06,5.78E-05,5.78E-05,1.57E-05,1.57E-05,2.12E-05,2.12E-05,4.04E-05,4.04E-05,2.18E-05,2.18E-05,3.33E-05,3.33E-05,2.30E-05,2.30E-05,0.000157073,0.000157073,4.47E-05,4.47E-05,4.01E-05,4.01E-05,3.71E-05,3.71E-05,1.72E-05,1.72E-05,5.57E-05,5.57E-05,1.70E-05,1.70E-05,1.57E-05,1.57E-05,0.000756657,0.000756657,0.000462763,0.000462763,0.000147047,0.000147047,0.000112793,0.000112793,0.000146251,0.000146251,0.000734982,0.000734982,0.000628055,0.000628055,0.00021565,0.00021565,3.78E-05,3.78E-05,0.000182769,0.000182769,0.000545376,0.000545376,0.000482322,0.000482322,0.000182417,0.000182417,1.91E-05,1.91E-05,2.84E-05,2.84E-05,0.000274562,0.000274562,3.72E-05,3.72E-05,3.97E-05,3.97E-05,1.61E-05,1.61E-05,3.89E-05,3.89E-05,2.68E-05,2.68E-05,2.83E-05,2.83E-05,1.25E-05,1.25E-05,2.40E-05,2.40E-05,3.73E-05,3.73E-05,7.49E-05,7.49E-05,2.71E-05,2.71E-05,5.53E-05,5.53E-05,2.27E-05,2.27E-05,3.98E-05,3.98E-05,2.78E-05,2.78E-05,2.33E-05,2.33E-05,1.99E-05,1.99E-05,2.51E-05,2.51E-05,2.65E-05,2.65E-05,0.000161476,0.000161476,0.000189722,0.000189722,0.000103135,0.000103135,0.000650008,1
0.000650008,0.000256568,0.000256568,0.000828421,0.000828421,0.000184912,0.000184912,0.000321947,0.000321947,0.000157449,0.000157449,0.000147626,0.000147626,0.000726953,0.000726953,6.99E-05,6.99E-05,7.56E-05,7.56E-05,4.40E-05,4.40E-05,5.18E-05,5.18E-05,3.23E-05,3.23E-05,3.09E-05,3.09E-05,4.69E-05,4.69E-05,5.70E-05,5.70E-05,2.71E-05,2.71E-05,0.000125849,0.000125849,3.67E-05,3.67E-05,2.67E-05,2.67E-05,3.59E-05,3.59E-05,1.74E-05,1.74E-05,2.23E-05,2.23E-05,1.36E-05,1.36E-05,1.16E-05,1.16E-05,1.62E-05,1.62E-05,1.49E-05,1.49E-05,7.90E-05,7.90E-05,1.45E-05,1.45E-05,1.14E-05,1.14E-05,1.00E-05,1.00E-05,1.07E-05,1.07E-05,8.40E-06,8.40E-06,2.28E-05,2.28E-05,1.11E-05,1.11E-05,8.51E-06,8.51E-06,1.30E-05,1.30E-05,5.09E-05,5.09E-05,1.93E-05,1.93E-05,1.03E-05,1.03E-05,1.11E-05,1.11E-05,1.74E-05,1.74E-05,1.80E-05,1.80E-05,1.16E-05,1.16E-05,1.17E-05,1.17E-05,8.61E-06,8.61E-06,8.28E-06,8.28E-06,9.07E-05,9.07E-05,1.20E-05,1.20E-05,8.67E-06,8.67E-06,2.59E-05,2.59E-05,1.85E-05,1.85E-05,5.18E-05,5.18E-05,1.17E-05,1.17E-05,6.66E-06,6.66E-06,5.01E-06,5.01E-06,6.33E-06,6.33E-06,4.58E-05,4.58E-05,9.88E-06,9.88E-06,4.38E-06,4.38E-06,4.56E-06,4.56E-06,1.07E-05,1.07E-05,5.72E-06,5.72E-06,5.91E-06,5.91E-06,5.15E-06,5.15E-06,7.84E-06,7.84E-06,6.29E-06,6.29E-06,5.03E-05,5.03E-05,1.08E-05,1.08E-05,6.80E-06,6.80E-06,6.24E-06,6.24E-06,5.87E-06,5.87E-06,5.93E-06,5.93E-06,1.06E-05,1.06E-05,9.96E-06,9.96E-06,1.37E-05,1.37E-05,1.02E-05,1.02E-05,4.59E-05,4.59E-05,9.69E-06,9.69E-06,9.42E-06,9.42E-06,5.71E-06,5.71E-06,4.51E-06,4.51E-06,6.35E-06,6.35E-06,1.16E-05,1.16E-05,1.29E-05,1.29E-05,5.91E-06,5.91E-06,9.10E-06,9.10E-06,8.64E-05,8.64E-05,1.98E-05,1.98E-05,1.05E-05,1.05E-05,7.15E-06,7.15E-06,8.49E-06,8.49E-06,1.19E-05,1.19E-05,8.98E-06,8.98E-06,9.37E-06,9.37E-06,9.91E-06,9.91E-06,1.01E-05,1.01E-05,4.44E-05,4.44E-05,7.15E-06,7.15E-06,6.90E-06,6.90E-06,7.79E-06,7.79E-06,4.86E-06,4.86E-06,6.56E-06,6.56E-06,9.63E-06,9.63E-06,1.41E-05,1.41E-05,6.13E-06,6.13E-06,8.46E-06,8.46E-06,0.000141472,0.000141472,1.59E-05,1.59E-05,1.24E-05,1.24E-05,9.95E-06,9.95E-06,9.11E-06,9.11E-06,2.20E-05,2.20E-05,1
1.04E-05,1.04E-05,5.88E-06,5.88E-06,9.74E-06,9.74E-06,9.78E-06,9.78E-06,6.66E-05,6.66E-05,1.41E-05,1.41E-05,1.13E-05,1.13E-05,1.67E-05,1.67E-05,5.31E-06,5.31E-06,1.12E-05,1.12E-05,8.46E-06,8.46E-06,8.56E-06,8.56E-06,1.39E-05,1.39E-05,9.28E-06,9.28E-06,5.47E-05,5.47E-05,0.00019462,0.00019462,0.000378672,0.000378672,0.000460253,0.000460253,0.000836824,0.000836824,0.000903662,0.000903662,8.77E-05,8.77E-05,0.000348696,0.000348696,2.58E-05,2.58E-05,2.47E-05,2.47E-05,9.86E-05,9.86E-05,1.88E-05,1.88E-05,3.16E-05,3.16E-05,2.02E-05,2.02E-05,2.26E-05,2.26E-05,4.23E-05,4.23E-05,3.04E-05,3.04E-05,3.05E-05,3.05E-05,1.40E-05,1.40E-05,2.34E-05,2.34E-05,6.51E-05,6.51E-05,3.43E-05,3.43E-05,9.92E-06,9.92E-06,1.51E-05,1.51E-05,7.76E-05,7.76E-05,3.26E-05,3.26E-05,4.69E-05,4.69E-05,8.25E-06,8.25E-06,7.36E-06,7.36E-06,7.53E-06,7.53E-06,0.000151997,0.000151997,3.17E-05,3.17E-05,1.48E-05,1.48E-05,8.11E-06,8.11E-06,6.36E-06,6.36E-06,1.02E-05,1.02E-05,5.82E-06,5.82E-06,7.48E-06,7.48E-06,1.04E-05,1.04E-05,6.85E-06,6.85E-06,8.68E-05,8.68E-05,1.34E-05,1.34E-05,6.26E-06,6.26E-06,1.22E-05,1.22E-05,1.58E-05,1.58E-05,6.04E-06,6.04E-06,1.26E-05,1.26E-05,5.39E-06,5.39E-06,7.91E-06,7.91E-06,1.62E-05,1.62E-05,5.90E-05,5.90E-05,9.85E-06,9.85E-06,3.59E-05,3.59E-05,1.12E-05,1.12E-05,1.60E-05,1.60E-05,1.66E-05,1.66E-05,2.80E-05,2.80E-05,1.79E-05,1.79E-05,9.39E-06,9.39E-06,1.53E-05,1.53E-05,0.000118968,0.000118968,2.44E-05,2.44E-05,0.002643769,0.002643769,0.000110256,0.000110256,0.000106,0.000106,5.51E-05,5.51E-05,0.000100112,0.000100112,4.38E-05,4.38E-05,4.29E-05,4.29E-05,4.25E-05,4.25E-05,8.43E-05,8.43E-05,1.06E-05,1.06E-05,2.03E-05,2.03E-05,2.16E-05,2.16E-05,1.06E-05,1.06E-05,1.98E-05,1.98E-05,3.60E-05,3.60E-05,3.07E-05,3.07E-05,3.33E-05,3.33E-05,8.78E-05,8.78E-05,0.000163238,0.000163238,1.97E-05,1.97E-05,1.07E-05,1.07E-05,7.47E-06,7.47E-06,1.66E-05,1.66E-05,9.85E-06,9.85E-06,1.65E-05,1.65E-05,1.23E-05,1.23E-05,3.43E-05,3.43E-05,3.14E-05,3.14E-05,0.000213761,0.000213761,2.01E-05,2.01E-05,2.64E-05,2.64E-05,2.95E-05,2.95E-05,2.13E-05,2.13E-05,3.01E-05,3.01E-05,6.20E-05,6.20E-05,1.89E-05,1.89E-05,1.84E-05,1
1.84E-05,3.90E-05,3.90E-05,0.000153743,0.000153743,5.22E-05,5.22E-05,2.55E-05,2.55E-05,2.34E-05,2.34E-05,2.97E-05,2.97E-05,3.48E-05,3.48E-05,1.87E-05,1.87E-05,2.29E-05,2.29E-05,4.50E-05,4.50E-05,4.14E-05,4.14E-05,0.000463038,0.000463038,9.67E-05,9.67E-05,8.00E-05,8.00E-05,5.95E-05,5.95E-05,5.20E-05,5.20E-05,5.41E-05,5.41E-05,0.000126439,0.000126439,0.023453644,0.023453644,0.003522618,0.003522618,0.000718041,0.000718041,0.000476188,0.000476188,0.000220901,0.000220901,0.000218804,0.000218804,0.000134578,0.000134578,8.07E-05,8.07E-05,0.000111621,0.000111621,0.000102365,0.000102365,1.88E-05,1.88E-05,5.67E-05,5.67E-05,0.000701061,0.000701061,0.004188831,0.004188831,8.22E-05,8.22E-05,5.79E-05,5.79E-05,1.63E-05,1.63E-05,1.31E-05,1.31E-05,2.71E-05,2.71E-05,1.99E-05,1.99E-05,2.83E-05,2.83E-05,1.99E-05,1.99E-05,2.17E-05,2.17E-05,9.18E-05,9.18E-05,2.29E-05,2.29E-05,1.98E-05,1.98E-05,2.33E-05,2.33E-05,2.36E-05,2.36E-05,1.06E-05,1.06E-05,2.39E-05,2.39E-05,9.43E-05,9.43E-05,1.79E-05,1.79E-05,1.15E-05,1.15E-05,4.82E-05,4.82E-05,2.09E-05,2.09E-05,3.72E-05,3.72E-05,2.03E-05,2.03E-05,1.90E-05,1.90E-05,1.70E-05,1.70E-05,2.06E-05,2.06E-05,4.95E-05,4.95E-05,0.001513555,0.001513555,0.002532163,0.002532163,0.002267015,0.002267015,8.35E-05,8.35E-05,4.73E-05,4.73E-05,4.54E-05,4.54E-05,2.20E-05,2.20E-05,2.21E-05,2.21E-05,2.76E-05,2.76E-05,3.22E-05,3.22E-05,4.66E-05,4.66E-05,2.22E-05,2.22E-05,8.07E-05,8.07E-05,3.47E-05,3.47E-05,8.83E-06,8.83E-06,1.83E-05,1.83E-05,1.03E-05,1.03E-05,1.27E-05,1.27E-05,1.74E-05,1.74E-05,1.07E-05,1.07E-05,6.04E-06,6.04E-06,1.33E-05,1.33E-05,6.52E-05,6.52E-05,1.06E-05,1.06E-05,2.13E-05,2.13E-05,6.21E-05,6.21E-05,0.000101374,0.000101374,2.11E-05,2.11E-05,1.49E-05,1.49E-05,4.39E-05,4.39E-05,1.71E-05,1.71E-05,1.32E-05,1.32E-05,0.000120287,0.000120287,4.22E-05,4.22E-05,8.90E-06,8.90E-06,7.53E-06,7.53E-06,7.41E-06,7.41E-06,9.24E-06,9.24E-06,5.99E-06,5.99E-06,1.14E-05,1.14E-05,1.15E-05,1.15E-05,1.24E-05,1.24E-05,8.34E-05,8.34E-05,1.63E-05,1.63E-05,1.32E-05,1.32E-05,1.40E-05,1.40E-05,9.94E-06,9.94E-06,1.31E-05,1.31E-05,1.04E-05,1.04E-05,6.24E-06,6.24E-06,4.62E-06,4.62E-06,7.37E-06,7.37E-06,5.58E-05,5.58E-05,1
8.22E-06,8.22E-06,3.76E-06,3.76E-06,4.18E-06,4.18E-06,6.59E-06,6.59E-06,3.71E-06,3.71E-06,4.53E-06,4.53E-06,6.05E-06,6.05E-06,9.11E-06,9.11E-06,1.38E-05,1.38E-05,3.52E-05,3.52E-05,4.11E-06,4.11E-06,3.68E-06,3.68E-06,4.13E-06,4.13E-06,5.03E-06,5.03E-06,5.73E-06,5.73E-06,5.78E-06,5.78E-06,6.31E-06,6.31E-06,5.23E-06,5.23E-06,4.64E-06,4.64E-06,4.12E-05,4.12E-05,6.73E-06,6.73E-06,7.02E-06,7.02E-06,5.34E-06,5.34E-06,2.79E-06,2.79E-06,2.93E-06,2.93E-06,6.86E-06,6.86E-06,3.65E-06,3.65E-06,3.92E-06,3.92E-06,6.33E-06,6.33E-06,5.25E-05,5.25E-05,7.05E-06,7.05E-06,8.08E-06,8.08E-06,7.43E-06,7.43E-06,7.92E-06,7.92E-06,5.16E-06,5.16E-06,1.04E-05,1.04E-05,8.90E-06,8.90E-06,4.68E-06,4.68E-06,6.80E-06,6.80E-06,3.70E-05,3.70E-05,4.03E-06,4.03E-06,8.17E-06,8.17E-06,8.09E-06,8.09E-06,9.06E-06,9.06E-06,1.27E-05,1.27E-05,5.59E-06,5.59E-06,1.33E-05,1.33E-05,2.40E-05,2.40E-05,6.82E-06,6.82E-06,9.55E-05,9.55E-05,9.89E-06,9.89E-06,4.79E-06,4.79E-06,5.31E-06,5.31E-06,7.49E-06,7.49E-06,6.98E-06,6.98E-06,7.74E-06,7.74E-06,1.26E-05,1.26E-05,1.21E-05,1.21E-05,9.24E-06,9.24E-06,0.000709223,0.000709223,0.000727596,0.000727596,0.002041016,0.002041016,0.000897619,0.000897619,0.001121085,0.001121085,0.002788768,0.002788768,0.000154865,0.000154865,0.000327339,0.000327339,3.31E-05,3.31E-05,3.89E-05,3.89E-05,0.000238543,0.000238543,4.34E-05,4.34E-05,7.62E-05,7.62E-05,2.90E-05,2.90E-05,3.95E-05,3.95E-05,0.000163508,0.000163508,4.13E-05,4.13E-05,3.34E-05,3.34E-05,4.04E-05,4.04E-05,1.11E-05,1.11E-05,2.75E-05,2.75E-05,6.71E-06,6.71E-06,1.17E-05,1.17E-05,6.16E-06,6.16E-06,4.96E-06,4.96E-06,4.38E-06,4.38E-06,6.31E-06,6.31E-06,8.25E-06,8.25E-06,1.35E-05,1.35E-05,1.05E-05,1.05E-05,6.09E-05,6.09E-05,1.75E-05,1.75E-05,1.37E-05,1.37E-05,1.22E-05,1.22E-05,1.14E-05,1.14E-05,1.07E-05,1.07E-05,1.67E-05,1.67E-05,9.93E-06,9.93E-06,1.12E-05,1.12E-05,5.94E-06,5.94E-06,5.57E-05,5.57E-05,8.80E-06,8.80E-06,5.90E-06,5.90E-06,1.05E-05,1.05E-05,5.02E-06,5.02E-06,9.02E-06,9.02E-06,5.79E-06,5.79E-06,4.43E-06,4.43E-06,5.07E-06,5.07E-06,4.42E-06,4.42E-06,4.68E-05,4.68E-05,6.87E-06,6.87E-06,9.60E-06,9.60E-06,1.19E-05,1
2.44E-06,2.44E-06,2.63E-05,2.63E-05,0.64998424,0.64998424,0.9592936,0.9592936,1.27E-05,1.27E-05,2.38E-06,2.38E-06,6.14E-07,6.14E-07,1.11E-06,1.11E-06,1.49E-06,1.49E-06,4.11E-05,4.11E-05,4.56E-06,4.56E-06,2.94E-06,2.94E-06,2.62E-06,2.62E-06,2.39E-06,2.39E-06,2.79E-06,2.79E-06,2.64E-06,2.64E-06,2.17E-06,2.17E-06,2.57E-06,2.57E-06,3.58E-06,3.58E-06,3.57E-05,3.57E-05,3.98E-06,3.98E-06,1.73E-06,1.73E-06,1.71E-06,1.71E-06,2.23E-06,2.23E-06,4.32E-06,4.32E-06,2.38E-06,2.38E-06,3.56E-06,3.56E-06,6.69E-06,6.69E-06,3.15E-06,3.15E-06,3.70E-05,3.70E-05,3.14E-06,3.14E-06,1.69E-06,1.69E-06,1.29E-06,1.29E-06,1.24E-06,1.24E-06,1.45E-06,1.45E-06,1.39E-06,1.39E-06,1.82E-06,1.82E-06,1.65E-06,1.65E-06,3.12E-06,3.12E-06,4.21E-05,4.21E-05,3.90E-06,3.90E-06,2.29E-06,2.29E-06,1.89E-06,1.89E-06,1.02E-06,1.02E-06,1.06E-06,1.06E-06,1.50E-05,1.50E-05,1.42E-05,1.42E-05,1.15E-05,1.15E-05,1.45E-06,1.45E-06,2.51E-05,2.51E-05,3.08E-06,3.08E-06,2.07E-06,2.07E-06,1.47E-06,1.47E-06,1.14E-06,1.14E-06,1.07E-06,1.07E-06,9.79E-07,9.79E-07,2.16E-06,2.16E-06,1.10E-06,1.10E-06,1.85E-06,1.85E-06,3.41E-05,3.41E-05,3.87E-06,3.87E-06,1.58E-06,1.58E-06,1.53E-06,1.53E-06,1.44E-06,1.44E-06,1.59E-06,1.59E-06,7.98E-07,7.98E-07,1.03E-06,1.03E-06,1.60E-06,1.60E-06,9.71E-07,9.71E-07,2.25E-05,2.25E-05,2.03E-06,2.03E-06,2.11E-06,2.11E-06,8.71E-07,8.71E-07,1.56E-06,1.56E-06,1.71E-06,1.71E-06,2.00E-06,2.00E-06,1.71E-06,1.71E-06,8.51E-07,8.51E-07,1.51E-06,1.51E-06,3.01E-05,3.01E-05,2.97E-06,2.97E-06,1.51E-06,1.51E-06,1.34E-06,1.34E-06,1.25E-06,1.25E-06,1.09E-06,1.09E-06,1.45E-06,1.45E-06,1.07E-06,1.07E-06,1.96E-06,1.96E-06,1.31E-06,1.31E-06,1.82E-05,1.82E-05,2.33E-06,2.33E-06,3.86E-06,3.86E-06,1.86E-06,1.86E-06,2.00E-06,2.00E-06,2.31E-06,2.31E-06,1.25E-06,1.25E-06,1.43E-06,1.43E-06,2.36E-06,2.36E-06,2.02E-06,2.02E-06,4.16E-05,4.16E-05,3.98E-06,3.98E-06,1.80E-06,1.80E-06,1.10E-06,1.10E-06,1.10E-06,1.10E-06,1.18E-06,1.18E-06,1.42E-06,1.42E-06,1.51E-06,1.51E-06,1.13E-06,1.13E-06,8.39E-07,8.39E-07,1.50E-05,1.50E-05,2.23E-06,2.23E-06,1.30E-06,1.30E-06,4.29E-06,1
4.29E-06,0.5080913,0.5080913,0.082700975,0.082700975,4.54E-06,4.54E-06,2.16E-06,2.16E-06,2.06E-06,2.06E-06,1.62E-06,1.62E-06,1.99E-05,1.99E-05,3.42E-06,3.42E-06,1.86E-06,1.86E-06,1.40E-06,1.40E-06,1.03E-06,1.03E-06,1.22E-06,1.22E-06,1.43E-06,1.43E-06,1.27E-06,1.27E-06,1.16E-06,1.16E-06,1.18E-06,1.18E-06,2.19E-05,2.19E-05,2.94E-06,2.94E-06,2.78E-06,2.78E-06,1.96E-06,1.96E-06,1.72E-06,1.72E-06,1.51E-06,1.51E-06,1.77E-06,1.77E-06,1.47E-06,1.47E-06,2.22E-06,2.22E-06,1.52E-06,1.52E-06,3.38E-05,3.38E-05,3.12E-06,3.12E-06,1.35E-06,1.35E-06,1.64E-06,1.64E-06,2.01E-06,2.01E-06,1.63E-06,1.63E-06,1.89E-06,1.89E-06,2.21E-06,2.21E-06,1.70E-06,1.70E-06,1.74E-06,1.74E-06,2.71E-05,2.71E-05,3.01E-06,3.01E-06,2.16E-06,2.16E-06,1.40E-06,1.40E-06,1.30E-06,1.30E-06,1.73E-06,1.73E-06,1.75E-06,1.75E-06,1.59E-06,1.59E-06,2.01E-06,2.01E-06,2.18E-06,2.18E-06,2.42E-05,2.42E-05,3.64E-06,3.64E-06,3.34E-06,3.34E-06,7.76E-06,7.76E-06,0.56950444,0.56950444,0.86375207,0.86375207,0.000340912,0.000340912,1.53E-06,1.53E-06,1.04E-06,1.04E-06,7.78E-07,7.78E-07,2.11E-05,2.11E-05,2.00E-06,2.00E-06,2.58E-06,2.58E-06,1.38E-06,1.38E-06,2.69E-06,2.69E-06,2.72E-06,2.72E-06,4.48E-06,4.48E-06,4.84E-06,4.84E-06,2.02E-06,2.02E-06,2.69E-06,2.69E-06,4.89E-05,4.89E-05,3.60E-06,3.60E-06,5.16E-06,5.16E-06,6.72E-06,6.72E-06,1.81E-06,1.81E-06,4.74E-06,4.74E-06,4.67E-06,4.67E-06,4.68E-06,4.68E-06,4.33E-06,4.33E-06,1.62E-06,1.62E-06,1.61E-05,1.61E-05,3.43E-06,3.43E-06,1.26E-06,1.26E-06,1.43E-06,1.43E-06,1.45E-06,1.45E-06,1.10E-06,1.10E-06,9.38E-07,9.38E-07,1.97E-06,1.97E-06,1.27E-06,1.27E-06,1.62E-06,1.62E-06,0.04289573,0.04289573,0.21112077,0.21112077,1.13E-05,1.13E-05,1.31E-06,1.31E-06,1.14E-06,1.14E-06,1.35E-06,1.35E-06,1.39E-06,1.39E-06,1.19E-06,1.19E-06,8.36E-07,8.36E-07,1.30E-06,1.30E-06,2.37E-05,2.37E-05,2.82E-06,2.82E-06,1.74E-06,1.74E-06,1.81E-06,1.81E-06,1.69E-06,1.69E-06,1.40E-06,1.40E-06,9.97E-07,9.97E-07,8.82E-07,8.82E-07,1.08E-06,1.08E-06,1.11E-06,1.11E-06,2.45E-05,2.45E-05,3.07E-06,3.07E-06,2.40E-06,2.40E-06,1.87E-06,1.87E-06,2.50E-06,2.50E-06,2.61E-06,2.61E-06,1
1.87E-06,1.87E-06,1.82E-06,1.82E-06,2.22E-06,2.22E-06,1.41E-06,1.41E-06,2.10E-05,2.10E-05,3.35E-06,3.35E-06,2.08E-06,2.08E-06,1.83E-06,1.83E-06,2.53E-06,2.53E-06,2.05E-06,2.05E-06,2.66E-06,2.66E-06,2.25E-06,2.25E-06,2.23E-06,2.23E-06,2.65E-06,2.65E-06,0.000123437,0.000123437,0.9877757,0.9877757,0.9899393,0.9899393,0.99485886,0.99485886,0.97975826,0.97975826,0.91874576,0.91874576,0.8766581,0.8766581,0.41081542,0.41081542,0.7864297,0.7864297,0.5506794,0.5506794,0.9899658,0.9899658,0.8624687,0.8624687,0.960761,0.960761,0.78102934,0.78102934,0.7398691,0.7398691,0.8731333,0.8731333,0.8696297,0.8696297,0.8821611,0.8821611,0.84632003,0.84632003,0.038383387,0.038383387,0.5738401,0.5738401,0.92684364,0.92684364,0.2554072,0.2554072,0.42694107,0.42694107,0.9781212,0.9781212,0.82664204,0.82664204,0.77969134,0.77969134,2.43E-06,2.43E-06,6.97E-07,6.97E-07,1.18E-06,1.18E-06,2.87E-05,2.87E-05,3.24E-06,3.24E-06,1.64E-06,1.64E-06,1.36E-06,1.36E-06,1.40E-06,1.40E-06,1.50E-06,1.50E-06,1.70E-06,1.70E-06,1.39E-06,1.39E-06,1.55E-06,1.55E-06,1.38E-06,1.38E-06,1.69E-05,1.69E-05,2.35E-06,2.35E-06,1.55E-06,1.55E-06,1.35E-06,1.35E-06,1.45E-06,1.45E-06,1.56E-06,1.56E-06,1.53E-06,1.53E-06,2.15E-06,2.15E-06,2.25E-06,2.25E-06,2.04E-06,2.04E-06,2.64E-05,2.64E-05,5.91E-06,5.91E-06,2.29E-06,2.29E-06,2.15E-06,2.15E-06,3.24E-06,3.24E-06,7.23E-06,7.23E-06,5.60E-06,5.60E-06,2.28E-05,2.28E-05,1.07E-05,1.07E-05,9.48E-06,9.48E-06,9.27E-05,9.27E-05,5.49E-05,5.49E-05,0.81108516,0.81108516,0.000397243,0.000397243,4.68E-06,4.68E-06,2.60E-06,2.60E-06,1.84E-06,1.84E-06,2.34E-06,2.34E-06,2.05E-06,2.05E-06,1.37E-06,1.37E-06,1.80E-05,1.80E-05,2.73E-06,2.73E-06,2.84E-06,2.84E-06,3.58E-06,3.58E-06,4.69E-06,4.69E-06,3.96E-06,3.96E-06,3.05E-06,3.05E-06,3.62E-06,3.62E-06,5.25E-06,5.25E-06,0.99324435,0.99324435,0.88996774,0.88996774,6.03E-05,6.03E-05,3.82E-06,3.82E-06,2.36E-06,2.36E-06,2.19E-06,2.19E-06,2.57E-06,2.57E-06,1.42E-06,1.42E-06,2.04E-06,2.04E-06,2.01E-06,2.01E-06,1.93E-06,1.93E-06,2.43E-05,2.43E-05,3.91E-06,3.91E-06,1.66E-06,1.66E-06,1.68E-06,1.68E-06,1.85E-06,1.85E-06,1.60E-06,1.60E-06,1.47E-06,1.47E-06,1.59E-06,1.59E-06,2.17E-06,1
2.17E-06,1.94E-06,1.94E-06,2.79E-05,2.79E-05,4.08E-06,4.08E-06,3.12E-06,3.12E-06,2.70E-06,2.70E-06,3.33E-06,3.33E-06,4.48E-06,4.48E-06,2.08E-06,2.08E-06,2.47E-06,2.47E-06,3.59E-06,3.59E-06,7.65E-06,7.65E-06,8.70E-05,8.70E-05,9.38E-06,9.38E-06,6.24E-06,6.24E-06,7.88E-06,7.88E-06,5.29E-06,5.29E-06,3.53E-06,3.53E-06,3.74E-06,3.74E-06,0.035539594,0.035539594,0.017231952,0.017231952,5.00E-05,5.00E-05,6.24E-05,6.24E-05,5.01E-06,5.01E-06,3.01E-06,3.01E-06,2.53E-06,2.53E-06,5.74E-06,5.74E-06,1.20E-06,1.20E-06,4.50E-06,4.50E-06,2.41E-06,2.41E-06,8.19E-06,8.19E-06,0.7361792,0.7361792,0.5820196,0.5820196,0.02202717,0.02202717,7.34E-06,7.34E-06,4.28E-06,4.28E-06,2.43E-06,2.43E-06,2.11E-06,2.11E-06,2.01E-06,2.01E-06,1.56E-06,1.56E-06,1.63E-06,1.63E-06,2.04E-06,2.04E-06,3.52E-05,3.52E-05,3.38E-06,3.38E-06,2.29E-06,2.29E-06,1.99E-06,1.99E-06,1.96E-06,1.96E-06,1.76E-06,1.76E-06,3.81E-06,3.81E-06,0.08693087,0.08693087,0.001155218,0.001155218,9.72E-06,9.72E-06,3.33E-05,3.33E-05,4.72E-06,4.72E-06,1.85E-06,1.85E-06,1.66E-06,1.66E-06,1.48E-06,1.48E-06,1.51E-06,1.51E-06,1.70E-06,1.70E-06,2.21E-06,2.21E-06,0.8041217,0.8041217,0.7939312,0.7939312,0.33365107,0.33365107,1.15E-05,1.15E-05,4.07E-06,4.07E-06,2.61E-06,2.61E-06,2.55E-06,2.55E-06,2.22E-06,2.22E-06,2.31E-06,2.31E-06,2.56E-06,2.56E-06,3.32E-06,3.32E-06,1.59E-06,1.59E-06,2.33E-05,2.33E-05,3.39E-06,3.39E-06,1.80E-06,1.80E-06,1.49E-06,1.49E-06,2.15E-06,2.15E-06,2.42E-06,2.42E-06,2.54E-06,2.54E-06,2.08E-06,2.08E-06,2.72E-06,2.72E-06,2.43E-06,2.43E-06,3.96E-05,3.96E-05,6.81E-06,6.81E-06,0.93761355,0.93761355,0.9913003,0.9913003,0.00032133,0.00032133,1.96E-06,1.96E-06,9.23E-07,9.23E-07,7.59E-07,7.59E-07,9.73E-07,9.73E-07,1.03E-06,1.03E-06,2.63E-05,2.63E-05,4.13E-06,4.13E-06,2.47E-06,2.47E-06,2.34E-06,2.34E-06,2.34E-06,2.34E-06,1.81E-06,1.81E-06,1.80E-06,1.80E-06,2.23E-06,2.23E-06,2.29E-06,2.29E-06,2.02E-06,2.02E-06,2.18E-05,2.18E-05,5.60E-06,5.60E-06,2.95E-06,2.95E-06,1.92E-06,1.92E-06,2.67E-06,2.67E-06,0.76075387,0.76075387,0.4016333,0.4016333,6.51E-06,6.51E-06,1.82E-06,1.82E-06,1.67E-06,1.67E-06,3.05E-05,3.05E-05,1
1.75E-06,1.75E-06,1.02E-06,1.02E-06,1.01E-06,9.45E-07,9.45E-07,8.63E-07,8.63E-07,8.22E-07,1.48E-06,1.48E-06,7.71E-07,7.71E-07,8.43E-07,7.88E-06,7.88E-06,7.36E-07,7.36E-07,4.11E-07,4.11E-07,4.11E-07,7.76E-07,7.76E-07,9.78E-07,1.11E-06,1.11E-06,1.18E-06,1.18E-06,8.58E-07,8.78E-07,8.78E-07,1.50E-05,1.50E-05,2.58E-06,1.22E-06,1.22E-06,7.78E-07,7.78E-07,1.22E-06,6.59E-07,6.59E-07,5.54E-07,5.54E-07,0.002737357,5.74E-06,5.74E-06,3.49E-06,3.49E-06,1.39E-05,1.26E-06,1.26E-06,7.53E-07,7.53E-07,5.26E-07,3.89E-07,3.89E-07,3.57E-07,3.57E-07,4.33E-07,4.69E-07,4.69E-07,4.16E-07,4.16E-07,3.27E-07,2.17E-05,2.17E-05,3.47E-06,3.47E-06,7.90E-07,7.97E-07,7.97E-07,1.79E-06,1.79E-06,9.96E-07,9.67E-07,9.67E-07,9.78E-07,9.78E-07,5.31E-07,0.59687,0.59687,0.2898909,0.2898909,1.27E-05,1.71E-06,1.71E-06,1.50E-06,1.50E-06,1.24E-06,8.74E-07,8.74E-07,9.76E-07,9.76E-07,1.08E-06,1.13E-06,1.13E-06,8.48E-07,8.48E-07,1.28E-05,9.93E-07,9.93E-07,6.65E-07,6.65E-07,5.22E-07,4.60E-07,4.60E-07,4.48E-07,4.48E-07,4.56E-07,4.78E-07,4.78E-07,5.02E-07,5.02E-07,0.16337726,0.32340363,0.32340363,0.10522864,0.10522864,6.30E-06,1.24E-06,1.24E-06,5.62E-07,5.62E-07,5.01E-07,4.52E-07,4.52E-07,5.07E-07,5.07E-07,4.73E-07,1.30E-06,1.30E-06,0.99181855,0.99181855,0.99021775,0.7678752,0.7678752,0.61444783,0.61444783,3.17E-06,4.43E-07,4.43E-07,3.74E-07,3.74E-07,3.22E-07,3.59E-07,3.59E-07,3.62E-07,3.62E-07,1.06E-05,1.22E-06,1.22E-06,0.97281116,0.97281116,0.8722305,0.8701937,0.8701937,0.8379307,0.8379307,0.86291367,0.14987844,0.14987844,1.77E-06,1.77E-06,3.31E-07,2.26E-05,2.26E-05,3.03E-06,3.03E-06,1.79E-06,1.94E-06,1.94E-06,1.21E-05,1.21E-05,0.83379585,0.003335563,0.003335563,0.00433621,0.00433621,3.71E-06,1.90E-06,1.90E-06,1.89E-05,1.89E-05,2.46E-06,1.21E-06,1.21E-06,1.01E-06,1.01E-06,1.03E-06,1.57E-06,1.57E-06,1.20E-06,1.20E-06,1.63E-06,1.47E-06,1.47E-06,1.25E-06,1.25E-06,2.07E-05,2.00E-06,2.00E-06,1.26E-06,1.26E-06,1.22E-06,1.11E-06,1.11E-06,1.00E-06,1.00E-06,1.02E-06,1.17E-06,1.17E-06,0.43863297,0.43863297,0.759211,0.001964205,0.001964205,0.001098925,0.001098925,3.59E-06,1.62E-06,1.62E-06,1.26E-06,1.26E-06,1.56E-06,1
1.12E-06,1.12E-06,9.83E-07,9.83E-07,7.75E-07,6.28E-07,6.28E-07,8.74E-06,8.74E-06,8.28E-07,7.75E-07,7.75E-07,5.91E-07,5.91E-07,6.61E-07,5.55E-07,5.55E-07,6.64E-07,6.64E-07,8.48E-07,8.09E-07,8.09E-07,7.86E-07,7.86E-07,1.03E-05,1.44E-06,1.44E-06,1.47E-06,1.47E-06,0.07014019,0.23942016,0.23942016,0.683696,0.683696,4.74E-06,1.41E-06,1.41E-06,1.14E-06,1.14E-06,1.16E-06,1.03E-05,1.03E-05,1.01E-06,1.01E-06,6.30E-07,5.68E-07,5.68E-07,4.65E-07,4.65E-07,4.84E-07,4.86E-07,4.86E-07,5.44E-07,5.44E-07,5.01E-07,5.53E-07,5.53E-07,1.22E-05,1.22E-05,1.17E-06,7.84E-07,7.84E-07,7.60E-07,7.60E-07,9.20E-07,9.81E-07,9.81E-07,1.01E-06,1.01E-06,7.06E-07,7.46E-07,7.46E-07,8.80E-07,8.80E-07,2.90E-05,0.12874815,0.12874815,0.86738944,0.86738944,0.001829743,4.35E-06,4.35E-06,3.23E-06,3.23E-06,1.43E-06,1.58E-06,1.58E-06,9.88E-07,9.88E-07,8.15E-07,9.53E-06,9.53E-06,1.27E-06,1.27E-06,7.29E-07,1.05E-06,1.05E-06,9.54E-07,9.54E-07,8.84E-07,7.26E-07,7.26E-07,7.03E-07,7.03E-07,8.02E-07,9.44E-07,9.44E-07,1.38E-05,1.38E-05,1.66E-06,1.09E-06,1.09E-06,1.20E-06,1.20E-06,0.55617326,0.842665,0.842665,0.48292804,0.48292804,9.12E-05,2.75E-06,2.75E-06,1.45E-06,1.45E-06,2.26E-05,3.49E-06,3.49E-06,2.80E-06,2.80E-06,3.40E-06,3.24E-06,3.24E-06,3.10E-06,3.10E-06,2.41E-06,2.71E-06,2.71E-06,3.04E-06,3.04E-06,2.78E-06,1.85E-05,1.85E-05,2.73E-06,2.73E-06,1.48E-06,1.14E-06,1.14E-06,1.23E-06,1.23E-06,1.27E-06,9.91E-07,9.91E-07,8.77E-07,8.77E-07,1.10E-06,1.01E-06,1.01E-06,1.29E-05,1.29E-05,1.53E-06,9.71E-07,9.71E-07,8.57E-07,8.57E-07,8.83E-07,8.43E-07,8.43E-07,6.93E-07,6.93E-07,1.20E-06,0.45501003,0.45501003,0.68762124,0.68762124,0.1274447,1.98E-05,1.98E-05,1.74E-06,1.74E-06,2.18E-06,1.54E-06,1.54E-06,1.77E-06,1.77E-06,1.03E-06,8.17E-07,8.17E-07,7.90E-07,7.90E-07,7.78E-07,9.05E-06,9.05E-06,1.11E-06,1.11E-06,7.97E-07,7.62E-07,7.62E-07,6.49E-07,6.49E-07,6.18E-07,7.24E-07,7.24E-07,8.68E-07,8.68E-07,1.77E-06,0.001438827,0.001438827,8.87E-05,8.87E-05,7.77E-06,2.91E-06,2.91E-06,2.57E-06,2.57E-06,1.64E-06,1.61E-06,1.61E-06,1.57E-06,1.57E-06,1.17E-06,1.05E-06,1.05E-06,9.54E-07,9.54E-07,1.18E-05,1
1.45E-06,1.45E-06,1.13E-06,1.13E-06,7.87E-07,7.24E-07,7.24E-07,6.69E-07,6.69E-07,6.74E-07,4.86E-07,4.86E-07,5.22E-07,5.22E-07,5.81E-07,8.05E-06,8.05E-06,7.67E-07,7.67E-07,4.07E-07,4.83E-07,4.83E-07,4.09E-07,4.09E-07,0.25431514,0.8378028,0.8378028,0.87506723,0.87506723,2.48E-06,1.16E-06,1.16E-06,2.32E-05,2.32E-05,2.43E-06,1.50E-06,1.50E-06,1.22E-06,1.22E-06,1.25E-06,1.53E-06,1.53E-06,0.76967883,0.76967883,0.032504063,2.44E-06,2.44E-06,1.58E-06,1.58E-06,1.50E-05,1.31E-06,1.31E-06,9.05E-07,9.05E-07,1.13E-06,1.29E-06,1.29E-06,1.31E-06,1.31E-06,1.41E-06,1.36E-06,1.36E-06,1.24E-06,1.24E-06,1.30E-06,1.60E-05,1.60E-05,2.48E-06,2.48E-06,1.74E-06,1.47E-06,1.47E-06,1.79E-06,1.79E-06,1.44E-06,1.36E-06,1.36E-06,1.31E-06,1.31E-06,1.42E-06,1.53E-06,1.53E-06,0.59473294,0.59473294,0.001348362,1.46E-06,1.46E-06,7.03E-07,7.03E-07,7.50E-07,8.32E-07,8.32E-07,1.07E-06,1.07E-06,1.33E-06,1.31E-06,1.31E-06,1.49E-06,1.49E-06,1.60E-05,2.48E-06,2.48E-06,1.51E-06,1.51E-06,1.48E-06,1.19E-06,1.19E-06,1.33E-06,1.33E-06,1.22E-06,1.52E-06,1.52E-06,1.30E-06,1.30E-06,1.43E-06,1.12E-05,1.12E-05,1.50E-06,1.50E-06,1.04E-06,9.54E-07,9.54E-07,7.53E-07,7.53E-07,7.54E-07,8.45E-07,8.45E-07,8.00E-07,8.00E-07,7.20E-07,8.50E-07,8.50E-07,1.55E-05,1.55E-05,1.94E-06,1.74E-06,1.74E-06,1.42E-06,1.42E-06,2.89E-06,0.20234741,0.20234741,4.65E-06,4.65E-06,1.38E-06,9.32E-07,9.32E-07,8.59E-07,8.59E-07,1.34E-05,1.58E-06,1.58E-06,8.65E-07,8.65E-07,5.68E-07,7.06E-07,7.06E-07,6.92E-07,6.92E-07,0.04854255,0.00575569,0.00575569,3.05E-06,3.05E-06,1.22E-06,1.51E-05,1.51E-05,1.72E-06,1.72E-06,1.19E-06,1.27E-06,1.27E-06,1.24E-06,1.24E-06,1.14E-06,1.34E-06,1.34E-06,1.29E-06,1.29E-06,1.38E-06,1.34E-06,1.34E-06,1.36E-05,1.36E-05,2.31E-06,1.58E-06,1.58E-06,1.39E-06,1.39E-06,1.24E-06,1.21E-06,1.21E-06,1.51E-06,1.51E-06,1.59E-06,1.66E-06,1.66E-06,1.49E-06,1.49E-06,2.23E-05,9.66E-06,9.66E-06,0.54237276,0.54237276,0.28402463,1.32E-05,1.32E-05,7.18E-06,7.18E-06,1.00E-06,9.54E-07,9.54E-07,1.12E-06,1.12E-06,1.30E-06,1.46E-05,1.46E-05,1.81E-06,1.81E-06,1.19E-06,9.31E-07,9.31E-07,7.99E-07,7.99E-07,0.97355497,1
0.98469216,0.98469216,0.8249152,0.8249152,0.9701802,9.27E-06,9.27E-06,1.96E-05,1.96E-05,1.84E-06,1.32E-06,1.32E-06,1.10E-06,1.10E-06,9.53E-07,9.57E-07,9.57E-07,9.56E-07,9.56E-07,9.95E-07,7.26E-07,7.26E-07,8.20E-07,8.20E-07,9.45E-06,1.02E-06,1.02E-06,5.47E-07,5.47E-07,5.14E-07,4.94E-07,4.94E-07,4.88E-07,4.88E-07,5.58E-07,8.89E-07,8.89E-07,0.0264284,0.0264284,0.70534396,0.0002264,0.0002264,4.28E-05,4.28E-05,1.69E-06,9.21E-07,9.21E-07,8.71E-07,8.71E-07,1.02E-06,9.29E-07,9.29E-07,1.04E-06,1.04E-06,1.26E-06,1.06E-06,1.06E-06,9.80E-06,9.80E-06,1.09E-06,7.12E-07,7.12E-07,6.42E-07,6.42E-07,6.85E-07,6.41E-07,6.41E-07,7.44E-07,7.44E-07,6.78E-07,8.10E-07,8.10E-07,6.91E-07,6.91E-07,1.11E-05,1.63E-06,1.63E-06,3.29E-06,3.29E-06,0.032970347,5.29E-06,5.29E-06,4.11E-06,4.11E-06,1.40E-06,1.16E-06,1.16E-06,1.37E-06,1.37E-06,1.66E-06,1.71E-05,1.71E-05,2.16E-06,2.16E-06,1.39E-06,1.25E-06,1.25E-06,1.08E-06,1.08E-06,1.15E-06,1.15E-06,1.15E-06,1.20E-06,1.20E-06,1.42E-06,1.72E-06,1.72E-06,1.67E-05,1.67E-05,2.27E-06,4.08E-06,4.08E-06,4.64E-06,4.64E-06,0.021939358,0.018070037,0.018070037,1.32E-05,1.32E-05,1.33E-06,1.11E-06,1.11E-06,1.17E-06,1.17E-06,1.60E-05,2.14E-06,2.14E-06,1.29E-06,1.29E-06,1.41E-06,1.15E-06,1.15E-06,9.12E-07,9.12E-07,1.42E-06,1.41E-06,1.41E-06,1.49E-06,1.49E-06,1.47E-06,1.70E-05,1.70E-05,2.24E-06,2.24E-06,1.38E-06,1.27E-06,1.27E-06,9.25E-07,9.25E-07,1.17E-06,9.53E-07,9.53E-07,9.13E-07,9.13E-07,7.88E-07,9.17E-07,9.17E-07,1.46E-05,1.46E-05,3.86E-06,4.91E-06,4.91E-06,4.57E-06,4.57E-06,4.58E-06,4.43E-05,4.43E-05,6.28E-05,6.28E-05,8.48E-05,0.000149627,0.000149627,0.00017734,0.00017734,0.000494408,0.000179088,0.000179088,6.78E-05,6.78E-05,0.000253233,0.000263686,0.000263686,0.00033349,0.00033349,5.43E-05,4.09E-05,4.09E-05,8.04E-05,8.04E-05,5.28E-05,0.000146332,0.000146332,1.97E-05,1.97E-05,2.28E-05,0.000162956,0.000162956,9.88E-06,9.88E-06,3.58E-05,6.78E-06,6.78E-06,5.03E-06,5.03E-06,1.35E-05,5.87E-05,5.87E-05,0.000398788,0.000398788,5.39E-05,3.57E-05,3.57E-05,6.27E-05,6.27E-05,3.63E-05,4.89E-05,4.89E-05,0.000103976,0.000103976,9.50E-05,0.0001186,0.0001186,0.00011884,0.00011884,0.000609629,1
0.000198812,0.000198812,6.85E-05,6.85E-05,5.39E-05,5.39E-05,2.03E-05,2.03E-05,1.84E-05,1.84E-05,1.12E-05,1.12E-05,1.27E-05,1.27E-05,5.00E-06,5.00E-06,6.53E-06,6.53E-06,9.10E-05,9.10E-05,1.16E-05,1.16E-05,9.71E-06,9.71E-06,8.67E-06,8.67E-06,6.16E-06,6.16E-06,7.51E-06,7.51E-06,3.31E-06,3.31E-06,4.00E-06,4.00E-06,4.81E-06,4.81E-06,5.35E-06,5.35E-06,6.47E-05,6.47E-05,7.43E-06,7.43E-06,5.22E-06,5.22E-06,3.12E-06,3.12E-06,2.44E-06,2.44E-06,2.96E-06,2.96E-06,2.62E-06,2.62E-06,3.37E-06,3.37E-06,3.27E-06,3.27E-06,3.93E-06,3.93E-06,6.22E-05,6.22E-05,8.33E-06,8.33E-06,6.29E-06,6.29E-06,8.54E-06,8.54E-06,4.15E-06,4.15E-06,5.14E-06,5.14E-06,9.44E-06,9.44E-06,6.93E-06,6.93E-06,8.22E-06,8.22E-06,0.22687015,0.22687015,0.8352923,0.8352923,0.037797052,0.037797052,0.000182516,0.000182516,1.14E-05,1.14E-05,1.18E-05,1.18E-05,8.50E-06,8.50E-06,2.04E-05,2.04E-05,1.76E-05,1.76E-05,4.80E-06,4.80E-06,1.05E-05,1.05E-05,5.96E-05,5.96E-05,7.74E-06,7.74E-06,6.45E-06,6.45E-06,4.02E-06,4.02E-06,5.10E-06,5.10E-06,1.81E-06,1.81E-06,2.23E-06,2.23E-06,3.37E-06,3.37E-06,4.87E-06,4.87E-06,3.24E-06,3.24E-06,6.37E-05,6.37E-05,6.80E-06,6.80E-06,4.81E-06,4.81E-06,3.80E-06,3.80E-06,3.46E-06,3.46E-06,2.78E-06,2.78E-06,2.86E-06,2.86E-06,4.11E-06,4.11E-06,4.03E-06,4.03E-06,3.50E-06,3.50E-06,5.65E-05,5.65E-05,0.3997507,0.3997507,0.6032485,0.6032485,0.000429225,0.000429225,5.10E-06,5.10E-06,6.79E-06,6.79E-06,4.62E-06,4.62E-06,2.10E-06,2.10E-06,1.44E-06,1.44E-06,1.07E-06,1.07E-06,3.39E-05,3.39E-05,2.66E-06,2.66E-06,1.41E-06,1.41E-06,2.32E-06,2.32E-06,4.77E-06,4.77E-06,4.44E-06,4.44E-06,4.69E-06,4.69E-06,5.50E-06,5.50E-06,4.51E-06,4.51E-06,3.20E-06,3.20E-06,6.24E-05,6.24E-05,6.65E-06,6.65E-06,6.03E-06,6.03E-06,4.48E-06,4.48E-06,5.21E-06,5.21E-06,5.60E-06,5.60E-06,3.30E-06,3.30E-06,3.08E-06,3.08E-06,7.15E-06,7.15E-06,1.01E-05,1.01E-05,0.000140583,0.000140583,1.94E-05,1.94E-05,5.69E-06,5.69E-06,5.56E-06,5.56E-06,5.74E-06,5.74E-06,6.16E-06,6.16E-06,6.57E-06,6.57E-06,7.43E-06,7.43E-06,6.12E-06,6.12E-06,6.74E-06,6.74E-06,6.95E-05,6.95E-05,5.19E-06,5.19E-06,3.17E-06,3.17E-06,3.28E-06,1
3.28E-06,2.51E-06,2.51E-06,7.15E-05,7.15E-05,0.000682779,0.000682779,0.000120842,0.000120842,0.000126648,0.000126648,0.000136305,0.000136305,0.000590945,0.000590945,5.06E-05,5.06E-05,0.000116301,0.000116301,2.47E-05,2.47E-05,7.25E-05,7.25E-05,0.000135102,0.000135102,0.00010172,0.00010172,6.56E-06,6.56E-06,1.05E-05,1.05E-05,1.15E-05,1.15E-05,0.000176685,0.000176685,3.72E-05,3.72E-05,1.54E-05,1.54E-05,7.15E-06,7.15E-06,1.09E-05,1.09E-05,8.45E-06,8.45E-06,7.24E-06,7.24E-06,1.03E-05,1.03E-05,9.18E-06,9.18E-06,9.94E-06,9.94E-06,7.53E-05,7.53E-05,8.96E-06,8.96E-06,7.31E-06,7.31E-06,3.37E-06,3.37E-06,2.81E-06,2.81E-06,3.12E-06,3.12E-06,4.79E-06,4.79E-06,6.09E-06,6.09E-06,4.67E-06,4.67E-06,3.77E-06,3.77E-06,3.53E-05,3.53E-05,8.06E-06,8.06E-06,9.17E-06,9.17E-06,4.98E-06,4.98E-06,5.25E-06,5.25E-06,6.66E-06,6.66E-06,6.16E-06,6.16E-06,1.03E-05,1.03E-05,5.36E-06,5.36E-06,1.00E-05,1.00E-05,7.78E-05,7.78E-05,0.000126199,0.000126199,0.031051936,0.031051936,0.002989442,0.002989442,7.92E-05,7.92E-05,7.41E-06,7.41E-06,4.15E-06,4.15E-06,8.50E-06,8.50E-06,4.19E-06,4.19E-06,2.78E-06,2.78E-06,5.48E-05,5.48E-05,7.47E-06,7.47E-06,7.28E-06,7.28E-06,3.01E-06,3.01E-06,4.23E-06,4.23E-06,1.11E-05,1.11E-05,4.44E-06,4.44E-06,4.61E-06,4.61E-06,8.59E-06,8.59E-06,3.33E-06,3.33E-06,5.77E-05,5.77E-05,1.53E-05,1.53E-05,8.55E-06,8.55E-06,0.38614482,0.38614482,0.8322146,0.8322146,0.009551158,0.009551158,0.000945469,0.000945469,3.85E-05,3.85E-05,2.41E-05,2.41E-05,4.07E-05,4.07E-05,0.000454122,0.000454122,9.66E-05,9.66E-05,2.88E-05,2.88E-05,2.98E-05,2.98E-05,1.50E-05,1.50E-05,1.02E-05,1.02E-05,1.68E-05,1.68E-05,1.38E-05,1.38E-05,2.06E-05,2.06E-05,9.71E-06,9.71E-06,0.000127728,0.000127728,1.62E-05,1.62E-05,9.78E-06,9.78E-06,6.88E-06,6.88E-06,5.89E-06,5.89E-06,8.16E-06,8.16E-06,5.14E-06,5.14E-06,4.24E-06,4.24E-06,4.90E-06,4.90E-06,4.53E-06,4.53E-06,6.56E-05,6.56E-05,1.02E-05,1.02E-05,5.02E-06,5.02E-06,4.54E-06,4.54E-06,0.33180508,0.33180508,0.22590822,0.22590822,0.002498714,0.002498714,9.89E-05,9.89E-05,4.00E-05,4.00E-05,2.92E-05,2.92E-05,8.02E-05,8.02E-05,1.04E-05,1.04E-05,4.92E-06,4.92E-06,4.95E-06,4.95E-06,3.50E-06,3.50E-06,2.93E-06,2.93E-06,1
3.41E-05,3.41E-05,2.71E-05,2.71E-05,2.37E-05,2.28E-05,2.28E-05,2.56E-05,2.56E-05,1.79E-05,0.000107751,0.000107751,0.24286558,0.24286558,0.20664829,0.13436878,0.13436878,0.003208567,0.003208567,0.00013539,0.000153258,0.000153258,0.000773685,0.000773685,0.005105732,0.000134497,0.000134497,4.38E-05,4.38E-05,3.02E-05,1.97E-05,1.97E-05,0.000133566,0.000133566,2.36E-05,3.27E-05,3.27E-05,2.90E-05,2.90E-05,1.47E-05,2.50E-05,2.50E-05,4.77E-05,4.77E-05,0.000142681,4.78E-05,4.78E-05,5.49E-05,5.49E-05,0.000284991,2.71E-05,2.71E-05,3.30E-05,3.30E-05,3.37E-05,1.35E-05,1.35E-05,2.38E-05,2.38E-05,2.78E-05,1.59E-05,1.59E-05,2.06E-05,2.06E-05,2.42E-05,0.000277702,0.000277702,2.58E-05,2.58E-05,2.91E-05,3.25E-05,3.25E-05,2.55E-05,2.55E-05,2.18E-05,1.97E-05,1.97E-05,7.10E-05,7.10E-05,0.028774831,0.002982544,0.002982544,0.000898447,0.000898447,0.000159125,5.80E-05,5.80E-05,3.08E-05,3.08E-05,4.02E-05,5.11E-05,5.11E-05,5.26E-05,5.26E-05,0.000188911,0.76145273,0.76145273,0.000708561,0.000708561,0.000636996,0.000112867,0.000112867,4.75E-05,4.75E-05,9.36E-05,0.8830884,0.8830884,0.000873412,0.000873412,0.000180546,5.32E-05,5.32E-05,2.12E-05,2.12E-05,2.13E-05,0.000214417,0.000214417,2.46E-05,2.46E-05,1.91E-05,2.19E-05,2.19E-05,3.25E-05,3.25E-05,2.97E-05,2.42E-05,2.42E-05,1.99E-05,1.99E-05,1.19E-05,1.27E-05,1.27E-05,0.000100864,0.000100864,1.26E-05,7.60E-06,7.60E-06,6.30E-06,6.30E-06,6.67E-06,6.82E-06,6.82E-06,0.022749113,0.022749113,0.0732944,2.13E-05,2.13E-05,7.05E-06,7.05E-06,9.96E-05,1.22E-05,1.22E-05,9.60E-06,9.60E-06,8.60E-06,1.40E-05,1.40E-05,7.36E-06,7.36E-06,8.10E-06,1.32E-05,1.32E-05,9.03E-06,9.03E-06,7.68E-06,0.000134073,0.000134073,5.17E-05,5.17E-05,5.26E-05,2.02E-05,2.02E-05,2.95E-05,2.95E-05,1.67E-05,1.23E-05,1.23E-05,1.44E-05,1.44E-05,3.32E-05,2.73E-05,2.73E-05,0.000180848,0.000180848,4.34E-05,2.71E-05,2.71E-05,4.66E-05,4.66E-05,6.76E-05,0.000551588,0.000551588,0.000209741,0.000209741,0.000121111,6.06E-05,6.06E-05,4.00E-05,4.00E-05,0.000210176,4.01E-05,4.01E-05,3.74E-05,3.74E-05,5.87E-05,0.000105432,0.000105432,8.87E-05,8.87E-05,9.02E-05,0.000103761,0.000103761,9.32E-05,9.32E-05,0.000125075,0.000557806,0.000557806,4.34E-05,4.34E-05,3.93E-05,2.59E-05,2.59E-05,1.92E-05,1.92E-05,1.88E-05,1
2.14E-05,2.14E-05,0.000469781,0.000469781,0.18789807,0.00010626,0.00010626,0.000240663,0.000240663,2.82E-05,1.81E-05,1.81E-05,2.42E-05,2.42E-05,1.56E-05,1.44E-05,1.44E-05,2.07E-05,2.07E-05,2.49E-05,2.74E-05,2.74E-05,2.93E-05,2.93E-05,0.000208839,3.48E-05,3.48E-05,3.40E-05,3.40E-05,2.62E-05,3.17E-05,3.17E-05,2.10E-05,2.10E-05,2.05E-05,3.09E-05,3.09E-05,3.87E-05,3.87E-05,2.60E-05,0.000161123,0.000161123,0.000810866,0.000810866,0.054719582,0.039219256,0.039219256,5.50E-05,5.50E-05,2.36E-05,2.02E-05,2.02E-05,8.22E-06,8.22E-06,1.25E-05,1.06E-05,1.06E-05,8.21E-05,8.21E-05,2.86E-05,2.02E-05,2.02E-05,1.21E-05,1.21E-05,9.38E-06,1.00E-05,1.00E-05,2.06E-05,2.06E-05,6.59E-05,0.000118153,0.000118153,0.000168878,0.000168878,0.000779882,0.00020317,0.00020317,0.000161481,0.000161481,0.000954458,0.049267855,0.049267855,0.96688443,0.96688443,0.40456626,0.289678,0.289678,0.058930937,0.058930937,0.7041129,0.61877143,0.61877143,0.8766525,0.8766525,0.18403399,0.036458045,0.036458045,0.049085494,0.049085494,0.26233122,0.097291395,0.097291395,0.3673369,0.3673369,0.82110137,0.59435534,0.59435534,0.93651456,0.93651456,0.9213664,0.8675416,0.8675416,0.7416655,0.7416655,0.6181078,0.22423631,0.22423631,0.085682645,0.085682645,0.005922664,0.024088569,0.024088569,0.5711914,0.5711914,0.9781422,0.97251874,0.97251874,0.67106146,0.67106146,0.21426645,0.4590072,0.4590072,0.13555567,0.13555567,0.031207222,0.07286056,0.07286056,0.11648935,0.11648935,0.14700982,0.6391858,0.6391858,0.3588112,0.3588112,0.4470308,0.02563743,0.02563743,0.38651443,0.38651443,0.15117475,0.39128423,0.39128423,0.22752503,0.22752503,0.14362718,0.044952087,0.044952087,0.7376233,0.7376233,0.84321135,0.85931224,0.85931224,0.3281481,0.3281481,0.321954,0.037941474,0.037941474,0.16846211,0.16846211,0.045983862,0.014098566,0.014098566,0.003730205,0.003730205,0.089764856,0.030867036,0.030867036,0.10624722,0.10624722,0.033786014,0.07527532,0.07527532,0.9216792,0.9216792,0.9869004,0.9754765,0.9754765,0.22204255,0.22204255,1.16E-05,0.000294494,0.000294494,5.04E-05,5.04E-05,1.76E-05,2.65E-05,2.65E-05,2.40E-05,2.40E-05,2.02E-05,2.14E-05,2.14E-05,2.87E-05,2.87E-05,1.56E-05,1.85E-05,1.85E-05,0.000246668,0.000246668,1.53E-05,9.42E-06,9.42E-06,1.06E-05,1.06E-05,1.02E-05,1.05E-05,1.05E-05,9.82E-06,9.82E-06,1.08E-05,1.13E-05,1.13E-05,8.81E-06,8.81E-06,8.89E-05,1
9.14E-05,9.14E-05,7.82E-05,7.82E-05,1.98E-05,1.98E-05,7.06E-06,7.06E-06,8.53E-06,8.53E-06,1.56E-05,1.56E-05,5.97E-06,5.97E-06,9.74E-06,9.74E-06,1.11E-05,1.11E-05,7.23E-05,7.23E-05,1.39E-05,1.39E-05,9.03E-06,9.03E-06,1.00E-05,1.00E-05,4.61E-06,4.61E-06,4.35E-06,4.35E-06,3.59E-06,3.59E-06,5.12E-06,5.12E-06,7.02E-06,7.02E-06,6.97E-06,6.97E-06,8.58E-05,8.58E-05,9.92E-06,9.92E-06,7.09E-06,7.09E-06,4.86E-06,4.86E-06,3.22E-06,3.22E-06,6.45E-06,6.45E-06,4.12E-06,4.12E-06,3.96E-06,3.96E-06,5.30E-06,5.30E-06,4.09E-06,4.09E-06,5.08E-05,5.08E-05,7.51E-06,7.51E-06,6.04E-06,6.04E-06,5.31E-06,5.31E-06,3.77E-06,3.77E-06,4.52E-06,4.52E-06,6.54E-06,6.54E-06,6.08E-06,6.08E-06,4.48E-06,4.48E-06,0.1657323,0.1657323,0.8120105,0.8120105,0.06817531,0.06817531,0.000171919,0.000171919,1.02E-05,1.02E-05,6.13E-06,6.13E-06,1.24E-05,1.24E-05,9.51E-06,9.51E-06,6.79E-06,6.79E-06,4.91E-06,4.91E-06,1.09E-05,1.09E-05,0.000120594,0.000120594,1.02E-05,1.02E-05,8.14E-06,8.14E-06,4.29E-06,4.29E-06,5.44E-06,5.44E-06,3.70E-06,3.70E-06,4.90E-06,4.90E-06,5.51E-06,5.51E-06,1.13E-05,1.13E-05,7.20E-06,7.20E-06,5.36E-05,5.36E-05,7.24E-06,7.24E-06,3.85E-06,3.85E-06,4.12E-06,4.12E-06,5.60E-06,5.60E-06,2.14E-06,2.14E-06,2.44E-06,2.44E-06,3.01E-06,3.01E-06,3.59E-06,3.59E-06,3.71E-06,3.71E-06,7.21E-05,7.21E-05,0.8351015,0.8351015,0.79590136,0.79590136,0.000919835,0.000919835,4.56E-06,4.56E-06,3.11E-06,3.11E-06,5.72E-06,5.72E-06,3.58E-06,3.58E-06,1.89E-06,1.89E-06,1.20E-06,1.20E-06,3.44E-05,3.44E-05,3.93E-06,3.93E-06,3.43E-06,3.43E-06,3.31E-06,3.31E-06,5.25E-06,5.25E-06,6.77E-06,6.77E-06,4.23E-06,4.23E-06,3.86E-06,3.86E-06,3.65E-06,3.65E-06,3.85E-06,3.85E-06,7.40E-05,7.40E-05,6.36E-06,6.36E-06,6.32E-06,6.32E-06,4.43E-06,4.43E-06,6.85E-06,6.85E-06,5.37E-06,5.37E-06,3.65E-06,3.65E-06,4.44E-06,4.44E-06,6.30E-06,6.30E-06,5.19E-06,5.19E-06,0.000117532,0.000117532,1.78E-05,1.78E-05,7.05E-06,7.05E-06,4.87E-06,4.87E-06,3.57E-06,3.57E-06,3.44E-06,3.44E-06,2.91E-06,2.91E-06,3.79E-06,3.79E-06,4.25E-06,4.25E-06,4.94E-06,4.94E-06,6.22E-05,6.22E-05,5.52E-06,5.52E-06,3.96E-06,3.96E-06,3.72E-06,1
3.72E-06,3.55E-06,3.55E-06,6.61E-05,6.61E-05,0.000507323,0.000507323,0.000116319,0.000116319,0.000157076,0.000157076,7.62E-05,7.62E-05,0.000388553,0.000388553,5.20E-05,5.20E-05,0.000173303,0.000173303,9.31E-05,9.31E-05,0.000150234,0.000150234,0.000168538,0.000168538,0.000162558,0.000162558,1.33E-05,1.33E-05,1.51E-05,1.51E-05,1.24E-05,1.24E-05,9.68E-05,9.68E-05,3.17E-05,3.17E-05,8.03E-06,8.03E-06,8.34E-06,8.34E-06,9.86E-06,9.86E-06,6.10E-06,6.10E-06,6.85E-06,6.85E-06,7.27E-06,7.27E-06,7.90E-06,7.90E-06,9.09E-06,9.09E-06,8.27E-05,8.27E-05,1.04E-05,1.04E-05,7.83E-06,7.83E-06,5.13E-06,5.13E-06,3.68E-06,3.68E-06,3.77E-06,3.77E-06,3.45E-06,3.45E-06,3.10E-06,3.10E-06,7.53E-06,7.53E-06,4.32E-06,4.32E-06,8.58E-05,8.58E-05,6.65E-06,6.65E-06,5.43E-06,5.43E-06,4.34E-06,4.34E-06,3.93E-06,3.93E-06,3.88E-06,3.88E-06,3.28E-06,3.28E-06,4.53E-06,4.53E-06,4.32E-06,4.32E-06,4.91E-06,4.91E-06,6.90E-05,6.90E-05,4.23E-05,4.23E-05,0.005468571,0.005468571,0.000447722,0.000447722,4.16E-05,4.16E-05,1.45E-05,1.45E-05,1.15E-05,1.15E-05,7.01E-06,7.01E-06,1.38E-05,1.38E-05,4.33E-06,4.33E-06,6.75E-05,6.75E-05,7.00E-06,7.00E-06,6.66E-06,6.66E-06,3.20E-06,3.20E-06,3.05E-06,3.05E-06,2.46E-06,2.46E-06,5.32E-06,5.32E-06,4.54E-06,4.54E-06,2.73E-06,2.73E-06,6.13E-06,6.13E-06,0.000127276,0.000127276,1.02E-05,1.02E-05,6.38E-06,6.38E-06,0.40511563,0.40511563,0.9002751,0.9002751,0.099133246,0.099133246,0.000275485,0.000275485,9.13E-06,9.13E-06,9.73E-06,9.73E-06,1.48E-05,1.48E-05,0.000167387,0.000167387,3.43E-05,3.43E-05,1.78E-05,1.78E-05,1.46E-05,1.46E-05,2.16E-05,2.16E-05,8.98E-06,8.98E-06,8.75E-06,8.75E-06,1.02E-05,1.02E-05,1.04E-05,1.04E-05,6.67E-06,6.67E-06,7.94E-05,7.94E-05,1.45E-05,1.45E-05,5.78E-06,5.78E-06,7.69E-06,7.69E-06,6.72E-06,6.72E-06,6.41E-06,6.41E-06,5.45E-06,5.45E-06,3.62E-06,3.62E-06,5.39E-06,5.39E-06,5.66E-06,5.66E-06,7.07E-05,7.07E-05,1.33E-05,1.33E-05,5.45E-06,5.45E-06,5.50E-06,5.50E-06,0.38468963,0.38468963,0.357912,0.357912,0.002730198,0.002730198,7.80E-05,7.80E-05,2.48E-05,2.48E-05,3.19E-05,3.19E-05,7.47E-05,7.47E-05,1.11E-05,1.11E-05,5.49E-06,5.49E-06,8.55E-06,8.55E-06,3.55E-06,3.55E-06,2.83E-06,2.83E-06,1
2.06E-06,2.06E-06,3.02E-06,3.02E-06,3.10E-06,3.10E-06,2.04E-06,2.04E-06,5.17E-05,5.17E-05,8.54E-06,8.54E-06,5.30E-06,5.30E-06,4.51E-06,4.51E-06,2.88E-06,2.88E-06,3.46E-06,3.46E-06,4.00E-06,4.00E-06,3.45E-06,3.45E-06,7.10E-06,7.10E-06,0.15922433,0.15922433,0.929453,0.929453,0.03238348,0.03238348,0.000135745,0.000135745,8.70E-06,8.70E-06,2.85E-06,2.85E-06,3.45E-06,3.45E-06,3.85E-06,3.85E-06,3.42E-06,3.42E-06,4.26E-06,4.26E-06,2.88E-06,2.88E-06,6.31E-05,6.31E-05,1.06E-05,1.06E-05,7.18E-06,7.18E-06,7.19E-06,7.19E-06,8.25E-06,8.25E-06,7.15E-06,7.15E-06,5.51E-06,5.51E-06,6.61E-06,6.61E-06,4.93E-06,4.93E-06,7.57E-06,7.57E-06,0.000156478,0.000156478,1.52E-05,1.52E-05,0.07337608,0.07337608,0.12973045,0.12973045,0.062308673,0.062308673,0.000690848,0.000690848,0.000132175,0.000132175,1.55E-05,1.55E-05,1.23E-05,1.23E-05,1.27E-05,1.27E-05,0.000107908,0.000107908,7.03E-06,7.03E-06,4.19E-06,4.19E-06,2.82E-06,2.82E-06,2.02E-06,2.02E-06,2.12E-06,2.12E-06,2.34E-06,2.34E-06,1.96E-06,1.96E-06,2.45E-06,2.45E-06,2.13E-06,2.13E-06,4.60E-05,4.60E-05,6.90E-06,6.90E-06,3.91E-06,3.91E-06,3.41E-06,3.41E-06,2.92E-06,2.92E-06,1.81E-06,1.81E-06,1.73E-06,1.73E-06,1.52E-06,1.52E-06,1.51E-06,1.51E-06,1.80E-06,1.80E-06,2.54E-05,2.54E-05,4.03E-06,4.03E-06,2.30E-06,2.30E-06,2.05E-06,2.05E-06,1.93E-06,1.93E-06,6.06E-05,6.06E-05,0.2252974,0.2252974,0.6030118,0.6030118,0.000685549,0.000685549,3.61E-05,3.61E-05,0.000144145,0.000144145,1.16E-05,1.16E-05,6.94E-06,6.94E-06,3.72E-06,3.72E-06,2.47E-06,2.47E-06,3.40E-06,3.40E-06,3.42E-06,3.42E-06,4.25E-06,4.25E-06,3.03E-06,3.03E-06,2.08E-06,2.08E-06,3.92E-05,3.92E-05,6.23E-06,6.23E-06,5.21E-06,5.21E-06,4.85E-06,4.85E-06,3.65E-06,3.65E-06,4.97E-06,4.97E-06,4.46E-06,4.46E-06,5.29E-06,5.29E-06,9.83E-06,9.83E-06,2.24E-05,2.24E-05,0.000347157,0.000347157,0.000152277,0.000152277,0.000382003,0.000382003,0.000645163,0.000645163,0.000569567,0.000569567,0.000557275,0.000557275,8.93E-05,8.93E-05,2.31E-05,2.31E-05,1.01E-05,1.01E-05,4.15E-06,4.15E-06,6.67E-05,6.67E-05,6.29E-06,6.29E-06,4.68E-06,4.68E-06,3.75E-06,3.75E-06,5.11E-06,5.11E-06,4.74E-06,4.74E-06,5.55E-06,5.55E-06,3.58E-06,3.58E-06,5.20E-06,1
5.20E-06,4.31E-06,4.31E-06,6.72E-05,6.72E-05,9.94E-06,9.94E-06,3.78E-06,3.78E-06,2.94E-06,2.94E-06,5.41E-06,5.41E-06,3.57E-06,3.57E-06,4.23E-06,4.23E-06,1.09E-05,1.09E-05,2.49E-05,2.49E-05,0.000761847,0.000761847,0.6973986,0.6973986,0.35917005,0.35917005,0.000118778,0.000118778,7.83E-07,7.83E-07,7.94E-07,7.94E-07,9.98E-07,9.98E-07,1.41E-06,1.41E-06,1.97E-06,1.97E-06,1.70E-06,1.70E-06,1.81E-06,1.81E-06,2.26E-05,2.26E-05,2.96E-06,2.96E-06,2.24E-06,2.24E-06,2.84E-06,2.84E-06,2.35E-06,2.35E-06,2.55E-06,2.55E-06,3.40E-06,3.40E-06,3.74E-06,3.74E-06,2.69E-06,2.69E-06,4.15E-06,4.15E-06,3.73E-05,3.73E-05,4.11E-06,4.11E-06,3.11E-06,3.11E-06,2.65E-06,2.65E-06,3.37E-06,3.37E-06,4.59E-06,4.59E-06,3.47E-06,3.47E-06,6.51E-06,6.51E-06,1.61E-05,1.61E-05,1.60E-05,1.60E-05,0.000556324,0.000556324,0.000145654,0.000145654,0.000559199,0.000559199,0.109649405,0.109649405,0.80376613,0.80376613,0.14512727,0.14512727,6.35E-06,6.35E-06,2.25E-06,2.25E-06,2.97E-06,2.97E-06,2.17E-06,2.17E-06,7.74E-05,7.74E-05,9.17E-06,9.17E-06,8.94E-06,8.94E-06,5.03E-06,5.03E-06,1.02E-05,1.02E-05,5.24E-06,5.24E-06,8.08E-06,8.08E-06,5.27E-06,5.27E-06,5.09E-06,5.09E-06,7.65E-06,7.65E-06,9.57E-05,9.57E-05,7.61E-06,7.61E-06,9.64E-06,9.64E-06,5.61E-06,5.61E-06,4.04E-05,4.04E-05,4.17E-05,4.17E-05,0.051555857,0.051555857,0.98344153,0.98344153,0.16671157,0.16671157,1.83E-06,1.83E-06,4.32E-05,4.32E-05,6.72E-06,6.72E-06,5.27E-06,5.27E-06,4.07E-06,4.07E-06,4.61E-06,4.61E-06,6.95E-06,6.95E-06,7.34E-06,7.34E-06,4.79E-06,4.79E-06,3.37E-06,3.37E-06,4.21E-06,4.21E-06,5.26E-05,5.26E-05,3.79E-06,3.79E-06,3.10E-06,3.10E-06,3.26E-06,3.26E-06,5.71E-06,5.71E-06,3.53E-06,3.53E-06,3.63E-06,3.63E-06,4.66E-06,4.66E-06,2.15E-05,2.15E-05,2.92E-05,2.92E-05,0.001733148,0.001733148,0.001096777,0.001096777,0.16765065,0.16765065,0.39606297,0.39606297,4.54E-06,4.54E-06,2.03E-06,2.03E-06,3.13E-06,3.13E-06,2.46E-06,2.46E-06,2.78E-06,2.78E-06,3.43E-06,3.43E-06,5.04E-05,5.04E-05,7.51E-06,7.51E-06,7.00E-06,7.00E-06,7.55E-06,7.55E-06,5.56E-06,5.56E-06,5.60E-06,5.60E-06,1.35E-05,1.35E-05,1.08E-05,1.08E-05,6.64E-06,6.64E-06,1.42E-05,1.42E-05,0.000118839,0.000118839,1
0.73880285,0.73880285,0.93934214,0.93934214,0.91852534,0.8514347,0.8514347,0.21834567,0.21834567,2.52E-05,1.71E-05,1.71E-05,1.82E-06,1.82E-06,1.58E-06,9.46E-05,9.46E-05,1.23E-05,1.23E-05,6.86E-06,3.35E-06,3.35E-06,4.63E-06,4.63E-06,5.00E-06,2.61E-06,2.61E-06,4.40E-06,4.40E-06,6.61E-06,6.27E-06,6.27E-06,8.91E-05,8.91E-05,5.87E-06,4.21E-06,4.21E-06,2.00E-06,2.00E-06,0.40703136,0.7817965,0.7817965,0.3977349,0.3977349,0.007471453,0.000208872,0.000208872,3.49E-05,3.49E-05,0.000152809,1.09E-05,1.09E-05,8.99E-06,8.99E-06,6.63E-06,7.33E-06,7.33E-06,7.21E-06,7.21E-06,5.36E-06,4.80E-06,4.80E-06,5.54E-06,5.54E-06,7.67E-06,8.93E-05,8.93E-05,1.35E-05,1.35E-05,6.63E-06,8.75E-06,8.75E-06,5.12E-06,5.12E-06,5.91E-06,4.20E-06,4.20E-06,7.06E-06,7.06E-06,8.28E-06,6.35E-06,6.35E-06,0.00010988,0.00010988,1.38E-05,6.29E-06,6.29E-06,1.28E-05,1.28E-05,9.28E-06,1.05E-05,1.05E-05,1.16E-05,1.16E-05,1.08E-05,1.43E-05,1.43E-05,9.50E-06,9.50E-06,0.000120853,1.13E-05,1.13E-05,7.26E-06,7.26E-06,1.22E-05,1.70E-05,1.70E-05,4.91E-06,4.91E-06,1.58E-05,1.22E-05,1.22E-05,1.73E-05,1.73E-05,2.84E-05,0.00014215,0.00014215,0.019759296,0.019759296,0.5069695,0.7927178,0.7927178,7.65E-05,7.65E-05,2.90E-06,2.48E-06,2.48E-06,2.64E-06,2.64E-06,3.37E-06,3.77E-06,3.77E-06,6.07E-05,6.07E-05,8.65E-06,6.91E-06,6.91E-06,6.22E-06,6.22E-06,4.72E-06,4.27E-06,4.27E-06,6.87E-06,6.87E-06,6.54E-06,8.22E-06,8.22E-06,1.05E-05,1.05E-05,0.000103894,1.46E-05,1.46E-05,7.21E-06,7.21E-06,0.000779806,0.011910588,0.011910588,0.047363073,0.047363073,0.000135288,6.01E-06,6.01E-06,6.54E-06,6.54E-06,3.65E-06,6.05E-05,6.05E-05,5.88E-06,5.88E-06,3.89E-06,4.64E-06,4.64E-06,8.36E-06,8.36E-06,1.65E-05,0.0416493,0.0416493,0.3641209,0.3641209,0.041508947,0.0002982,0.0002982,0.000701105,0.000701105,2.03E-05,5.33E-06,5.33E-06,9.31E-06,9.31E-06,4.92E-06,6.38E-06,6.38E-06,3.34E-06,3.34E-06,3.20E-06,4.78E-06,4.78E-06,6.21E-06,6.21E-06,0.000112577,1.09E-05,1.09E-05,1.10E-05,1.10E-05,6.40E-06,6.32E-06,6.32E-06,4.91E-06,4.91E-06,8.02E-06,7.92E-06,7.92E-06,4.91E-06,4.91E-06,7.59E-06,0.018654892,0.018654892,0.003558852,0.003558852,0.000227452,2.42E-05,2.42E-05,6.64E-06,6.64E-06,5.64E-06,1
2.82E-06,2.82E-06,4.22E-06,4.22E-06,3.50E-06,3.91E-06,3.91E-06,6.89E-05,6.89E-05,7.43E-06,6.27E-06,6.27E-06,4.13E-06,4.13E-06,7.27E-06,4.50E-06,4.50E-06,1.00E-05,1.00E-05,9.08E-06,1.34E-05,1.34E-05,7.04E-06,7.04E-06,5.89E-05,0.055088155,0.055088155,0.81542027,0.81542027,0.024063338,1.90E-05,1.90E-05,7.66E-06,7.66E-06,7.58E-06,2.93E-06,2.93E-06,1.03E-05,1.03E-05,1.42E-05,0.00016027,0.00016027,2.99E-05,2.99E-05,2.18E-05,1.13E-05,1.13E-05,1.17E-05,1.17E-05,8.66E-06,8.66E-06,8.66E-06,1.20E-05,1.20E-05,0.29357967,0.18557294,0.18557294,0.34612316,0.34612316,0.000600619,6.44E-05,6.44E-05,1.10E-05,1.10E-05,8.71E-06,9.55E-06,9.55E-06,7.71E-06,7.71E-06,7.89E-06,9.56E-06,9.56E-06,5.97E-06,5.97E-06,0.000120178,2.34E-05,2.34E-05,9.33E-06,9.33E-06,1.86E-05,8.40E-06,8.40E-06,1.35E-05,1.35E-05,1.50E-05,4.42E-05,4.42E-05,0.009184239,0.009184239,0.023773836,0.2467674,0.2467674,4.00E-05,4.00E-05,1.41E-05,9.83E-06,9.83E-06,5.21E-06,5.21E-06,4.28E-06,4.41E-06,4.41E-06,2.66E-06,2.66E-06,3.22E-06,4.33E-06,4.33E-06,6.09E-05,6.09E-05,1.02E-05,3.46E-06,3.46E-06,4.31E-06,4.31E-06,4.34E-06,0.001415253,0.001415253,0.02972356,0.02972356,0.000123151,2.37E-05,2.37E-05,3.96E-06,3.96E-06,7.24E-05,1.05E-05,1.05E-05,4.37E-06,4.37E-06,7.23E-06,0.117024876,0.117024876,0.8127475,0.8127475,0.9300485,0.001216181,0.001216181,1.58E-05,1.58E-05,1.45E-05,0.000443681,0.000443681,8.57E-05,8.57E-05,0.001008561,6.66E-05,6.66E-05,3.84E-05,3.84E-05,0.000969547,1.52E-05,1.52E-05,1.53E-05,1.53E-05,6.39E-06,3.20E-06,3.20E-06,0.00014756,0.00014756,9.13E-06,1.56E-05,1.56E-05,1.84E-05,1.84E-05,1.03E-05,4.10E-06,4.10E-06,5.28E-06,5.28E-06,5.85E-06,5.74E-06,5.74E-06,2.01E-05,2.01E-05,0.022265997,0.001052973,0.001052973,0.000540055,0.000540055,3.58E-05,2.45E-05,2.45E-05,1.03E-05,1.03E-05,8.60E-06,8.55E-06,8.55E-06,8.51E-06,8.51E-06,6.23E-06,0.000124739,0.000124739,9.55E-06,9.55E-06,1.05E-05,1.54E-05,1.54E-05,5.89E-05,5.89E-05,0.001915976,0.001310191,0.001310191,0.000251885,0.000251885,2.69E-05,1.77E-05,1.77E-05,0.000156513,0.000156513,1.46E-05,1.47E-05,1.47E-05,1.12E-05,1.12E-05,1.13E-05,9.94E-06,9.94E-06,1.27E-05,1.27E-05,9.25E-06,0.000444718,0.000444718,0.99341834,0.99341834,0.9969261,1
3.84E-06,3.84E-06,2.02E-06,2.02E-06,2.26E-06,1.22E-06,1.22E-06,1.43E-06,1.43E-06,1.27E-06,1.80E-06,1.80E-06,1.21E-06,1.21E-06,1.21E-06,4.74E-05,4.74E-05,4.05E-06,4.05E-06,2.74E-06,2.62E-06,2.62E-06,1.16E-06,1.16E-06,1.69E-06,1.24E-06,1.24E-06,1.78E-06,1.78E-06,1.36E-06,2.23E-06,2.23E-06,3.09E-05,3.09E-05,2.27E-06,1.38E-06,1.38E-06,8.64E-07,8.64E-07,1.38E-06,1.49E-06,1.49E-06,1.24E-06,1.24E-06,8.36E-07,9.66E-07,9.66E-07,9.21E-07,9.21E-07,1.38E-05,2.81E-06,2.81E-06,1.24E-06,1.24E-06,1.30E-06,1.14E-06,1.14E-06,1.21E-06,1.21E-06,1.21E-06,1.17E-06,1.17E-06,4.94E-06,4.94E-06,6.84E-06,3.36E-05,3.36E-05,4.49E-06,4.49E-06,6.14E-06,2.47E-06,2.47E-06,5.18E-06,5.18E-06,3.84E-06,4.26E-06,4.26E-06,1.56E-05,1.56E-05,6.75E-06,5.95E-06,5.95E-06,0.000137012,0.000137012,3.64E-06,5.93E-06,5.93E-06,6.92E-06,6.92E-06,6.71E-06,1.21E-05,1.21E-05,8.81E-06,8.81E-06,2.76E-05,1.44E-05,1.44E-05,1.15E-05,1.15E-05,0.000192482,8.82E-06,8.82E-06,1.17E-05,1.17E-05,7.71E-06,6.59E-06,6.59E-06,3.67E-06,3.67E-06,7.53E-06,2.38E-05,2.38E-05,5.01E-05,5.01E-05,2.57E-05,8.43E-05,8.43E-05,3.18E-05,3.18E-05,7.02E-05,3.13E-05,3.13E-05,5.20E-05,5.20E-05,0.000235145,6.77E-06,6.77E-06,0.000806016,0.000806016,0.00037147,0.000207638,0.000207638,9.36E-05,9.36E-05,3.43E-05,2.89E-05,2.89E-05,3.32E-05,3.32E-05,9.11E-05,2.83E-05,2.83E-05,0.000123686,0.000123686,0.000250554,0.000155603,0.000155603,3.44E-05,3.44E-05,0.000181095,2.63E-05,2.63E-05,0.009892691,0.009892691,0.001821441,0.00010681,0.00010681,4.58E-05,4.58E-05,0.000274123,0.000419853,0.000419853,0.000144628,0.000144628,0.000961646,0.000276939,0.000276939,3.35E-05,3.35E-05,7.19E-05,1.14E-05,1.14E-05,1.71E-05,1.71E-05,0.000185292,4.31E-05,4.31E-05,1.07E-05,1.07E-05,3.09E-05,1.08E-05,1.08E-05,0.000933943,0.000933943,3.99E-05,3.75E-05,3.75E-05,0.000102379,0.000102379,3.35E-05,1.89E-05,1.89E-05,2.25E-05,2.25E-05,4.05E-05,0.088686764,0.088686764,0.05024976,0.05024976,0.000778462,7.68E-06,7.68E-06,7.90E-06,7.90E-06,1.25E-05,2.75E-06,2.75E-06,6.56E-06,6.56E-06,1.31E-06,6.12E-06,6.12E-06,5.49E-06,5.49E-06,1.45E-06,3.98E-05,3.98E-05,1.07E-05,1.07E-05,2.34E-06,4.37E-06,4.37E-06,1.64E-06,1.64E-06,1.25E-06,1
1.25E-06,1.25E-06,1.50E-06,1.50E-06,1.39E-06,1.42E-06,1.42E-06,1.70E-05,1.70E-05,2.89E-06,1.09E-06,1.09E-06,1.54E-06,1.54E-06,2.29E-06,1.85E-06,1.85E-06,1.07E-06,1.07E-06,1.16E-06,3.48E-06,3.48E-06,1.06E-06,1.06E-06,2.19E-05,5.47E-06,5.47E-06,2.44E-06,2.44E-06,2.57E-06,2.02E-06,2.02E-06,1.34E-06,1.34E-06,1.90E-06,1.40E-06,1.40E-06,1.02E-06,1.02E-06,9.85E-07,1.70E-05,1.70E-05,1.41E-06,1.41E-06,9.70E-07,7.83E-07,7.83E-07,1.06E-06,1.06E-06,1.20E-06,9.98E-07,9.98E-07,2.30E-05,2.30E-05,9.99E-06,1.28E-05,1.28E-05,7.50E-05,7.50E-05,4.45E-05,4.13E-05,4.13E-05,7.36E-06,7.36E-06,2.24E-05,4.26E-05,4.26E-05,9.83E-05,9.83E-05,1.41E-05,1.02E-05,1.02E-05,1.32E-05,1.32E-05,5.87E-05,9.34E-06,9.34E-06,3.80E-06,3.80E-06,4.25E-06,2.73E-06,2.73E-06,0.96848834,0.96848834,0.97058296,3.62E-05,3.62E-05,9.31E-07,9.31E-07,8.76E-07,3.03E-05,3.03E-05,4.00E-06,4.00E-06,1.71E-06,1.50E-06,1.50E-06,2.38E-06,2.38E-06,2.23E-06,1.67E-06,1.67E-06,2.07E-06,2.07E-06,1.23E-06,7.83E-07,7.83E-07,1.46E-05,1.46E-05,1.89E-06,8.15E-07,8.15E-07,5.21E-07,5.21E-07,4.85E-07,5.18E-07,5.18E-07,3.23E-07,3.23E-07,4.33E-07,4.02E-07,4.02E-07,3.76E-07,3.76E-07,2.09E-05,3.47E-06,3.47E-06,1.14E-06,1.14E-06,1.26E-06,2.06E-06,2.06E-06,7.62E-07,7.62E-07,1.06E-06,1.37E-06,1.37E-06,2.75E-06,2.75E-06,1.61E-06,2.72E-05,2.72E-05,1.95E-06,1.95E-06,8.52E-07,1.21E-06,1.21E-06,1.96E-06,1.96E-06,2.51E-06,1.70E-06,1.70E-06,1.50E-06,1.50E-06,7.21E-07,1.32E-06,1.32E-06,1.19E-05,1.19E-05,1.34E-06,8.74E-07,8.74E-07,8.45E-07,8.45E-07,5.08E-07,6.46E-07,6.46E-07,6.45E-07,6.45E-07,5.09E-07,5.41E-07,5.41E-07,5.22E-07,5.22E-07,1.12E-05,1.86E-06,1.86E-06,1.03E-06,1.03E-06,7.24E-07,6.11E-07,6.11E-07,7.54E-07,7.54E-07,6.17E-07,4.97E-07,4.97E-07,5.95E-07,5.95E-07,6.62E-07,1.96E-05,1.96E-05,1.39E-06,1.39E-06,9.23E-07,1.01E-06,1.01E-06,6.54E-07,6.54E-07,6.54E-07,6.21E-07,6.21E-07,6.27E-07,6.27E-07,6.98E-07,6.17E-07,6.17E-07,1.67E-05,1.67E-05,2.90E-06,1.62E-06,1.62E-06,1.01E-06,1.01E-06,2.72E-06,3.00E-06,3.00E-06,4.18E-06,4.18E-06,2.65E-05,9.43E-06,9.43E-06,2.77E-05,2.77E-05,0.000181527,1
6.66E-05,6.66E-05,6.88E-05,6.88E-05,0.000569232,0.000105175,0.000105175,4.33E-05,4.33E-05,0.016427923,0.000535156,0.000535156,0.022966515,0.022966515,0.001773429,0.0027742,0.0027742,0.002143103,0.002143103,0.000749983,0.00033962,0.00033962,0.000693074,0.000693074,0.011499051,0.000265012,0.000265012,0.000140328,0.000140328,6.29E-06,4.33E-06,4.33E-06,0.000411534,0.000411534,2.62E-05,2.95E-05,2.95E-05,4.19E-05,4.19E-05,1.02E-05,2.44E-06,2.44E-06,2.01E-06,2.01E-06,1.34E-06,9.49E-07,9.49E-07,0.029393433,0.029393433,0.9890265,0.00038723,0.00038723,1.44E-06,1.44E-06,5.05E-07,2.87E-07,2.87E-07,2.06E-07,2.06E-07,1.93E-07,1.87E-07,1.87E-07,2.01E-07,2.01E-07,1.78E-07,6.11E-06,6.11E-06,4.64E-07,4.64E-07,3.84E-07,3.29E-07,3.29E-07,2.78E-07,2.78E-07,3.09E-07,2.71E-07,2.71E-07,2.05E-07,2.05E-07,3.41E-07,2.37E-07,2.37E-07,6.78E-06,6.78E-06,4.73E-07,2.66E-07,2.66E-07,2.13E-07,2.13E-07,1.69E-07,2.54E-07,2.54E-07,2.85E-07,2.85E-07,3.23E-07,2.51E-07,2.51E-07,2.61E-07,2.61E-07,2.05E-05,0.004258669,0.004258669,0.98485327,0.98485327,8.99E-05,2.99E-06,2.99E-06,1.30E-06,1.30E-06,4.88E-07,3.01E-07,3.01E-07,3.24E-07,3.24E-07,4.55E-07,4.96E-05,4.96E-05,6.18E-06,6.18E-06,7.74E-06,2.78E-06,2.78E-06,4.68E-06,4.68E-06,3.11E-06,5.74E-06,5.74E-06,4.77E-06,4.77E-06,4.29E-06,4.66E-06,4.66E-06,2.50E-05,2.50E-05,1.69E-05,3.52E-06,3.52E-06,3.22E-06,3.22E-06,4.85E-06,4.29E-06,4.29E-06,4.43E-06,4.43E-06,7.57E-06,3.09E-06,3.09E-06,3.32E-06,3.32E-06,3.99E-05,5.92E-06,5.92E-06,5.62E-06,5.62E-06,1.86E-06,0.986511,0.986511,0.77267927,0.77267927,0.4376302,0.94215626,0.94215626,0.92904025,0.92904025,0.934514,0.74828523,0.74828523,0.9496195,0.9496195,6.26E-06,8.42E-07,8.42E-07,4.18E-07,4.18E-07,1.05E-06,1.23E-06,1.23E-06,8.08E-07,8.08E-07,1.03E-06,9.42E-07,9.42E-07,3.43E-05,3.43E-05,3.49E-06,2.21E-06,2.21E-06,2.07E-06,2.07E-06,1.02E-06,7.08E-07,7.08E-07,8.65E-07,8.65E-07,5.43E-07,4.92E-07,4.92E-07,5.12E-07,5.12E-07,1.12E-05,1.71E-06,1.71E-06,9.83E-07,9.83E-07,9.57E-07,8.03E-07,8.03E-07,8.33E-07,8.33E-07,7.46E-07,7.54E-07,7.54E-07,8.34E-07,8.34E-07,7.86E-07,9.27E-06,9.27E-06,1.48E-06,1.48E-06,7.29E-07,5.77E-07,5.77E-07,4.75E-07,4.75E-07,4.77E-07,1
3.84E-06,3.84E-06,8.29E-06,8.29E-06,5.80E-06,2.86E-06,2.86E-06,2.79E-06,2.79E-06,2.27E-06,4.23E-06,4.23E-06,2.41E-06,2.41E-06,5.86E-06,9.01E-05,9.01E-05,1.10E-05,1.10E-05,9.01E-06,6.30E-06,6.30E-06,9.03E-05,9.03E-05,0.000873587,0.000437204,0.000437204,0.7014195,0.7014195,0.08758698,6.39E-05,6.39E-05,0.000219938,0.000219938,6.63E-06,8.29E-06,8.29E-06,3.18E-06,3.18E-06,2.01E-06,2.83E-06,2.83E-06,5.62E-06,5.62E-06,2.35E-06,6.79E-06,6.79E-06,6.66E-06,6.66E-06,3.07E-05,8.22E-06,8.22E-06,4.48E-06,4.48E-06,6.31E-06,7.23E-06,7.23E-06,1.05E-05,1.05E-05,3.95E-06,1.76E-05,1.76E-05,8.42E-06,8.42E-06,5.39E-06,2.98E-05,2.98E-05,5.09E-06,5.09E-06,6.43E-06,4.12E-06,4.12E-06,4.52E-06,4.52E-06,8.22E-06,5.17E-06,5.17E-06,5.91E-06,5.91E-06,7.02E-06,6.88E-06,6.88E-06,2.26E-05,2.26E-05,7.61E-06,5.01E-06,5.01E-06,1.12E-05,1.12E-05,2.21E-06,2.23E-06,2.23E-06,2.83E-06,2.83E-06,7.09E-06,1.22E-05,1.22E-05,7.36E-06,7.36E-06,0.000136192,4.12E-05,4.12E-05,5.87E-06,5.87E-06,4.84E-06,4.92E-06,4.92E-06,3.81E-06,3.81E-06,2.66E-06,3.48E-06,3.48E-06,2.58E-06,2.58E-06,2.44E-06,4.13E-05,4.13E-05,6.90E-06,6.90E-06,6.23E-05,2.17E-05,2.17E-05,1.07E-05,1.07E-05,5.03E-05,9.14E-05,9.14E-05,0.000133316,0.000133316,6.91E-06,4.90E-06,4.90E-06,4.03E-05,4.03E-05,4.90E-06,5.18E-06,5.18E-06,1.34E-06,1.34E-06,4.56E-06,4.10E-06,4.10E-06,4.96E-06,4.96E-06,9.73E-06,4.26E-06,4.26E-06,2.58E-06,2.58E-06,2.91E-05,1.33E-05,1.33E-05,2.83E-06,2.83E-06,4.34E-06,6.25E-06,6.25E-06,8.53E-06,8.53E-06,2.68E-06,4.99E-06,4.99E-06,5.99E-06,5.99E-06,4.68E-06,2.42E-05,2.42E-05,3.62E-06,3.62E-06,3.39E-06,3.18E-06,3.18E-06,5.35E-06,5.35E-06,4.22E-06,3.25E-06,3.25E-06,5.68E-06,5.68E-06,4.24E-06,3.18E-06,3.18E-06,5.31E-05,5.31E-05,4.70E-06,2.61E-06,2.61E-06,2.58E-06,2.58E-06,4.44E-06,5.67E-06,5.67E-06,6.65E-06,6.65E-06,2.23E-05,2.34E-05,2.34E-05,0.000239284,0.000239284,4.45E-05,5.82E-06,5.82E-06,3.84E-06,3.84E-06,2.95E-06,1.88E-06,1.88E-06,1.74E-06,1.74E-06,2.77E-06,2.63E-06,2.63E-06,4.06E-06,4.06E-06,2.75E-06,4.69E-05,4.69E-05,8.28E-06,8.28E-06,2.87E-06,2.41E-06,2.41E-06,2.11E-06,2.11E-06,2.50E-06,1
2.78E-06,2.78E-06,2.23E-06,2.23E-06,4.80E-06,5.80E-06,5.80E-06,0.000113359,0.000113359,4.17E-06,3.25E-06,3.25E-06,2.94E-06,2.94E-06,1.97E-06,1.29E-06,1.29E-06,1.38E-06,1.38E-06,1.45E-06,2.83E-06,2.83E-06,1.41E-06,1.41E-06,3.72E-05,2.84E-06,2.84E-06,1.07E-05,1.07E-05,1.92E-05,0.000866973,0.000866973,0.007255287,0.007255287,0.00011781,1.34E-05,1.34E-05,6.05E-06,6.05E-06,2.25E-05,0.56666756,0.56666756,0.005451335,0.005451335,0.2880203,0.13052171,0.13052171,0.36602646,0.36602646,0.40957224,0.08760589,0.08760589,0.031701375,0.031701375,0.10858156,0.10874599,0.10874599,0.12365824,0.12365824,0.742235,0.01886004,0.01886004,0.12630126,0.12630126,2.85E-06,1.92E-06,1.92E-06,1.26E-06,1.26E-06,1.05E-06,1.05E-06,1.05E-06,2.40E-06,2.40E-06,5.33E-05,1.42E-05,1.42E-05,4.49E-06,4.49E-06,3.05E-06,2.70E-06,2.70E-06,3.46E-06,3.46E-06,3.85E-06,3.55E-06,3.55E-06,1.82E-06,1.82E-06,1.24E-06,2.29E-05,2.29E-05,2.46E-06,2.46E-06,3.93E-06,4.16E-06,4.16E-06,2.33E-06,2.33E-06,3.40E-06,5.79E-06,5.79E-06,6.98E-06,6.98E-06,5.08E-06,6.94E-06,6.94E-06,4.21E-05,4.21E-05,6.70E-06,7.18E-06,7.18E-06,3.07E-06,3.07E-06,9.10E-06,4.83E-06,4.83E-06,4.63E-06,4.63E-06,2.90E-06,2.22E-06,2.22E-06,2.40E-06,2.40E-06,4.22E-05,4.79E-06,4.79E-06,2.51E-06,2.51E-06,4.26E-05,0.000396282,0.000396282,0.000201532,0.000201532,2.05E-05,8.42E-06,8.42E-06,2.35E-05,2.35E-05,7.31E-06,0.000103953,0.000103953,1.40E-05,1.40E-05,3.02E-05,7.52E-05,7.52E-05,3.18E-05,3.18E-05,9.03E-05,2.73E-05,2.73E-05,3.63E-05,3.63E-05,0.03474537,0.11403733,0.11403733,0.9150136,0.9150136,0.8737568,0.000850078,0.000850078,0.000367286,0.000367286,1.79E-06,1.04E-06,1.04E-06,8.98E-07,8.98E-07,1.72E-06,2.16E-06,2.16E-06,1.03E-05,1.03E-05,6.77E-05,1.61E-05,1.61E-05,5.61E-06,5.61E-06,6.02E-06,3.21E-06,3.21E-06,3.81E-06,3.81E-06,4.28E-06,5.87E-06,5.87E-06,3.32E-06,3.32E-06,4.11E-06,3.38E-05,3.38E-05,4.73E-06,4.73E-06,2.89E-06,4.17E-06,4.17E-06,5.10E-06,5.10E-06,8.86E-06,6.44E-06,6.44E-06,4.21E-06,4.21E-06,4.43E-06,8.54E-06,8.54E-06,4.55E-05,4.55E-05,7.01E-06,1.02E-05,1.02E-05,6.74E-06,6.74E-06,4.84E-06,5.77E-06,5.77E-06,3.64E-06,3.64E-06,9.26E-06,4.16E-06,4.16E-06,2.63E-06,2.63E-06,5.86E-05,1
2.77E-06,2.77E-06,1.97E-06,1.97E-06,1.80E-06,1.80E-06,2.01E-06,2.01E-06,1.35E-06,1.35E-06,1.09E-06,1.09E-06,1.40E-06,1.40E-06,1.30E-06,1.30E-06,1.81E-06,1.81E-06,1.63E-05,1.63E-05,3.31E-06,3.31E-06,1.44E-06,1.44E-06,1.24E-05,1.24E-05,0.026795413,0.026795413,0.047751483,0.047751483,0.060530204,0.060530204,0.00269252,0.00269252,2.10E-05,2.10E-05,1.65E-05,1.65E-05,0.000147869,0.000147869,4.55E-05,4.55E-05,1.34E-05,1.34E-05,1.36E-05,1.36E-05,5.80E-06,5.80E-06,4.67E-06,4.67E-06,4.47E-06,4.47E-06,0.36187348,0.36187348,0.82573116,0.82573116,0.00877199,0.00877199,0.003396204,0.003396204,7.11E-05,7.11E-05,6.15E-06,6.15E-06,7.70E-06,7.70E-06,3.60E-06,3.60E-06,3.82E-06,3.82E-06,3.41E-06,3.41E-06,2.75E-06,2.75E-06,2.90E-06,2.90E-06,2.83E-06,2.83E-06,2.76E-05,2.76E-05,2.99E-06,2.99E-06,2.15E-06,2.15E-06,2.28E-06,2.28E-06,1.89E-06,1.89E-06,1.66E-06,1.66E-06,1.20E-06,1.20E-06,1.53E-06,1.53E-06,1.45E-06,1.45E-06,1.63E-06,1.63E-06,1.95E-05,1.95E-05,1.95E-06,1.95E-06,1.99E-06,1.99E-06,1.41E-06,1.41E-06,1.26E-06,1.26E-06,1.78E-06,1.78E-06,1.19E-06,1.19E-06,1.22E-06,1.22E-06,2.05E-06,2.05E-06,2.27E-06,2.27E-06,3.74E-05,3.74E-05,1.04E-05,1.04E-05,2.16E-06,2.16E-06,1.09E-06,1.09E-06,2.50E-06,2.50E-06,1.86E-06,1.86E-06,1.65E-06,1.65E-06,1.53E-06,1.53E-06,2.68E-06,2.68E-06,2.29E-06,2.29E-06,2.40E-05,2.40E-05,4.10E-06,4.10E-06,4.32E-06,4.32E-06,3.83E-06,3.83E-06,1.99E-06,1.99E-06,2.27E-06,2.27E-06,4.96E-06,4.96E-06,1.11E-06,1.11E-06,1.30E-06,1.30E-06,1.32E-06,1.32E-06,2.02E-05,2.02E-05,8.79E-06,8.79E-06,3.92E-06,3.92E-06,2.42E-06,2.42E-06,1.10E-06,1.10E-06,1.13E-06,1.13E-06,7.49E-07,7.49E-07,1.12E-06,1.12E-06,7.79E-07,7.79E-07,7.61E-07,7.61E-07,1.64E-05,1.64E-05,2.93E-06,2.93E-06,2.10E-06,2.10E-06,2.25E-06,2.25E-06,1.57E-06,1.57E-06,7.09E-07,7.09E-07,1.56E-06,1.56E-06,1.89E-06,1.89E-06,1.95E-06,1.95E-06,2.23E-06,2.23E-06,2.95E-05,2.95E-05,0.000252263,0.000252263,0.34279114,0.34279114,0.069648944,0.069648944,0.010766473,0.010766473,1.14E-05,1.14E-05,1.33E-05,1.33E-05,5.55E-06,5.55E-06,1.67E-06,1.67E-06,1.76E-06,1.76E-06,3.05E-05,3.05E-05,3.40E-06,3.40E-06,2.54E-06,2.54E-06,3.42E-06,1
3.42E-06,3.79E-06,3.79E-06,4.43E-06,4.43E-06,2.75E-06,2.75E-06,3.96E-06,3.96E-06,4.80E-06,4.80E-06,4.46E-06,4.46E-06,1.84E-05,1.84E-05,2.83E-06,2.83E-06,4.09E-06,4.09E-06,1.52E-06,1.52E-06,2.61E-06,2.61E-06,1.94E-06,1.94E-06,1.23E-06,1.23E-06,1.91E-06,1.91E-06,1.77E-06,1.77E-06,1.89E-06,1.89E-06,2.61E-05,2.61E-05,2.77E-06,2.77E-06,2.06E-06,2.06E-06,1.30E-06,1.30E-06,1.33E-06,1.33E-06,1.28E-06,1.28E-06,9.35E-07,9.35E-07,9.19E-07,9.19E-07,9.30E-07,9.30E-07,1.32E-06,1.32E-06,2.41E-05,2.41E-05,4.31E-06,4.31E-06,1.09E-06,1.09E-06,1.67E-06,1.67E-06,1.30E-06,1.30E-06,1.01E-06,1.01E-06,1.16E-06,1.16E-06,1.45E-06,1.45E-06,1.62E-06,1.62E-06,1.56E-06,1.56E-06,3.27E-05,3.27E-05,4.37E-06,4.37E-06,2.44E-06,2.44E-06,2.55E-06,2.55E-06,4.12E-06,4.12E-06,3.53E-06,3.53E-06,3.06E-06,3.06E-06,2.23E-06,2.23E-06,3.36E-06,3.36E-06,5.02E-06,5.02E-06,0.11450364,0.11450364,0.55440074,0.55440074,0.009791811,0.009791811,0.002038203,0.002038203,2.33E-05,2.33E-05,2.26E-06,2.26E-06,2.04E-06,2.04E-06,2.27E-06,2.27E-06,1.90E-06,1.90E-06,8.63E-07,8.63E-07,3.49E-05,3.49E-05,4.38E-06,4.38E-06,2.94E-06,2.94E-06,2.79E-06,2.79E-06,2.77E-06,2.77E-06,2.48E-06,2.48E-06,1.32E-06,1.32E-06,3.29E-06,3.29E-06,3.96E-06,3.96E-06,5.34E-06,5.34E-06,2.72E-05,2.72E-05,2.43E-06,2.43E-06,1.98E-06,1.98E-06,2.96E-06,2.96E-06,1.40E-06,1.40E-06,3.23E-06,3.23E-06,1.73E-06,1.73E-06,1.26E-06,1.26E-06,1.27E-06,1.27E-06,2.90E-06,2.90E-06,2.11E-05,2.11E-05,2.24E-06,2.24E-06,1.81E-06,1.81E-06,1.85E-06,1.85E-06,2.33E-06,2.33E-06,0.000139198,0.000139198,0.027929638,0.027929638,0.001034503,0.001034503,0.000103318,0.000103318,1.42E-05,1.42E-05,6.42E-05,6.42E-05,3.48E-05,3.48E-05,4.88E-06,4.88E-06,2.48E-06,2.48E-06,2.95E-06,2.95E-06,2.16E-06,2.16E-06,1.10E-06,1.10E-06,1.30E-06,1.30E-06,1.57E-06,1.57E-06,1.23E-06,1.23E-06,3.51E-05,3.51E-05,3.34E-06,3.34E-06,1.75E-06,1.75E-06,1.32E-06,1.32E-06,1.22E-06,1.22E-06,1.60E-06,1.60E-06,1.29E-06,1.29E-06,1.08E-06,1.08E-06,1.20E-06,1.20E-06,1.23E-06,1.23E-06,1.71E-05,1.71E-05,4.61E-06,4.61E-06,3.88E-06,3.88E-06,2.35E-06,2.35E-06,1.88E-06,1.88E-06,2.01E-06,2.01E-06,1
9.56E-07,9.56E-07,7.62E-07,7.62E-07,8.62E-07,8.62E-07,9.03E-07,9.03E-07,1.41E-05,1.41E-05,2.20E-06,2.20E-06,1.54E-06,1.54E-06,8.29E-07,8.29E-07,1.06E-06,1.06E-06,0.012897464,0.012897464,0.51866317,0.51866317,0.053753033,0.053753033,0.000184655,0.000184655,2.73E-05,2.73E-05,0.000315917,0.000315917,6.75E-06,6.75E-06,2.38E-06,2.38E-06,2.57E-06,2.57E-06,2.83E-06,2.83E-06,1.68E-06,1.68E-06,1.35E-06,1.35E-06,3.24E-06,3.24E-06,2.00E-06,2.00E-06,1.65E-06,1.65E-06,2.58E-05,2.58E-05,3.60E-06,3.60E-06,2.47E-06,2.47E-06,1.87E-06,1.87E-06,1.68E-06,1.68E-06,2.99E-06,2.99E-06,1.92E-06,1.92E-06,1.53E-06,1.53E-06,2.14E-06,2.14E-06,2.07E-06,2.07E-06,2.23E-05,2.23E-05,4.02E-06,4.02E-06,8.49E-06,8.49E-06,4.94E-06,4.94E-06,3.14E-06,3.14E-06,2.25E-06,2.25E-06,3.34E-06,3.34E-06,2.68E-06,2.68E-06,1.14E-06,1.14E-06,1.07E-06,1.07E-06,1.42E-05,1.42E-05,4.65E-06,4.65E-06,2.75E-06,2.75E-06,1.13E-06,1.13E-06,1.16E-06,1.16E-06,1.89E-06,1.89E-06,4.35E-06,4.35E-06,2.38E-06,2.38E-06,0.011821345,0.011821345,0.003045642,0.003045642,0.001092225,0.001092225,3.18E-05,3.18E-05,9.75E-06,9.75E-06,4.11E-06,4.11E-06,3.30E-06,3.30E-06,2.55E-06,2.55E-06,3.74E-06,3.74E-06,1.07E-06,1.07E-06,1.35E-06,1.35E-06,1.14E-06,1.14E-06,2.37E-05,2.37E-05,2.91E-06,2.91E-06,1.77E-06,1.77E-06,1.77E-06,1.77E-06,1.36E-06,1.36E-06,0.000525178,0.000525178,0.96917737,0.96917737,0.42373428,0.42373428,0.000189718,0.000189718,0.000618181,0.000618181,9.33E-05,9.33E-05,1.10E-05,1.10E-05,5.76E-06,5.76E-06,4.12E-06,4.12E-06,2.62E-06,2.62E-06,1.10E-06,1.10E-06,2.14E-06,2.14E-06,3.11E-06,3.11E-06,1.90E-06,1.90E-06,1.69E-06,1.69E-06,2.66E-05,2.66E-05,3.09E-06,3.09E-06,1.85E-06,1.85E-06,1.89E-06,1.89E-06,1.77E-06,1.77E-06,1.78E-06,1.78E-06,1.17E-06,1.17E-06,1.78E-06,1.78E-06,1.40E-06,1.40E-06,2.68E-06,2.68E-06,1.97E-05,1.97E-05,2.35E-06,2.35E-06,2.37E-06,2.37E-06,0.19825606,0.19825606,0.5329081,0.5329081,0.42759302,0.42759302,0.002051846,0.002051846,7.54E-06,7.54E-06,5.62E-06,5.62E-06,3.01E-06,3.01E-06,3.01E-05,3.01E-05,3.50E-06,3.50E-06,1.68E-06,1.68E-06,1.55E-06,1.55E-06,2.10E-06,2.10E-06,4.39E-06,4.39E-06,1.87E-06,1.87E-06,2.24E-06,2.24E-06,1.55E-06,1
0.000378846,0.000378846,0.000246688,0.000246688,0.000158994,5.94E-05,5.94E-05,4.96E-05,4.96E-05,4.43E-05,0.09465363,0.09465363,0.99725986,0.99725986,0.99842477,0.9806004,0.9806004,0.49004135,0.49004135,5.52E-05,1.21E-05,1.21E-05,1.07E-05,1.07E-05,9.17E-06,1.38E-05,1.38E-05,1.31E-05,1.31E-05,1.52E-05,1.14E-05,1.14E-05,0.000320746,0.000320746,3.36E-05,1.35E-05,1.35E-05,8.31E-06,8.31E-06,9.70E-06,1.09E-05,1.09E-05,1.06E-05,1.06E-05,1.02E-05,1.27E-05,1.27E-05,1.11E-05,1.11E-05,0.000122298,1.54E-05,1.54E-05,1.10E-05,1.10E-05,1.41E-05,1.92E-05,1.92E-05,2.05E-05,2.05E-05,1.59E-05,1.43E-05,1.43E-05,1.56E-05,1.56E-05,1.76E-05,0.000325976,0.000325976,0.9462587,0.9462587,0.9978021,0.9898656,0.9898656,0.55482596,0.55482596,0.000181676,6.17E-06,6.17E-06,4.30E-06,4.30E-06,5.79E-06,5.70E-06,5.70E-06,0.000275944,0.000275944,3.99E-05,1.97E-05,1.97E-05,1.48E-05,1.48E-05,1.54E-05,1.57E-05,1.57E-05,1.91E-05,1.91E-05,3.20E-05,2.35E-05,2.35E-05,2.48E-05,2.48E-05,0.000200516,2.72E-05,2.72E-05,2.72E-05,2.72E-05,2.33E-05,2.53E-05,2.53E-05,2.95E-05,2.95E-05,2.92E-05,4.64E-05,4.64E-05,2.35E-05,2.35E-05,2.09E-05,0.000164425,0.000164425,2.03E-05,2.03E-05,1.42E-05,1.35E-05,1.35E-05,9.51E-06,9.51E-06,1.03E-05,8.42E-06,8.42E-06,1.12E-05,1.12E-05,9.18E-06,8.74E-06,8.74E-06,0.000104621,0.000104621,1.54E-05,9.50E-06,9.50E-06,9.94E-06,9.94E-06,8.64E-06,8.80E-06,8.80E-06,9.88E-06,9.88E-06,1.08E-05,1.55E-05,1.55E-05,2.22E-05,2.22E-05,0.000181885,2.65E-05,2.65E-05,1.24E-05,1.24E-05,1.13E-05,1.13E-05,1.13E-05,1.06E-05,1.06E-05,9.21E-06,8.38E-06,8.38E-06,6.91E-06,6.91E-06,7.01E-06,0.0001013,0.0001013,1.02E-05,1.02E-05,5.84E-06,5.95E-06,5.95E-06,5.02E-06,5.02E-06,5.21E-06,5.58E-06,5.58E-06,6.26E-06,6.26E-06,4.36E-06,5.70E-06,5.70E-06,0.000103623,0.000103623,1.33E-05,7.51E-06,7.51E-06,8.37E-06,8.37E-06,6.96E-06,8.20E-06,8.20E-06,7.75E-06,7.75E-06,5.79E-06,6.65E-06,6.65E-06,5.63E-06,5.63E-06,0.00011677,1.37E-05,1.37E-05,8.11E-06,8.11E-06,1.16E-05,1.41E-05,1.41E-05,6.27E-05,6.27E-05,4.25E-05,4.15E-05,4.15E-05,4.98E-05,4.98E-05,7.28E-05,0.000862466,0.000862466,8.62E-05,8.62E-05,6.28E-05,0.99669814,0.99669814,0.9992418,0.9992418,0.9967698,1
0.93578833,0.93578833,0.00023808,0.00023808,0.000132912,3.84E-05,3.84E-05,0.00220319,0.00220319,6.21E-05,2.82E-05,2.82E-05,1.79E-05,1.79E-05,1.37E-05,1.29E-05,1.29E-05,1.53E-05,1.53E-05,1.18E-05,1.11E-05,1.11E-05,8.93E-06,8.93E-06,0.00012019,1.15E-05,1.15E-05,5.84E-06,5.84E-06,5.53E-06,5.19E-06,5.19E-06,5.45E-06,5.45E-06,6.36E-06,5.93E-06,5.93E-06,7.14E-06,7.14E-06,7.89E-06,8.16E-05,8.16E-05,1.03E-05,1.03E-05,6.61E-06,6.00E-06,6.00E-06,6.15E-06,6.15E-06,7.47E-06,9.79E-06,9.79E-06,8.41E-06,8.41E-06,9.20E-06,1.03E-05,1.03E-05,0.000207694,0.000207694,1.72E-05,1.86E-05,1.86E-05,9.92E-06,9.92E-06,1.09E-05,9.20E-06,9.20E-06,9.67E-06,9.67E-06,7.64E-06,5.24E-06,5.24E-06,6.77E-06,6.77E-06,0.000130253,1.56E-05,1.56E-05,7.50E-06,7.50E-06,5.80E-06,4.46E-06,4.46E-06,6.05E-06,6.05E-06,5.35E-06,6.05E-06,6.05E-06,5.40E-06,5.40E-06,7.94E-06,0.000119427,0.000119427,1.61E-05,1.61E-05,1.12E-05,1.32E-05,1.32E-05,9.90E-06,9.90E-06,1.26E-05,1.19E-05,1.19E-05,1.21E-05,1.21E-05,1.27E-05,1.37E-05,1.37E-05,0.9922323,0.9922323,0.9978563,0.9962256,0.9962256,0.68932325,0.68932325,0.027545428,0.00032937,0.00032937,0.000133147,0.000133147,0.000174773,0.000192812,0.000192812,9.65E-05,9.65E-05,0.003183374,0.00049571,0.00049571,0.000377139,0.000377139,0.000379735,0.000233944,0.000233944,0.000191383,0.000191383,0.000211268,0.000234112,0.000234112,0.000284911,0.000284911,0.000240132,0.001359889,0.001359889,0.000215002,0.000215002,0.000226671,0.000117549,0.000117549,0.000143042,0.000143042,0.000107399,9.50E-05,9.50E-05,7.04E-05,7.04E-05,4.73E-05,2.92E-05,2.92E-05,0.000271381,0.000271381,3.68E-05,2.93E-05,2.93E-05,2.83E-05,2.83E-05,2.38E-05,2.75E-05,2.75E-05,2.96E-05,2.96E-05,2.34E-05,2.91E-05,2.91E-05,2.87E-05,2.87E-05,0.00038615,5.23E-05,5.23E-05,3.86E-05,3.86E-05,5.02E-05,3.26E-05,3.26E-05,2.93E-05,2.93E-05,2.42E-05,2.36E-05,2.36E-05,1.84E-05,1.84E-05,2.05E-05,0.000178658,0.000178658,2.19E-05,2.19E-05,1.31E-05,1.09E-05,1.09E-05,1.24E-05,1.24E-05,1.37E-05,1.66E-05,1.66E-05,1.47E-05,1.47E-05,1.56E-05,1.89E-05,1.89E-05,0.000199432,0.000199432,2.74E-05,2.28E-05,2.28E-05,1.78E-05,1.78E-05,2.53E-05,2.52E-05,2.52E-05,1.96E-05,1.96E-05,2.35E-05,1.67E-05,1.67E-05,1.91E-05,1.91E-05,0.000180149,1
1.11E-05,1.11E-05,9.30E-06,9.30E-06,1.33E-05,9.22E-06,9.22E-06,7.39E-06,7.39E-06,8.41E-06,1.06E-05,1.06E-05,8.61E-06,8.61E-06,7.77E-06,7.40E-05,7.40E-05,1.57E-05,1.57E-05,9.63E-06,1.42E-05,1.42E-05,9.25E-06,9.25E-06,1.03E-05,7.24E-06,7.24E-06,1.06E-05,1.06E-05,1.15E-05,1.07E-05,1.07E-05,7.09E-05,7.09E-05,1.55E-05,1.48E-05,1.48E-05,8.28E-06,8.28E-06,1.02E-05,6.59E-06,6.59E-06,9.39E-06,9.39E-06,0.0160196,0.9357182,0.9357182,0.62281936,0.62281936,0.002034076,4.63E-05,4.63E-05,1.53E-05,1.53E-05,1.08E-05,1.71E-05,1.71E-05,0.000162348,0.000162348,0.7691677,0.7604587,0.7604587,0.1061542,0.1061542,0.003741524,0.000285579,0.000285579,1.95E-05,1.95E-05,9.85E-06,8.64E-06,8.64E-06,7.58E-06,7.58E-06,5.48E-06,3.51E-06,3.51E-06,4.92E-06,4.92E-06,4.37E-06,4.23E-06,4.23E-06,5.56E-05,5.56E-05,8.71E-06,4.45E-06,4.45E-06,4.74E-06,4.74E-06,8.71E-06,4.72E-06,4.72E-06,5.63E-06,5.63E-06,6.73E-06,6.42E-06,6.42E-06,4.83E-06,4.83E-06,4.39E-05,1.00E-05,1.00E-05,7.80E-06,7.80E-06,7.80E-06,5.72E-06,5.72E-06,9.77E-06,9.77E-06,1.03E-05,4.85E-06,4.85E-06,4.91E-06,4.91E-06,6.53E-06,4.90E-05,4.90E-05,1.25E-05,1.25E-05,1.22E-05,9.28E-06,9.28E-06,7.63E-06,7.63E-06,8.90E-06,5.79E-06,5.79E-06,6.05E-06,6.05E-06,4.88E-06,6.07E-06,6.07E-06,5.05E-05,5.05E-05,9.51E-06,5.48E-06,5.48E-06,5.51E-06,5.51E-06,5.45E-06,1.02E-05,1.02E-05,1.01E-05,1.01E-05,8.92E-06,8.30E-06,8.30E-06,9.06E-06,9.06E-06,6.68E-05,1.10E-05,1.10E-05,1.22E-05,1.22E-05,2.93E-05,8.49E-06,8.49E-06,6.20E-06,6.20E-06,8.11E-06,1.54E-05,1.54E-05,1.10E-05,1.10E-05,1.04E-05,4.80E-05,4.80E-05,1.45E-05,1.45E-05,7.29E-06,8.78E-06,8.78E-06,1.00E-05,1.00E-05,1.10E-05,9.62E-06,9.62E-06,1.12E-05,1.12E-05,1.89E-05,2.60E-05,2.60E-05,5.39E-05,5.39E-05,1.87E-05,3.15E-05,3.15E-05,2.36E-05,2.36E-05,3.10E-05,1.27E-05,1.27E-05,9.77E-06,9.77E-06,3.25E-05,1.66E-05,1.66E-05,1.14E-05,1.14E-05,7.31E-05,1.33E-05,1.33E-05,1.08E-05,1.08E-05,1.79E-05,2.32E-05,2.32E-05,0.64820606,0.64820606,0.651417,0.8873997,0.8873997,0.03414811,0.03414811,0.000104529,0.000104797,0.000104797,7.24E-06,7.24E-06,4.63E-06,6.66E-06,6.66E-06,2.72E-06,2.72E-06,3.83E-06,1
5.41E-06,5.41E-06,2.44E-06,2.44E-06,2.65E-06,2.80E-06,2.80E-06,4.08E-05,4.08E-05,5.14E-06,5.99E-06,5.99E-06,0.9898808,0.9898808,0.99359953,0.8808532,0.8808532,0.03292841,0.03292841,0.000164205,6.24E-06,6.24E-06,2.35E-06,2.35E-06,4.24E-05,4.25E-06,4.25E-06,2.75E-06,2.75E-06,2.89E-06,2.08E-06,2.08E-06,1.75E-06,1.75E-06,1.92E-06,1.47E-06,1.47E-06,2.94E-06,2.94E-06,3.46E-06,6.36E-05,6.36E-05,1.13E-05,1.13E-05,9.10E-06,7.59E-06,7.59E-06,7.67E-06,7.67E-06,6.50E-06,1.19E-05,1.19E-05,9.07E-06,9.07E-06,8.74E-06,7.79E-06,7.79E-06,5.48E-05,5.48E-05,1.10E-05,9.39E-06,9.39E-06,1.66E-05,1.66E-05,2.29E-05,1.85E-05,1.85E-05,1.51E-05,1.51E-05,1.74E-05,1.04E-05,1.04E-05,2.11E-05,2.11E-05,9.00E-05,3.15E-05,3.15E-05,2.79E-05,2.79E-05,6.09E-05,3.52E-05,3.52E-05,5.02E-05,5.02E-05,4.84E-05,5.30E-05,5.30E-05,4.01E-05,4.01E-05,2.09E-05,0.00025796,0.00025796,3.28E-05,3.28E-05,1.96E-05,1.36E-05,1.36E-05,7.84E-06,7.84E-06,9.09E-06,2.42E-05,2.42E-05,1.11E-05,1.11E-05,1.17E-05,2.48E-05,2.48E-05,0.4060125,0.4060125,0.06761138,0.005633272,0.005633272,0.000120138,0.000120138,4.82E-06,5.49E-06,5.49E-06,5.72E-06,5.72E-06,6.60E-06,7.37E-06,7.37E-06,6.90E-06,6.90E-06,4.97E-05,1.31E-05,1.31E-05,1.19E-05,1.19E-05,0.000217416,0.8680402,0.8680402,0.9471815,0.9471815,0.4272929,6.17E-05,6.17E-05,8.47E-06,8.47E-06,3.92E-06,5.48E-05,5.48E-05,8.07E-06,8.07E-06,6.74E-06,4.10E-06,4.10E-06,6.49E-06,6.49E-06,6.80E-06,8.39E-06,8.39E-06,1.17E-05,1.17E-05,9.24E-06,6.02E-06,6.02E-06,6.77E-05,6.77E-05,2.94E-05,1.17E-05,1.17E-05,1.98E-05,1.98E-05,1.70E-05,1.14E-05,1.14E-05,1.68E-05,1.68E-05,1.21E-05,1.25E-05,1.25E-05,2.52E-05,2.52E-05,5.94E-05,1.05E-05,1.05E-05,8.72E-06,8.72E-06,1.39E-05,2.79E-05,2.79E-05,1.54E-05,1.54E-05,6.90E-06,1.38E-05,1.38E-05,6.00E-06,6.00E-06,6.00E-06,8.36E-05,8.36E-05,1.66E-05,1.66E-05,1.26E-05,7.78E-06,7.78E-06,1.14E-05,1.14E-05,1.10E-05,1.20E-05,1.20E-05,1.83E-05,1.83E-05,1.36E-05,1.72E-05,1.72E-05,9.06E-05,9.06E-05,2.50E-05,1.84E-05,1.84E-05,1.18E-05,1.18E-05,1.70E-05,1.09E-05,1.09E-05,1.77E-05,1.77E-05,1.77E-05,1.49E-05,1.49E-05,0.000346569,0.000346569,0.41233104,1
0.014294453,0.014294453,0.004768044,0.004768044,5.65E-05,8.95E-06,8.95E-06,3.42E-06,3.42E-06,6.31E-06,4.02E-06,4.02E-06,2.53E-06,2.53E-06,1.53E-06,3.95E-05,3.95E-05,6.62E-06,6.62E-06,3.61E-06,4.43E-06,4.43E-06,4.36E-06,4.36E-06,2.25E-06,3.14E-06,3.14E-06,2.54E-06,2.54E-06,2.28E-06,2.10E-06,2.10E-06,2.94E-05,2.94E-05,3.19E-06,2.18E-06,2.18E-06,1.71E-06,1.71E-06,1.73E-06,2.13E-06,2.13E-06,1.67E-06,1.67E-06,1.97E-06,1.90E-06,1.90E-06,2.05E-06,2.05E-06,7.83E-05,0.8402383,0.8402383,0.9398169,0.9398169,6.94E-05,2.99E-06,2.99E-06,9.93E-07,9.93E-07,9.31E-07,7.02E-07,7.02E-07,6.58E-07,6.58E-07,6.69E-07,2.32E-05,2.32E-05,3.95E-06,3.95E-06,3.18E-06,3.48E-06,3.48E-06,7.34E-06,7.34E-06,0.00024621,0.000304526,0.000304526,0.000171797,0.000171797,0.000149112,0.000128937,0.000128937,0.000473739,0.000473739,0.000491672,9.05E-05,9.05E-05,6.07E-05,6.07E-05,1.89E-05,6.72E-06,6.72E-06,7.60E-06,7.60E-06,1.55E-05,0.000562896,0.000562896,0.99443084,0.99443084,0.9961653,0.6760452,0.6760452,0.002182289,0.002182289,5.83E-06,1.79E-06,1.79E-06,1.40E-06,1.40E-06,9.11E-07,8.64E-07,8.64E-07,7.48E-07,7.48E-07,1.22E-06,3.15E-05,3.15E-05,4.11E-06,4.11E-06,2.69E-06,2.22E-06,2.22E-06,1.90E-06,1.90E-06,1.88E-06,1.58E-06,1.58E-06,1.67E-06,1.67E-06,1.60E-06,1.63E-06,1.63E-06,3.08E-05,3.08E-05,3.10E-06,1.83E-06,1.83E-06,1.70E-06,1.70E-06,1.54E-06,1.36E-06,1.36E-06,1.60E-06,1.60E-06,1.34E-06,1.29E-06,1.29E-06,1.85E-06,1.85E-06,2.65E-05,6.09E-06,6.09E-06,5.82E-06,5.82E-06,3.14E-06,2.33E-06,2.33E-06,2.43E-06,2.43E-06,2.38E-06,2.96E-06,2.96E-06,0.83720917,0.83720917,0.990928,0.8868667,0.8868667,0.00318774,0.00318774,1.22E-05,2.14E-06,2.14E-06,1.27E-06,1.27E-06,1.21E-06,1.23E-06,1.23E-06,1.45E-06,1.45E-06,1.19E-06,1.13E-06,1.13E-06,2.73E-05,2.73E-05,3.74E-06,2.58E-06,2.58E-06,2.59E-06,2.59E-06,1.81E-06,2.01E-06,2.01E-06,1.67E-06,1.67E-06,1.59E-06,1.77E-06,1.77E-06,1.77E-06,1.77E-06,2.28E-05,3.61E-06,3.61E-06,2.02E-06,2.02E-06,2.12E-06,2.45E-06,2.45E-06,2.33E-06,2.33E-06,2.15E-06,1.89E-06,1.89E-06,1.89E-06,1.89E-06,1.68E-06,2.21E-05,2.21E-05,3.59E-06,3.59E-06,2.65E-06,2.31E-06,2.31E-06,2.48E-06,2.48E-06,1.74E-06,1
0.043833457,0.043833457,0.043833457,0.019608336,0.019608336,0.00383264,0.00383264,0.003628718,0.003628718,0.002275484,0.002275484,0.05256653,0.05256653,0.013727767,0.013727767,0.015851207,0.015851207,0.05869225,0.05869225,0.023020605,0.023020605,0.00610697,0.00610697,0.002884268,0.002884268,0.000493484,0.000493484,0.000493484,0.01838764,0.01838764,0.00120506,0.00120506,0.04688852,0.04688852,0.20030333,0.20030333,0.15632434,0.15632434,0.28465727,0.28465727,0.5666235,0.5666235,0.002876972,0.002876972,0.00054035,0.00054035,0.015114344,0.015114344,0.73419046,0.73419046,0.993693,0.993693,0.993693,0.60937035,0.60937035,0.23014927,0.23014927,0.7434223,0.7434223,0.724562,0.724562,0.96877867,0.96877867,0.9891839,0.9891839,0.6462833,0.6462833,0.000141292,0.000141292,0.002873184,0.002873184,0.023509277,0.023509277,0.000155371,0.000155371,1.65E-05,1.65E-05,1.65E-05,0.001696707,0.001696707,5.40E-06,5.40E-06,0.004761785,0.004761785,8.44E-05,8.44E-05,1.91E-05,1.91E-05,9.53E-06,9.53E-06,5.50E-06,5.50E-06,2.49E-06,2.49E-06,1.97E-06,1.97E-06,2.05E-06,2.05E-06,2.02E-06,2.02E-06,3.60E-06,3.60E-06,3.60E-06,3.54E-05,3.54E-05,4.78E-06,4.78E-06,3.27E-06,3.27E-06,4.20E-06,4.20E-06,1.44E-05,1.44E-05,6.12E-06,6.12E-06,1.06E-05,1.06E-05,3.50E-06,3.50E-06,5.55E-06,5.55E-06,3.22E-06,3.22E-06,3.99E-05,3.99E-05,4.53E-06,4.53E-06,4.53E-06,1.62E-06,1.62E-06,3.64E-06,3.64E-06,2.09E-06,2.09E-06,2.39E-06,2.39E-06,1.34E-06,1.34E-06,1.60E-06,1.60E-06,1.72E-06,1.72E-06,1.63E-06,1.63E-06,2.46E-05,2.46E-05,3.76E-06,3.76E-06,1.64E-06,1.64E-06,1.39E-06,1.39E-06,1.39E-06,1.22E-06,1.22E-06,1.20E-06,1.20E-06,1.15E-06,1.15E-06,1.14E-06,1.14E-06,1.36E-06,1.36E-06,1.54E-06,1.54E-06,2.23E-05,2.23E-05,3.99E-06,3.99E-06,2.51E-06,2.51E-06,2.03E-06,2.03E-06,3.21E-06,3.21E-06,2.13E-06,2.13E-06,2.13E-06,3.48E-06,3.48E-06,3.42E-06,3.42E-06,4.67E-06,4.67E-06,3.17E-06,3.17E-06,4.95E-05,4.95E-05,6.88E-06,6.88E-06,4.42E-06,4.42E-06,3.71E-06,3.71E-06,3.10E-06,3.10E-06,2.93E-06,2.93E-06,3.96E-06,3.96E-06,5.01E-06,5.01E-06,5.01E-06,4.79E-06,4.79E-06,3.88E-06,3.88E-06,3.65E-05,3.65E-05,8.87E-06,8.87E-06,6.54E-06,6.54E-06,5.27E-06,5.27E-06,4.08E-06,4.08E-06,6.57E-06,6.57E-06,3.65E-06,3.65E-06,4.11E-06,4.11E-06,4.95E-06,4.95E-06,1
3.56E-06,3.56E-06,3.56E-06,4.31E-05,4.31E-05,5.89E-06,5.89E-06,4.36E-06,4.36E-06,3.18E-06,3.18E-06,3.01E-06,3.01E-06,3.26E-06,3.26E-06,4.92E-06,4.92E-06,6.17E-06,6.17E-06,3.77E-06,3.77E-06,3.43E-06,3.43E-06,3.95E-05,3.95E-05,6.65E-06,6.65E-06,6.65E-06,4.88E-06,4.88E-06,4.28E-06,4.28E-06,4.40E-06,4.40E-06,0.29199865,0.29199865,0.9705094,0.9705094,0.000600291,0.000600291,8.13E-06,8.13E-06,3.92E-06,3.92E-06,4.47E-05,4.47E-05,4.54E-06,4.54E-06,4.31E-06,4.31E-06,3.39E-06,3.39E-06,3.39E-06,4.09E-06,4.09E-06,3.71E-06,3.71E-06,3.00E-06,3.00E-06,4.37E-06,4.37E-06,5.74E-06,5.74E-06,2.37E-06,2.37E-06,2.92E-05,2.92E-05,4.78E-06,4.78E-06,3.59E-06,3.59E-06,7.97E-06,7.97E-06,4.62E-06,4.62E-06,7.72E-06,7.72E-06,7.72E-06,5.98E-06,5.98E-06,3.87E-06,3.87E-06,4.20E-06,4.20E-06,3.32E-06,3.32E-06,4.56E-05,4.56E-05,6.31E-06,6.31E-06,5.53E-06,5.53E-06,3.90E-06,3.90E-06,2.63E-06,2.63E-06,2.71E-06,2.71E-06,2.68E-06,2.68E-06,3.08E-06,3.08E-06,3.08E-06,2.06E-06,2.06E-06,2.31E-06,2.31E-06,4.73E-05,4.73E-05,5.56E-06,5.56E-06,2.90E-06,2.90E-06,3.05E-06,3.05E-06,3.52E-06,3.52E-06,2.58E-06,2.58E-06,2.55E-06,2.55E-06,4.42E-06,4.42E-06,3.20E-06,3.20E-06,3.17E-06,3.17E-06,3.17E-06,3.02E-05,3.02E-05,4.63E-06,4.63E-06,3.00E-06,3.00E-06,2.26E-06,2.26E-06,1.99E-06,1.99E-06,1.66E-06,1.66E-06,1.87E-06,1.87E-06,1.94E-06,1.94E-06,1.95E-06,1.95E-06,1.76E-06,1.76E-06,3.18E-05,3.18E-05,5.06E-06,5.06E-06,5.06E-06,2.82E-06,2.82E-06,2.83E-06,2.83E-06,2.82E-06,2.82E-06,2.85E-06,2.85E-06,2.21E-06,2.21E-06,3.84E-06,3.84E-06,3.54E-05,3.54E-05,0.88384634,0.88384634,0.8906945,0.8906945,0.51398855,0.51398855,0.873577,0.873577,0.6321004,0.6321004,0.6321004,0.39906883,0.39906883,9.99E-05,9.99E-05,5.91E-06,5.91E-06,1.93E-06,1.93E-06,2.06E-06,2.06E-06,1.97E-06,1.97E-06,7.01E-05,7.01E-05,6.37E-06,6.37E-06,5.11E-06,5.11E-06,4.24E-06,4.24E-06,1.92E-06,1.92E-06,2.37E-06,2.37E-06,2.37E-06,2.67E-06,2.67E-06,2.68E-06,2.68E-06,1.75E-06,1.75E-06,2.91E-06,2.91E-06,3.37E-05,3.37E-05,4.69E-06,4.69E-06,3.01E-06,3.01E-06,2.89E-06,2.89E-06,1.81E-06,1.81E-06,3.53E-06,3.53E-06,2.69E-06,2.69E-06,1
2.71E-06,2.71E-06,2.71E-06,2.09E-06,2.09E-06,1.57E-06,1.57E-06,3.54E-05,3.54E-05,4.53E-06,4.53E-06,3.43E-06,3.43E-06,2.26E-06,2.26E-06,2.38E-06,2.38E-06,1.79E-06,1.79E-06,2.67E-06,2.67E-06,1.93E-06,1.93E-06,2.88E-06,2.88E-06,1.42E-06,1.42E-06,1.42E-06,2.05E-05,2.05E-05,4.63E-06,4.63E-06,1.47E-06,1.47E-06,1.40E-06,1.40E-06,1.14E-06,1.14E-06,1.37E-06,1.37E-06,1.51E-06,1.51E-06,1.59E-06,1.59E-06,1.87E-06,1.87E-06,1.96E-06,1.96E-06,1.98E-05,1.98E-05,4.77E-06,4.77E-06,4.77E-06,0.002333313,0.002333313,0.9718596,0.9718596,0.9961357,0.9961357,0.91066974,0.91066974,0.74812704,0.74812704,0.41197556,0.41197556,0.009803807,0.009803807,1.34E-05,1.34E-05,0.000148816,0.000148816,1.87E-05,1.87E-05,9.72E-06,9.72E-06,1.70E-05,1.70E-05,1.70E-05,7.96E-06,7.96E-06,6.68E-06,6.68E-06,4.69E-06,4.69E-06,4.51E-06,4.51E-06,2.66E-06,2.66E-06,2.32E-06,2.32E-06,2.06E-05,2.06E-05,3.51E-06,3.51E-06,3.40E-06,3.40E-06,2.08E-06,2.08E-06,2.06E-06,2.06E-06,1.89E-06,1.89E-06,1.89E-06,2.78E-06,2.78E-06,2.61E-06,2.61E-06,0.038149547,0.038149547,0.8924128,0.8924128,0.09182182,0.09182182,0.24177635,0.24177635,0.1585065,0.1585065,0.061187718,0.061187718,0.002111618,0.002111618,3.99E-05,3.99E-05,8.32E-06,8.32E-06,6.70E-06,6.70E-06,6.70E-06,0.08191093,0.08191093,0.8999512,0.8999512,0.016705595,0.016705595,6.17E-05,6.17E-05,1.58E-05,1.58E-05,6.52E-06,6.52E-06,7.42E-06,7.42E-06,2.43E-06,2.43E-06,6.09E-06,6.09E-06,3.03E-06,3.03E-06,2.51E-06,2.51E-06,3.04E-06,3.04E-06,3.04E-06,3.10E-05,3.10E-05,4.01E-06,4.01E-06,3.14E-06,3.14E-06,2.96E-06,2.96E-06,3.34E-06,3.34E-06,4.22E-06,4.22E-06,4.37E-06,4.37E-06,3.01E-06,3.01E-06,2.33E-06,2.33E-06,3.03E-06,3.03E-06,2.69E-05,2.69E-05,4.13E-06,4.13E-06,4.13E-06,2.39E-06,2.39E-06,2.16E-06,2.16E-06,2.75E-06,2.75E-06,1.70E-05,1.70E-05,0.12269561,0.12269561,0.005651735,0.005651735,4.49E-05,4.49E-05,2.58E-05,2.58E-05,8.36E-05,8.36E-05,1.33E-05,1.33E-05,4.92E-06,4.92E-06,3.73E-06,3.73E-06,3.73E-06,4.74E-06,4.74E-06,3.84E-06,3.84E-06,3.26E-06,3.26E-06,4.46E-06,4.46E-06,3.94E-06,3.94E-06,3.71E-06,3.71E-06,3.73E-05,3.73E-05,4.44E-06,4.44E-06,4.20E-06,4.20E-06,3.72E-06,3.72E-06,3.71E-06,3.71E-06,1
2.72E-06,2.72E-06,2.72E-06,3.04E-06,3.04E-06,2.38E-06,2.38E-06,2.85E-06,2.85E-06,2.52E-06,2.52E-06,2.51E-05,2.51E-05,2.68E-06,2.68E-06,1.63E-06,1.63E-06,2.51E-06,2.51E-06,2.03E-06,2.03E-06,1.98E-06,1.98E-06,2.07E-06,2.07E-06,2.11E-06,2.11E-06,2.11E-06,1.91E-06,1.91E-06,1.84E-06,1.84E-06,2.53E-05,2.53E-05,2.89E-06,2.89E-06,1.80E-06,1.80E-06,1.29E-06,1.29E-06,1.98E-06,1.98E-06,1.37E-06,1.37E-06,2.23E-06,2.23E-06,2.80E-06,2.80E-06,1.39E-06,1.39E-06,2.26E-06,2.26E-06,2.26E-06,2.78E-05,2.78E-05,4.19E-06,4.19E-06,2.97E-06,2.97E-06,2.35E-06,2.35E-06,4.24E-06,4.24E-06,0.005209714,0.005209714,0.008711574,0.008711574,0.14679524,0.14679524,0.06980551,0.06980551,0.026084183,0.026084183,0.01972656,0.01972656,0.021191224,0.021191224,0.021191224,8.98E-05,8.98E-05,1.13E-05,1.13E-05,1.08E-05,1.08E-05,4.37E-06,4.37E-06,3.10E-06,3.10E-06,1.82E-06,1.82E-06,1.64E-06,1.64E-06,1.63E-06,1.63E-06,2.67E-05,2.67E-05,3.26E-06,3.26E-06,1.79E-06,1.79E-06,1.70E-06,1.70E-06,1.70E-06,2.83E-06,2.83E-06,5.09E-06,5.09E-06,4.81E-06,4.81E-06,4.89E-06,4.89E-06,5.70E-06,5.70E-06,8.96E-06,8.96E-06,0.7717966,0.7717966,0.13262895,0.13262895,4.62E-05,4.62E-05,5.28E-06,5.28E-06,3.56E-06,3.56E-06,3.30E-06,3.30E-06,3.30E-06,2.10E-06,2.10E-06,2.16E-06,2.16E-06,2.29E-06,2.29E-06,2.16E-06,2.16E-06,2.60E-05,2.60E-05,4.27E-06,4.27E-06,2.79E-06,2.79E-06,3.91E-06,3.91E-06,2.85E-06,2.85E-06,2.79E-06,2.79E-06,2.97E-06,2.97E-06,2.36E-06,2.36E-06,2.36E-06,2.26E-06,2.26E-06,2.79E-06,2.79E-06,1.88E-05,1.88E-05,3.46E-06,3.46E-06,2.75E-06,2.75E-06,2.57E-06,2.57E-06,2.81E-06,2.81E-06,2.01E-06,2.01E-06,1.97E-06,1.97E-06,3.90E-06,3.90E-06,2.54E-06,2.54E-06,2.93E-06,2.93E-06,2.93E-06,3.05E-05,3.05E-05,3.95E-06,3.95E-06,3.05E-06,3.05E-06,2.19E-06,2.19E-06,2.89E-06,2.89E-06,1.99E-06,1.99E-06,2.37E-06,2.37E-06,2.88E-06,2.88E-06,2.54E-06,2.54E-06,2.53E-06,2.53E-06,2.76E-05,2.76E-05,3.67E-06,3.67E-06,3.67E-06,1.73E-06,1.73E-06,1.69E-06,1.69E-06,2.06E-06,2.06E-06,2.01E-06,2.01E-06,2.80E-06,2.80E-06,3.37E-06,3.37E-06,2.41E-06,2.41E-06,2.81E-06,2.81E-06,2.50E-05,2.50E-05,2.80E-06,2.80E-06,1.90E-06,1.90E-06,1
2.17E-06,2.17E-06,2.17E-06,1.94E-06,1.94E-06,1.95E-06,1.95E-06,2.09E-06,2.09E-06,2.27E-06,2.27E-06,2.56E-06,2.56E-06,2.98E-06,2.98E-06,2.93E-05,2.93E-05,3.94E-06,3.94E-06,2.23E-06,2.23E-06,2.05E-06,2.05E-06,2.16E-06,2.16E-06,2.49E-06,2.49E-06,2.49E-06,1.88E-06,1.88E-06,1.96E-06,1.96E-06,2.17E-06,2.17E-06,2.27E-06,2.27E-06,2.29E-05,2.29E-05,3.85E-06,3.85E-06,2.44E-06,2.44E-06,1.67E-06,1.67E-06,0.000100338,0.000100338,0.023387745,0.023387745,0.32040465,0.32040465,0.030915488,0.030915488,0.030915488,0.3609091,0.3609091,0.071590394,0.071590394,0.030953232,0.030953232,0.006728946,0.006728946,0.001576239,0.001576239,0.000836962,0.000836962,0.000508995,0.000508995,0.001600339,0.001600339,0.00019071,0.00019071,7.74E-05,7.74E-05,7.70E-06,7.70E-06,9.31E-06,9.31E-06,9.31E-06,9.84E-05,9.84E-05,9.10E-06,9.10E-06,4.58E-06,4.58E-06,2.89E-06,2.89E-06,3.82E-06,3.82E-06,3.11E-06,3.11E-06,2.55E-06,2.55E-06,2.68E-06,2.68E-06,3.05E-06,3.05E-06,2.73E-06,2.73E-06,2.52E-05,2.52E-05,3.64E-06,3.64E-06,3.64E-06,1.75E-05,1.75E-05,0.5645011,0.5645011,0.09401477,0.09401477,2.90E-05,2.90E-05,1.02E-05,1.02E-05,1.15E-05,1.15E-05,2.06E-06,2.06E-06,2.29E-06,2.29E-06,2.58E-05,2.58E-05,4.24E-06,4.24E-06,2.16E-06,2.16E-06,1.96E-06,1.96E-06,1.96E-06,1.83E-06,1.83E-06,2.21E-06,2.21E-06,1.86E-06,1.86E-06,2.26E-06,2.26E-06,1.93E-06,1.93E-06,1.88E-06,1.88E-06,2.24E-05,2.24E-05,2.39E-06,2.39E-06,1.97E-06,1.97E-06,1.74E-06,1.74E-06,1.59E-06,1.59E-06,1.75E-06,1.75E-06,1.75E-06,1.88E-06,1.88E-06,1.78E-06,1.78E-06,1.85E-06,1.85E-06,2.35E-06,2.35E-06,2.72E-05,2.72E-05,3.26E-06,3.26E-06,2.63E-06,2.63E-06,3.48E-06,3.48E-06,2.58E-06,2.58E-06,2.53E-06,2.53E-06,1.61E-06,1.61E-06,1.78E-06,1.78E-06,1.78E-06,2.28E-06,2.28E-06,2.76E-06,2.76E-06,2.20E-05,2.20E-05,1.86E-06,1.86E-06,1.45E-06,1.45E-06,1.14E-06,1.14E-06,1.56E-06,1.56E-06,1.97E-06,1.97E-06,1.54E-06,1.54E-06,2.35E-06,2.35E-06,2.72E-06,2.72E-06,2.61E-06,2.61E-06,2.61E-06,1.97E-05,1.97E-05,2.93E-06,2.93E-06,2.69E-06,2.69E-06,2.68E-06,2.68E-06,2.49E-06,2.49E-06,2.37E-06,2.37E-06,2.85E-06,2.85E-06,3.02E-06,3.02E-06,2.73E-06,2.73E-06,2.87E-06,2.87E-06,3.76E-05,3.76E-05,1
0.002048557,0.002048557,0.001505161,0.001505161,0.2947864,0.2947864,0.68978,0.68978,0.008036722,0.008036722,7.51E-05,7.51E-05,6.77E-05,6.77E-05,1.27E-05,1.27E-05,1.83E-05,1.83E-05,0.000375325,0.000375325,3.50E-05,3.50E-05,1.77E-05,1.77E-05,1.40E-05,1.40E-05,2.18E-05,2.18E-05,1.41E-05,1.41E-05,1.21E-05,1.21E-05,1.19E-05,1.19E-05,1.18E-05,1.18E-05,1.34E-05,1.34E-05,0.9725876,0.9725876,0.98467654,0.98467654,0.9797101,0.9797101,0.8604728,0.8604728,0.03875266,0.03875266,0.000383268,0.000383268,1.50E-05,1.50E-05,7.51E-06,7.51E-06,7.09E-06,7.09E-06,8.05E-06,8.05E-06,0.000293428,0.000293428,3.99E-05,3.99E-05,2.58E-05,2.58E-05,2.30E-05,2.30E-05,0.7904658,0.7904658,0.8935922,0.8935922,0.07687728,0.07687728,0.010974504,0.010974504,0.000506153,0.000506153,1.94E-05,1.94E-05,0.000427667,0.000427667,6.94E-05,6.94E-05,1.86E-05,1.86E-05,1.71E-05,1.71E-05,1.81E-05,1.81E-05,1.88E-05,1.88E-05,0.95288134,0.95288134,0.9927972,0.9927972,0.99016154,0.99016154,0.82296735,0.82296735,0.017398803,0.017398803,0.000598837,0.000598837,7.85E-05,7.85E-05,5.99E-05,5.99E-05,0.000116109,0.000116109,0.000110831,0.000110831,0.015529491,0.015529491,0.29271942,0.29271942,0.056673784,0.056673784,0.050552595,0.050552595,0.048124928,0.048124928,0.001628555,0.001628555,0.00010249,0.00010249,0.00013053,0.00013053,5.17E-05,5.17E-05,5.02E-05,5.02E-05,3.47E-05,3.47E-05,4.78E-05,4.78E-05,0.85571516,0.85571516,0.9299064,0.9299064,0.9650785,0.9650785,0.9359741,0.9359741,0.15227917,0.15227917,0.029467965,0.029467965,0.6661224,0.6661224,0.81804746,0.81804746,0.5950919,0.5950919,0.015298998,0.015298998,0.000663309,0.000663309,7.57E-05,7.57E-05,0.000567572,0.000567572,4.55E-05,4.55E-05,1.72E-05,1.72E-05,1.44E-05,1.44E-05,1.51E-05,1.51E-05,1.33E-05,1.33E-05,1.69E-05,1.69E-05,2.75E-05,2.75E-05,2.95E-05,2.95E-05,2.13E-05,2.13E-05,0.000290123,0.000290123,7.63E-05,7.63E-05,0.03678812,0.03678812,0.14297767,0.14297767,0.018162092,0.018162092,0.00122661,0.00122661,0.000160483,0.000160483,0.000111168,0.000111168,9.87E-05,9.87E-05,0.000100401,0.000100401,0.001400205,0.001400205,0.000166387,0.000166387,0.000102846,0.000102846,0.000100394,0.000100394,9.00E-05,9.00E-05,0.000102683,0.000102683,0.0034604,0.0034604,0.75631636,0.75631636,0.34733137,0.34733137,0.007013615,0.007013615,0.003139335,0.003139335,0.000143991,0.000143991,4.52E-05,4.52E-05,3.39E-05,1
3.39E-05,5.30E-05,5.30E-05,3.50E-05,3.50E-05,3.30E-05,3.30E-05,3.21E-05,3.21E-05,1.53E-05,1.53E-05,0.5108015,0.5108015,0.8801734,0.8801734,0.9101456,0.9101456,0.001641741,0.001641741,2.66E-05,2.66E-05,8.21E-06,8.21E-06,4.38E-05,4.38E-05,1.53E-05,1.53E-05,1.81E-05,1.81E-05,9.59E-06,9.59E-06,2.72E-05,2.72E-05,0.00029686,0.00029686,1.89E-05,1.89E-05,1.14E-05,1.14E-05,1.50E-05,1.50E-05,1.36E-05,1.36E-05,1.08E-05,1.08E-05,1.46E-05,1.46E-05,4.21E-05,4.21E-05,0.09962642,0.09962642,0.9892727,0.9892727,0.870461,0.870461,0.904439,0.904439,0.965138,0.965138,0.92256755,0.92256755,0.933712,0.933712,0.8742762,0.8742762,0.37668422,0.37668422,0.010103059,0.010103059,0.002146031,0.002146031,0.109382644,0.109382644,0.78567827,0.78567827,0.28530914,0.28530914,0.000273649,0.000273649,0.000120919,0.000120919,2.67E-05,2.67E-05,1.30E-05,1.30E-05,1.80E-05,1.80E-05,1.19E-05,1.19E-05,1.32E-05,1.32E-05,1.15E-05,1.15E-05,0.000320395,0.000320395,2.00E-05,2.00E-05,0.5649923,0.5649923,0.67089057,0.67089057,0.6936101,0.6936101,0.030120011,0.030120011,0.000404527,0.000404527,3.22E-05,3.22E-05,1.77E-05,1.77E-05,3.35E-05,3.35E-05,0.000439713,0.000439713,4.52E-05,4.52E-05,2.61E-05,2.61E-05,2.87E-05,2.87E-05,7.12E-06,7.12E-06,6.77E-06,6.77E-06,7.46E-06,7.46E-06,2.19E-05,2.19E-05,2.89E-05,2.89E-05,8.13E-06,8.13E-06,0.2606684,0.2606684,0.5045766,0.5045766,0.009715227,0.009715227,0.002835981,0.002835981,0.00013781,0.00013781,6.49E-05,6.49E-05,8.90E-05,8.90E-05,7.85E-05,7.85E-05,0.89148325,0.89148325,0.9649363,0.9649363,0.13437368,0.13437368,0.00468654,0.00468654,7.97E-05,7.97E-05,2.66E-05,2.66E-05,1.88E-05,1.88E-05,1.36E-05,1.36E-05,1.48E-05,1.48E-05,1.44E-05,1.44E-05,7.88E-06,7.88E-06,1.58E-05,1.58E-05,0.000231255,0.000231255,1.52E-05,1.52E-05,1.04E-05,1.04E-05,9.84E-06,9.84E-06,7.56E-06,7.56E-06,3.84E-06,3.84E-06,5.05E-06,5.05E-06,3.58E-06,3.58E-06,5.41E-06,5.41E-06,4.47E-06,4.47E-06,8.43E-05,8.43E-05,1.19E-05,1.19E-05,4.67E-06,4.67E-06,4.27E-06,4.27E-06,4.59E-06,4.59E-06,4.23E-06,4.23E-06,6.61E-06,6.61E-06,6.70E-06,6.70E-06,5.94E-06,5.94E-06,5.58E-06,5.58E-06,9.40E-05,9.40E-05,9.42E-06,9.42E-06,5.62E-06,5.62E-06,3.99E-06,3.99E-06,0.06629901,0.06629901,0.5809487,0.5809487,1
0.19126163,0.19126163,0.003931095,0.003931095,2.07E-05,2.07E-05,2.78E-05,2.78E-05,0.000433701,0.000433701,3.92E-05,3.92E-05,3.06E-05,3.06E-05,3.09E-05,3.09E-05,7.08E-06,7.08E-06,5.75E-06,5.75E-06,5.11E-06,5.11E-06,9.94E-06,9.94E-06,6.35E-06,6.35E-06,0.97193176,0.97193176,0.9623356,0.9623356,0.9843253,0.9843253,0.96882296,0.96882296,0.9521193,0.9521193,0.9450515,0.9450515,0.9242672,0.9242672,0.90348333,0.90348333,0.9298657,0.9298657,0.79578227,0.79578227,0.85550493,0.85550493,0.9628779,0.9628779,0.06988615,0.06988615,0.001562146,0.001562146,6.06E-05,6.06E-05,9.25E-06,9.25E-06,8.80E-06,8.80E-06,0.048915002,0.048915002,0.45330083,0.45330083,0.000279186,0.000279186,4.14E-05,4.14E-05,0.001133238,0.001133238,6.20E-05,6.20E-05,2.08E-05,2.08E-05,1.42E-05,1.42E-05,1.20E-05,1.20E-05,8.38E-06,8.38E-06,8.59E-06,8.59E-06,1.47E-05,1.47E-05,1.04E-05,1.04E-05,6.16E-06,6.16E-06,0.00024748,0.00024748,3.31E-05,3.31E-05,7.90E-06,7.90E-06,1.00E-05,1.00E-05,9.61E-06,9.61E-06,6.51E-06,6.51E-06,3.08E-05,3.08E-05,0.9264325,0.9264325,0.98154116,0.98154116,0.14990528,0.14990528,0.011567959,0.011567959,0.000100776,0.000100776,5.77E-05,5.77E-05,2.37E-05,2.37E-05,2.28E-05,2.28E-05,2.71E-05,2.71E-05,2.67E-05,2.67E-05,1.63E-05,1.63E-05,1.50E-05,1.50E-05,1.55E-05,1.55E-05,0.000312722,0.000312722,2.89E-05,2.89E-05,2.36E-05,2.36E-05,2.24E-05,2.24E-05,1.76E-05,1.76E-05,1.45E-05,1.45E-05,0.9244109,0.9244109,0.9835248,0.9835248,0.083358355,0.083358355,7.11E-05,7.11E-05,0.000780023,0.000780023,0.000122761,0.000122761,1.57E-05,1.57E-05,1.27E-05,1.27E-05,1.46E-05,1.46E-05,1.26E-05,1.26E-05,1.48E-05,1.48E-05,9.93E-06,9.93E-06,1.32E-05,1.32E-05,1.88E-05,1.88E-05,0.000252309,0.000252309,0.36236587,0.36236587,0.87681586,0.87681586,0.9430803,0.9430803,0.92987293,0.92987293,0.9418313,0.9418313,0.91534084,0.91534084,0.9650451,0.9650451,0.24657887,0.24657887,0.03516168,0.03516168,0.007289064,0.007289064,0.001137681,0.001137681,0.000224415,0.000224415,3.94E-05,3.94E-05,3.36E-05,3.36E-05,2.06E-05,2.06E-05,0.000537836,0.000537836,0.44726184,0.44726184,0.3996295,0.3996295,0.11076016,0.11076016,0.04467471,0.04467471,0.000387947,0.000387947,4.49E-05,4.49E-05,3.04E-05,3.04E-05,5.14E-05,5.14E-05,4.84E-05,4.84E-05,5.50E-05,5.50E-05,2.23E-05,2.23E-05,3.19E-05,1
3.19E-05,3.03E-05,3.03E-05,0.000464664,0.000464664,9.53E-05,9.53E-05,0.13552585,0.13552585,0.08175717,0.08175717,0.000740758,0.000740758,0.000133661,0.000133661,2.44E-05,2.44E-05,2.32E-05,2.32E-05,2.58E-05,2.58E-05,1.32E-05,1.32E-05,0.000257019,0.000257019,2.10E-05,2.10E-05,1.53E-05,1.53E-05,9.88E-06,9.88E-06,1.04E-05,1.04E-05,1.04E-05,1.04E-05,0.93578327,0.93578327,0.97971547,0.97971547,0.98250717,0.98250717,0.9910013,0.9910013,0.94920987,0.94920987,0.93676126,0.93676126,0.33563784,0.33563784,0.00054805,0.00054805,3.16E-05,3.16E-05,3.68E-05,3.68E-05,6.68E-06,6.68E-06,7.12E-06,7.12E-06,6.99E-06,6.99E-06,1.97E-05,1.97E-05,0.000212064,0.000212064,2.33E-05,2.33E-05,1.35E-05,1.35E-05,1.10E-05,1.10E-05,1.76E-05,1.76E-05,1.13E-05,1.13E-05,1.27E-05,1.27E-05,1.23E-05,1.23E-05,1.73E-05,1.73E-05,1.81E-05,1.81E-05,0.000162477,0.000162477,1.76E-05,1.76E-05,8.26E-06,8.26E-06,0.003232648,0.003232648,0.8311349,0.8311349,0.41105345,0.41105345,0.062202238,0.062202238,0.00571178,0.00571178,0.00049906,0.00049906,5.05E-05,5.05E-05,0.000523153,0.000523153,0.00015482,0.00015482,4.48E-05,4.48E-05,3.23E-05,3.23E-05,3.69E-05,3.69E-05,1.53E-05,1.53E-05,1.49E-05,1.49E-05,1.27E-05,1.27E-05,9.73E-06,9.73E-06,1.71E-05,1.71E-05,0.000267116,0.000267116,2.34E-05,2.34E-05,3.07E-05,3.07E-05,2.71E-05,2.71E-05,2.09E-05,2.09E-05,0.5408644,0.5408644,0.96692175,0.96692175,0.97390896,0.97390896,0.66524315,0.66524315,0.00018429,0.00018429,0.00176334,0.00176334,0.000143664,0.000143664,2.22E-05,2.22E-05,3.92E-05,3.92E-05,1.61E-05,1.61E-05,1.09E-05,1.09E-05,7.77E-06,7.77E-06,1.06E-05,1.06E-05,1.18E-05,1.18E-05,9.34E-06,9.34E-06,0.000134502,0.000134502,1.28E-05,1.28E-05,7.12E-06,7.12E-06,5.22E-06,5.22E-06,6.58E-06,6.58E-06,7.29E-06,7.29E-06,7.72E-06,7.72E-06,4.00E-06,4.00E-06,4.06E-06,4.06E-06,4.72E-06,4.72E-06,0.000101841,0.000101841,9.02E-06,9.02E-06,5.39E-06,5.39E-06,4.99E-06,4.99E-06,6.09E-06,6.09E-06,1.70E-05,1.70E-05,1.20E-05,1.20E-05,9.43E-06,9.43E-06,7.36E-06,7.36E-06,7.01E-06,7.01E-06,0.000137167,0.000137167,1.36E-05,1.36E-05,1.56E-05,1.56E-05,1.10E-05,1.10E-05,1.28E-05,1.28E-05,8.96E-06,8.96E-06,0.113435,0.113435,0.6914645,0.6914645,0.30315945,0.30315945,6.34E-05,6.34E-05,0.000265085,0.000265085,1
3.31E-05,3.31E-05,2.05E-05,2.05E-05,1.45E-05,1.45E-05,9.42E-06,9.42E-06,0.33726317,0.33726317,0.7085729,0.7085729,0.71606284,0.71606284,0.000629161,0.000629161,4.42E-05,4.42E-05,0.000598469,0.000598469,5.80E-05,5.80E-05,3.39E-05,3.39E-05,3.43E-05,3.43E-05,3.67E-05,3.67E-05,2.80E-05,2.80E-05,3.01E-05,3.01E-05,4.07E-05,4.07E-05,6.87E-05,6.87E-05,0.000516184,0.000516184,0.8510438,0.8510438,0.8868521,0.8868521,0.8590261,0.8590261,3.55E-05,3.55E-05,9.71E-06,9.71E-06,6.49E-06,6.49E-06,4.48E-06,4.48E-06,5.11E-06,5.11E-06,1.13E-05,1.13E-05,0.051740732,0.051740732,0.68229854,0.68229854,0.37566024,0.37566024,3.17E-05,3.17E-05,1.26E-05,1.26E-05,5.70E-06,5.70E-06,3.99E-06,3.99E-06,5.94E-06,5.94E-06,4.80E-06,4.80E-06,2.93E-06,2.93E-06,3.71E-06,3.71E-06,0.000153965,0.000153965,1.38E-05,1.38E-05,1.12E-05,1.12E-05,8.46E-06,8.46E-06,6.39E-06,6.39E-06,5.61E-06,5.61E-06,5.45E-06,5.45E-06,4.80E-06,4.80E-06,4.54E-06,4.54E-06,5.02E-06,5.02E-06,6.06E-05,6.06E-05,2.95E-05,2.95E-05,5.55E-06,5.55E-06,5.25E-06,5.25E-06,8.03E-06,8.03E-06,1.00E-05,1.00E-05,9.40E-06,9.40E-06,1.00E-05,1.00E-05,1.13E-05,1.13E-05,8.91E-06,8.91E-06,0.000216489,0.000216489,1.68E-05,1.68E-05,1.17E-05,1.17E-05,1.73E-05,1.73E-05,2.33E-05,2.33E-05,2.11E-05,2.11E-05,0.000127333,0.000127333,0.000112479,0.000112479,0.000186653,0.000186653,0.5640035,0.5640035,0.9368013,0.9368013,0.8626946,0.8626946,0.811546,0.811546,4.34E-05,4.34E-05,1.36E-05,1.36E-05,8.46E-06,8.46E-06,3.99E-06,3.99E-06,9.44E-06,9.44E-06,1.18E-05,1.18E-05,8.50E-06,8.50E-06,0.000265451,0.000265451,3.08E-05,3.08E-05,1.81E-05,1.81E-05,1.65E-05,1.65E-05,1.88E-05,1.88E-05,3.74E-05,3.74E-05,7.01E-05,7.01E-05,3.46E-05,3.46E-05,0.000101234,0.000101234,0.000537018,0.000537018,0.028496388,0.028496388,0.048075132,0.048075132,0.28008726,0.28008726,0.54425776,0.54425776,0.008357471,0.008357471,7.22E-06,7.22E-06,5.38E-06,5.38E-06,5.35E-06,5.35E-06,6.91E-06,6.91E-06,9.02E-06,9.02E-06,0.000220564,0.000220564,2.51E-05,2.51E-05,1.51E-05,1.51E-05,9.75E-06,9.75E-06,1.30E-05,1.30E-05,1.16E-05,1.16E-05,1.35E-05,1.35E-05,1.25E-05,1.25E-05,1.98E-05,1.98E-05,1.63E-05,1.63E-05,0.000247912,0.000247912,3.30E-05,3.30E-05,9.06E-05,9.06E-05,6.62E-05,1
1.80E-05,1.80E-05,1.80E-05,0.000354243,0.000354243,0.001064033,0.001064033,0.003120471,0.003120471,0.001101765,0.001101765,0.001288972,0.001288972,0.007813493,0.007813493,0.011787737,0.011787737,0.014453204,0.014453204,0.04403117,0.04403117,0.01585899,0.01585899,0.014693695,0.014693695,0.009226708,0.009226708,0.009226708,0.016471334,0.016471334,0.030230785,0.030230785,0.08094324,0.08094324,0.028473807,0.028473807,0.010193618,0.010193618,0.13031963,0.13031963,0.06808375,0.06808375,0.014039355,0.014039355,0.19092047,0.19092047,0.41350985,0.41350985,0.004235725,0.004235725,0.000598433,0.000598433,0.000598433,0.000172072,0.000172072,0.000126934,0.000126934,6.56E-05,6.56E-05,7.97E-05,7.97E-05,0.001075399,0.001075399,0.000571413,0.000571413,0.000308796,0.000308796,0.00023325,0.00023325,0.000244545,0.000244545,0.000201132,0.000201132,0.000368835,0.000368835,0.000882247,0.000882247,0.000882247,0.001327912,0.001327912,0.000605758,0.000605758,0.001648266,0.001648266,0.000994533,0.000994533,0.000389575,0.000389575,0.000243211,0.000243211,0.000344774,0.000344774,0.000389619,0.000389619,0.001434739,0.001434739,0.000640792,0.000640792,0.000726685,0.000726685,0.000318548,0.000318548,0.000318548,0.001683598,0.001683598,0.000167672,0.000167672,0.000116685,0.000116685,0.000200386,0.000200386,8.63E-05,8.63E-05,0.000199424,0.000199424,0.000213542,0.000213542,0.000278876,0.000278876,0.000541594,0.000541594,9.84E-05,9.84E-05,0.001836777,0.001836777,0.001164123,0.001164123,0.001164123,0.006076324,0.006076324,0.003083871,0.003083871,0.00605151,0.00605151,0.005064011,0.005064011,0.011470046,0.011470046,0.12624815,0.12624815,0.15854421,0.15854421,0.001863386,0.001863386,0.27657524,0.27657524,0.012277219,0.012277219,0.023680193,0.023680193,0.001765465,0.001765465,0.001765465,0.003284044,0.003284044,7.61E-05,7.61E-05,0.000106542,0.000106542,3.01E-05,3.01E-05,0.000152932,0.000152932,0.55611897,0.55611897,0.929491,0.929491,0.98832625,0.98832625,0.9105621,0.9105621,0.69931394,0.69931394,0.5447579,0.5447579,0.5016532,0.5016532,0.5016532,0.68379897,0.68379897,0.73674035,0.73674035,0.44800147,0.44800147,0.030488955,0.030488955,0.005567066,0.005567066,0.001306435,0.001306435,0.001709207,0.001709207,0.001993576,0.001993576,0.000937164,0.000937164,0.000438731,0.000438731,0.000322929,0.000322929,6.28E-05,6.28E-05,6.28E-05,0.000196768,0.000196768,5.59E-05,5.59E-05,0.000295033,0.000295033,1.42E-05,1.42E-05,1.34E-05,1.34E-05,1.46E-05,1.46E-05,1.40E-05,1.40E-05,1.25E-05,1.25E-05,1.24E-05,1.24E-05,1.74E-05,1.74E-05,1.11E-05,1.11E-05,1
2.47E-05,2.47E-05,2.47E-05,0.000250649,0.000250649,0.000732875,0.000732875,0.001873058,0.001873058,0.005703013,0.005703013,0.002828014,0.002828014,0.005807628,0.005807628,0.001770647,0.001770647,0.001672933,0.001672933,0.001417527,0.001417527,0.00042432,0.00042432,0.002178351,0.002178351,0.000366937,0.000366937,0.000366937,0.000168696,0.000168696,0.000299404,0.000299404,0.000140049,0.000140049,0.000211671,0.000211671,0.000130294,0.000130294,0.000377639,0.000377639,0.000427616,0.000427616,0.000650709,0.000650709,0.003189948,0.003189948,0.000455751,0.000455751,0.002997313,0.002997313,0.013251454,0.013251454,0.013251454,0.011203011,0.011203011,0.009817073,0.009817073,0.08949551,0.08949551,0.015404447,0.015404447,0.002115843,0.002115843,0.000481543,0.000481543,0.012438748,0.012438748,0.001896344,0.001896344,0.000500255,0.000500255,0.002715818,0.002715818,0.000834491,0.000834491,0.000329406,0.000329406,0.000329406,0.000197406,0.000197406,0.000197508,0.000197508,0.000208274,0.000208274,0.000655818,0.000655818,0.001881783,0.001881783,0.000104158,0.000104158,7.19E-05,7.19E-05,3.00E-05,3.00E-05,7.93E-05,7.93E-05,5.35E-05,5.35E-05,0.000123029,0.000123029,0.00065435,0.00065435,0.00065435,0.000103346,0.000103346,0.000135376,0.000135376,0.000993611,0.000993611,0.000149661,0.000149661,0.000112017,0.000112017,9.31E-05,9.31E-05,0.000608733,0.000608733,0.000116038,0.000116038,8.44E-05,8.44E-05,0.00035767,0.00035767,0.000226196,0.000226196,0.000202621,0.000202621,0.000202621,0.001251739,0.001251739,0.000589622,0.000589622,0.00019837,0.00019837,0.000290356,0.000290356,0.000455713,0.000455713,0.000855478,0.000855478,0.008048017,0.008048017,0.001540851,0.001540851,0.000110268,0.000110268,5.66E-05,5.66E-05,0.000261698,0.000261698,3.61E-05,3.61E-05,3.61E-05,4.01E-05,4.01E-05,3.03E-05,3.03E-05,2.18E-05,2.18E-05,3.30E-05,3.30E-05,3.59E-05,3.59E-05,8.20E-05,8.20E-05,2.84E-05,2.84E-05,3.69E-05,3.69E-05,0.000287045,0.000287045,3.48E-05,3.48E-05,2.65E-05,2.65E-05,1.47E-05,1.47E-05,1.47E-05,2.50E-05,2.50E-05,7.22E-05,7.22E-05,5.78E-05,5.78E-05,0.000119744,0.000119744,6.91E-05,6.91E-05,0.000135493,0.000135493,0.000586042,0.000586042,0.00020732,0.00020732,0.001306737,0.001306737,0.000488146,0.000488146,0.000635708,0.000635708,0.002755414,0.002755414,0.002755414,0.001091868,0.001091868,0.010772397,0.010772397,0.000102944,0.000102944,7.34E-05,7.34E-05,0.000722655,0.000722655,0.000132814,0.000132814,0.000129733,0.000129733,0.00011836,0.00011836,0.000234605,0.000234605,0.000148074,0.000148074,0.000300071,0.000300071,1
0.000190688,0.000190688,0.000190688,0.000194649,0.000194649,0.002020248,0.002020248,0.3943241,0.3943241,0.3568818,0.3568818,0.8292198,0.8292198,0.66493356,0.66493356,0.517201,0.517201,0.29578856,0.29578856,0.56069785,0.56069785,0.5879448,0.5879448,0.2580886,0.2580886,0.017691405,0.017691405,0.017691405,0.038303938,0.038303938,0.07591543,0.07591543,0.012286688,0.012286688,0.003651794,0.003651794,0.003216357,0.003216357,0.001512433,0.001512433,0.001139473,0.001139473,0.003056489,0.003056489,0.000440679,0.000440679,0.000406938,0.000406938,0.006870363,0.006870363,0.00173142,0.00173142,0.00173142,0.000141871,0.000141871,6.47E-05,6.47E-05,3.64E-05,3.64E-05,3.84E-05,3.84E-05,0.000711709,0.000711709,0.005433698,0.005433698,0.005518614,0.005518614,0.004675115,0.004675115,0.006876329,0.006876329,0.002089897,0.002089897,0.000468254,0.000468254,0.001080992,0.001080992,0.001080992,0.000315225,0.000315225,0.000375496,0.000375496,0.000403266,0.000403266,0.001991199,0.001991199,0.001092574,0.001092574,0.00099287,0.00099287,0.003364405,0.003364405,5.81E-05,5.81E-05,2.48E-05,2.48E-05,0.000411189,0.000411189,0.000486804,0.000486804,0.001645049,0.001645049,0.001645049,8.27E-05,8.27E-05,0.000127353,0.000127353,0.000475478,0.000475478,0.000309031,0.000309031,9.35E-05,9.35E-05,2.11E-05,2.11E-05,9.99E-06,9.99E-06,0.08218213,0.08218213,0.9189225,0.9189225,0.44732708,0.44732708,0.001213644,0.001213644,9.26E-05,9.26E-05,9.26E-05,0.000139016,0.000139016,0.000874589,0.000874589,0.005207231,0.005207231,0.000716514,0.000716514,0.001836384,0.001836384,0.005115641,0.005115641,0.012580855,0.012580855,0.013745675,0.013745675,0.036054075,0.036054075,0.10352109,0.10352109,0.108703576,0.108703576,0.014702095,0.014702095,0.014702095,0.000841465,0.000841465,0.000167412,0.000167412,0.000406386,0.000406386,0.000363606,0.000363606,0.000282948,0.000282948,0.005737303,0.005737303,0.016207425,0.016207425,0.09351621,0.09351621,0.17008589,0.17008589,0.023485197,0.023485197,0.033032134,0.033032134,0.04160422,0.04160422,0.04160422,0.025446065,0.025446065,0.006829586,0.006829586,0.04102836,0.04102836,0.013396983,0.013396983,0.001038095,0.001038095,0.001917295,0.001917295,0.04390041,0.04390041,0.000581817,0.000581817,0.01610802,0.01610802,0.17393051,0.17393051,0.31651574,0.31651574,0.07701254,0.07701254,0.07701254,0.17627499,0.17627499,0.006394747,0.006394747,0.035628546,0.035628546,0.06721135,0.06721135,0.023156561,0.023156561,0.00016996,0.00016996,0.033374723,0.033374723,0.001579793,0.001579793,0.000102444,0.000102444,0.004320153,0.004320153,0.001259579,0.001259579,1
0.001701678,0.001701678,0.001701678,0.004588111,0.004588111,0.006797802,0.006797802,0.005465554,0.005465554,0.003596517,0.003596517,0.070181586,0.070181586,0.011852193,0.011852193,0.004305698,0.004305698,0.09798665,0.09798665,0.13053893,0.13053893,0.14675643,0.14675643,0.005119055,0.005119055,0.000244528,0.000244528,0.000244528,0.2798134,0.2798134,0.4889993,0.4889993,0.7043076,0.7043076,0.70257735,0.70257735,0.8721517,0.8721517,0.591338,0.591338,0.000997257,0.000997257,9.34E-05,9.34E-05,0.000398531,0.000398531,0.001791797,0.001791797,0.000246973,0.000246973,0.00064744,0.00064744,0.00064744,0.022291692,0.022291692,0.012573175,0.012573175,0.024054805,0.024054805,0.03698294,0.03698294,0.06420476,0.06420476,0.10904899,0.10904899,0.2799558,0.2799558,0.49537173,0.49537173,0.30247468,0.30247468,0.35971543,0.35971543,0.32893583,0.32893583,0.35503152,0.35503152,0.35503152,0.21970114,0.21970114,0.000108012,0.000108012,0.000328707,0.000328707,0.000687003,0.000687003,0.001003672,0.001003672,0.043322794,0.043322794,0.7488117,0.7488117,0.15723346,0.15723346,0.5266195,0.5266195,0.06246525,0.06246525,0.025771612,0.025771612,0.09332013,0.09332013,0.09332013,0.3524482,0.3524482,0.24345556,0.24345556,0.5435602,0.5435602,0.5375998,0.5375998,0.4542481,0.4542481,0.029852027,0.029852027,0.60334045,0.60334045,0.3966077,0.3966077,0.4511322,0.4511322,0.19485788,0.19485788,0.82447535,0.82447535,0.65905267,0.65905267,0.65905267,0.053518258,0.053518258,0.10533601,0.10533601,0.006430531,0.006430531,0.37374994,0.37374994,0.8505361,0.8505361,0.83830893,0.83830893,0.62324226,0.62324226,0.3747639,0.3747639,0.006336478,0.006336478,0.0029062,0.0029062,0.15535037,0.15535037,0.044709682,0.044709682,0.044709682,0.38597432,0.38597432,0.2025282,0.2025282,0.6149152,0.6149152,0.06111862,0.06111862,0.021253599,0.021253599,0.016169075,0.016169075,0.017296595,0.017296595,0.01564829,0.01564829,0.001962554,0.001962554,0.018678987,0.018678987,0.026623748,0.026623748,0.000885165,0.000885165,0.000885165,0.002541824,0.002541824,0.000712455,0.000712455,0.472549,0.472549,0.68810374,0.68810374,0.896846,0.896846,0.020479117,0.020479117,0.004535439,0.004535439,0.004992734,0.004992734,0.001255134,0.001255134,0.000826679,0.000826679,0.003038979,0.003038979,0.024697505,0.024697505,0.024697505,0.04233711,0.04233711,0.020350676,0.020350676,0.050626718,0.050626718,0.005945599,0.005945599,0.028760834,0.028760834,0.003282517,0.003282517,0.012190958,0.012190958,0.011442128,0.011442128,0.00856409,0.00856409,0.027410608,0.027410608,0.001673121,0.001673121,1
0.005131868,0.005131868,0.005131868,0.01010846,0.01010846,0.031234894,0.031234894,0.38670486,0.38670486,0.11788074,0.11788074,0.20410058,0.20410058,0.28359103,0.28359103,0.006832143,0.006832143,2.09E-05,2.09E-05,2.01E-05,2.01E-05,1.48E-05,1.48E-05,8.06E-06,8.06E-06,0.000485057,0.000485057,0.000485057,0.000120386,0.000120386,0.000492826,0.000492826,0.000254801,0.000254801,0.000135165,0.000135165,0.000657682,0.000657682,0.0026246,0.0026246,0.05040471,0.05040471,0.10380833,0.10380833,0.5043911,0.5043911,0.20870903,0.20870903,0.052560262,0.052560262,0.04105691,0.04105691,0.04105691,0.07052055,0.07052055,0.5790774,0.5790774,0.01902575,0.01902575,0.18254419,0.18254419,0.26133206,0.26133206,0.31815732,0.31815732,0.043514177,0.043514177,0.89112,0.89112,0.30302426,0.30302426,0.01780258,0.01780258,0.000479319,0.000479319,8.31E-05,8.31E-05,8.31E-05,0.002151846,0.002151846,0.000164909,0.000164909,0.001561084,0.001561084,0.002958719,0.002958719,0.000276603,0.000276603,0.000709721,0.000709721,0.02204215,0.02204215,0.023870584,0.023870584,0.028839624,0.028839624,0.002253114,0.002253114,0.008650203,0.008650203,0.010426531,0.010426531,0.010426531,0.023570258,0.023570258,0.025713354,0.025713354,0.06486877,0.06486877,0.32306147,0.32306147,0.08901209,0.08901209,0.0597925,0.0597925,0.005579126,0.005579126,0.001698607,0.001698607,0.002090361,0.002090361,0.028639803,0.028639803,0.001908933,0.001908933,2.63E-05,2.63E-05,2.63E-05,4.04E-05,4.04E-05,1.53E-05,1.53E-05,1.77E-05,1.77E-05,1.04E-05,1.04E-05,3.11E-05,3.11E-05,2.71E-05,2.71E-05,0.013881209,0.013881209,0.002108933,0.002108933,0.000990862,0.000990862,0.001663758,0.001663758,0.007808616,0.007808616,0.000128367,0.000128367,0.000128367,0.02786989,0.02786989,0.031660654,0.031660654,0.001758015,0.001758015,0.000839729,0.000839729,0.090996616,0.090996616,0.30645418,0.30645418,0.21682897,0.21682897,0.048114378,0.048114378,0.20799167,0.20799167,0.077223904,0.077223904,0.057408538,0.057408538,0.024314392,0.024314392,0.024314392,0.08450751,0.08450751,0.039975993,0.039975993,0.21084933,0.21084933,0.1510282,0.1510282,0.15348738,0.15348738,0.17958958,0.17958958,0.17431526,0.17431526,0.2730397,0.2730397,0.4314576,0.4314576,0.61977065,0.61977065,0.39340758,0.39340758,0.775683,0.775683,0.775683,0.94948566,0.94948566,0.35853556,0.35853556,0.34244,0.34244,0.021940077,0.021940077,0.000790617,0.000790617,0.001111997,0.001111997,0.001043481,0.001043481,0.003963735,0.003963735,0.000900011,0.000900011,0.001013132,0.001013132,0.003502871,0.003502871,1
0.000789873,0.000789873,0.000789873,0.002704437,0.002704437,0.000402139,0.000402139,0.000385703,0.000385703,0.000907979,0.000907979,0.000211434,0.000211434,0.000117913,0.000117913,0.001012107,0.001012107,0.008170842,0.008170842,0.032053348,0.032053348,0.027871964,0.027871964,0.003186912,0.003186912,0.00221776,0.00221776,0.00221776,0.002622538,0.002622538,0.002597534,0.002597534,0.006027766,0.006027766,0.002416115,0.002416115,0.002128412,0.002128412,0.001966096,0.001966096,0.009894849,0.009894849,0.00145583,0.00145583,0.000195203,0.000195203,0.000122441,0.000122441,0.000952891,0.000952891,0.004081021,0.004081021,0.004081021,0.01700622,0.01700622,0.010033188,0.010033188,0.006706763,0.006706763,0.014882505,0.014882505,0.034398958,0.034398958,0.003827528,0.003827528,0.023589248,0.023589248,0.024807235,0.024807235,0.010856162,0.010856162,0.006614271,0.006614271,0.007955286,0.007955286,0.17225412,0.17225412,0.17225412,0.86035013,0.86035013,0.41733322,0.41733322,0.76807475,0.76807475,0.020642312,0.020642312,0.000109463,0.000109463,4.78E-05,4.78E-05,0.000119578,0.000119578,7.55E-05,7.55E-05,0.000202627,0.000202627,0.00014564,0.00014564,0.00043944,0.00043944,0.000192402,0.000192402,0.000192402,0.001246433,0.001246433,0.000142398,0.000142398,0.000318114,0.000318114,0.000152074,0.000152074,0.000549532,0.000549532,0.004575562,0.004575562,0.009143795,0.009143795,0.002797582,0.002797582,0.002859497,0.002859497,0.001661891,0.001661891,0.010041362,0.010041362,0.002177125,0.002177125,0.002177125,0.001755891,0.001755891,0.001325464,0.001325464,0.001697027,0.001697027,0.003426084,0.003426084,0.003087695,0.003087695,0.001821845,0.001821845,0.001591641,0.001591641,0.00089804,0.00089804,0.005100104,0.005100104,0.000768241,0.000768241,0.001020016,0.001020016,0.000606303,0.000606303,0.000606303,0.000875195,0.000875195,0.002425976,0.002425976,0.000196713,0.000196713,1.72E-05,1.72E-05,9.23E-06,9.23E-06,7.23E-06,7.23E-06,6.98E-05,6.98E-05,1.84E-05,1.84E-05,9.76E-06,9.76E-06,8.46E-06,8.46E-06,8.09E-06,8.09E-06,4.20E-05,4.20E-05,4.20E-05,3.29E-05,3.29E-05,1.28E-05,1.28E-05,7.17E-05,7.17E-05,2.54E-05,2.54E-05,0.001481024,0.001481024,0.000806735,0.000806735,9.80E-05,9.80E-05,4.39E-05,4.39E-05,1.90E-05,1.90E-05,3.10E-05,3.10E-05,3.86E-05,3.86E-05,2.99E-05,2.99E-05,2.99E-05,4.82E-05,4.82E-05,1.53E-05,1.53E-05,0.000351999,0.000351999,0.000269263,0.000269263,0.000171065,0.000171065,0.000260635,0.000260635,0.000377956,0.000377956,0.000117275,0.000117275,0.000169885,0.000169885,0.000470408,0.000470408,0.00019126,0.00019126,1
0.007166425,0.007166425,0.007166425,0.047160387,0.047160387,0.15952015,0.15952015,0.123583846,0.123583846,0.34353074,0.34353074,0.43103614,0.43103614,0.33357424,0.33357424,0.30914372,0.30914372,0.483797,0.483797,0.28836787,0.28836787,0.32652688,0.32652688,0.10346834,0.10346834,0.21512377,0.21512377,0.21512377,0.003501113,0.003501113,0.000203212,0.000203212,0.000728324,0.000728324,0.001730543,0.001730543,0.000143903,0.000143903,2.76E-05,2.76E-05,1.41E-05,1.41E-05,9.05E-06,9.05E-06,0.001609232,0.001609232,3.51E-05,3.51E-05,0.000229437,0.000229437,0.00391847,0.00391847,0.00391847,0.004047381,0.004047381,0.003404371,0.003404371,0.009121611,0.009121611,0.04031187,0.04031187,0.006842549,0.006842549,0.001335981,0.001335981,0.001377566,0.001377566,0.00137853,0.00137853,0.000126557,0.000126557,9.75E-06,9.75E-06,4.21E-05,4.21E-05,0.001146407,0.001146407,0.001146407,0.000219152,0.000219152,0.008940388,0.008940388,0.015224912,0.015224912,0.025147235,0.025147235,0.047206663,0.047206663,0.001071097,0.001071097,0.000192758,0.000192758,0.001639284,0.001639284,0.026670903,0.026670903,0.017599039,0.017599039,0.002322725,0.002322725,0.030654712,0.030654712,0.030654712,0.003783556,0.003783556,0.00104418,0.00104418,0.000385709,0.000385709,0.006092102,0.006092102,0.000111048,0.000111048,5.35E-05,5.35E-05,0.000217793,0.000217793,3.10E-05,3.10E-05,1.25E-05,1.25E-05,9.44E-05,9.44E-05,0.026153283,0.026153283,0.104513995,0.104513995,0.104513995,0.2079533,0.2079533,0.78189105,0.78189105,0.88165855,0.88165855,0.5276716,0.5276716,0.81455,0.81455,0.68848515,0.68848515,0.4334954,0.4334954,0.012782008,0.012782008,0.07503489,0.07503489,0.06540832,0.06540832,0.56818575,0.56818575,0.5572547,0.5572547,0.5572547,0.8528698,0.8528698,0.52917534,0.52917534,0.05043364,0.05043364,0.00043234,0.00043234,0.000278777,0.000278777,0.000676336,0.000676336,0.015257947,0.015257947,0.009726625,0.009726625,0.011602163,0.011602163,0.00020005,0.00020005,0.25446612,0.25446612,0.4791526,0.4791526,0.4791526,0.86330247,0.86330247,0.6036131,0.6036131,0.37600505,0.37600505,0.7783871,0.7783871,0.12289689,0.12289689,0.1861617,0.1861617,0.38901168,0.38901168,0.42777377,0.42777377,0.29101312,0.29101312,0.006808499,0.006808499,0.000200636,0.000200636,0.000809358,0.000809358,0.000809358,0.000167329,0.000167329,0.000177822,0.000177822,5.54E-05,5.54E-05,4.22E-05,4.22E-05,0.000700647,0.000700647,0.000234056,0.000234056,0.000251722,0.000251722,0.000252894,0.000252894,0.000508634,0.000508634,0.000183013,0.000183013,0.000650927,0.000650927,1
4.95E-05,4.95E-05,4.95E-05,3.83E-05,3.83E-05,0.000310833,0.000310833,0.001282268,0.001282268,0.00018951,0.00018951,0.002506649,0.002506649,0.007963226,0.007963226,0.023905693,0.023905693,0.002877927,0.002877927,0.002055642,0.002055642,0.008885034,0.008885034,0.002681154,0.002681154,0.011852568,0.011852568,0.011852568,0.003489347,0.003489347,9.61E-05,9.61E-05,1.49E-05,1.49E-05,5.62E-05,5.62E-05,0.002311179,0.002311179,0.001607245,0.001607245,0.000631014,0.000631014,0.000898785,0.000898785,0.003557948,0.003557948,0.00050641,0.00050641,0.05595636,0.05595636,0.01436039,0.01436039,0.01436039,0.002166658,0.002166658,0.003741483,0.003741483,0.011436358,0.011436358,0.002438422,0.002438422,0.022246696,0.022246696,0.5091699,0.5091699,0.30102035,0.30102035,0.51729196,0.51729196,0.20935044,0.20935044,0.7855268,0.7855268,0.13349669,0.13349669,0.049193636,0.049193636,0.049193636,0.049396217,0.049396217,0.020343136,0.020343136,0.00395429,0.00395429,0.004469759,0.004469759,0.000977241,0.000977241,0.14098747,0.14098747,0.46982345,0.46982345,0.64945275,0.64945275,0.3244309,0.3244309,0.5106683,0.5106683,0.26096067,0.26096067,0.20067194,0.20067194,0.20067194,0.35655892,0.35655892,0.57657444,0.57657444,0.14211169,0.14211169,0.40893254,0.40893254,0.84997493,0.84997493,0.8402577,0.8402577,0.5835554,0.5835554,0.2351324,0.2351324,0.09501199,0.09501199,0.14767756,0.14767756,0.6563092,0.6563092,0.83955747,0.83955747,0.83955747,0.68849057,0.68849057,0.60940206,0.60940206,0.7472582,0.7472582,0.8793994,0.8793994,0.7697389,0.7697389,0.5661662,0.5661662,0.14327337,0.14327337,0.08246006,0.08246006,0.06506722,0.06506722,0.04846466,0.04846466,0.17323041,0.17323041,0.09410658,0.09410658,0.09410658,0.31433538,0.31433538,0.43157437,0.43157437,0.34235802,0.34235802,0.302211,0.302211,0.056440897,0.056440897,0.12655735,0.12655735,0.021268655,0.021268655,0.060126923,0.060126923,0.015304889,0.015304889,0.022581521,0.022581521,0.28225815,0.28225815,0.11303795,0.11303795,0.11303795,0.04493936,0.04493936,0.05015011,0.05015011,0.024792522,0.024792522,0.01395537,0.01395537,0.001768653,0.001768653,0.001183953,0.001183953,0.000756748,0.000756748,0.000327045,0.000327045,0.006426595,0.006426595,0.00626962,0.00626962,0.008228865,0.008228865,0.007093029,0.007093029,0.007093029,0.044837456,0.044837456,0.022901626,0.022901626,0.006680819,0.006680819,0.005504594,0.005504594,0.004431543,0.004431543,0.000891848,0.000891848,0.13593352,0.13593352,0.03356962,0.03356962,0.001991621,0.001991621,0.001470339,0.001470339,0.000871296,0.000871296,1
0.05690614,0.05690614,0.05690614,0.42877427,0.42877427,0.9486784,0.9486784,0.9342613,0.9342613,0.72202635,0.72202635,0.58444685,0.58444685,0.8325943,0.8325943,0.8729299,0.8729299,0.820662,0.820662,0.7582002,0.7582002,0.75146925,0.75146925,0.70085245,0.70085245,0.5827318,0.5827318,0.5827318,0.3430055,0.3430055,0.23284075,0.23284075,0.24647005,0.24647005,0.0960727,0.0960727,0.001632794,0.001632794,0.000865674,0.000865674,0.000439268,0.000439268,0.002537732,0.002537732,0.003193509,0.003193509,0.000283459,0.000283459,0.000157149,0.000157149,0.003679061,0.003679061,0.003679061,0.014085225,0.014085225,0.045370936,0.045370936,0.037938785,0.037938785,0.00356329,0.00356329,0.005851835,0.005851835,5.02E-05,5.02E-05,0.003452989,0.003452989,0.036454134,0.036454134,0.028379375,0.028379375,0.10483151,0.10483151,0.23457617,0.23457617,0.04018543,0.04018543,0.04018543,0.004960564,0.004960564,0.41880593,0.41880593,0.20073435,0.20073435,0.21323617,0.21323617,0.044437286,0.044437286,0.12913226,0.12913226,0.20713972,0.20713972,0.0330548,0.0330548,0.29647464,0.29647464,0.8721305,0.8721305,0.8619293,0.8619293,0.2026414,0.2026414,0.2026414,0.6156735,0.6156735,0.1625536,0.1625536,0.51681703,0.51681703,0.31526446,0.31526446,0.07437529,0.07437529,0.6175812,0.6175812,0.77773666,0.77773666,0.67958367,0.67958367,0.016596578,0.016596578,0.013185611,0.013185611,0.015007556,0.015007556,6.08E-05,6.08E-05,6.08E-05,9.70E-05,9.70E-05,4.00E-05,4.00E-05,1.98E-05,1.98E-05,2.39E-05,2.39E-05,0.000113402,0.000113402,6.47E-05,6.47E-05,0.000340695,0.000340695,0.000221256,0.000221256,0.000148557,0.000148557,0.001257602,0.001257602,0.000968345,0.000968345,0.0007971,0.0007971,0.0007971,4.92E-05,4.92E-05,0.000105045,0.000105045,0.000626341,0.000626341,0.003975454,0.003975454,0.012310605,0.012310605,0.011569301,0.011569301,0.000221293,0.000221293,7.97E-05,7.97E-05,9.48E-06,9.48E-06,1.03E-05,1.03E-05,3.75E-05,3.75E-05,7.85E-06,7.85E-06,7.85E-06,0.000160155,0.000160155,2.57E-05,2.57E-05,2.21E-05,2.21E-05,3.92E-05,3.92E-05,0.000402924,0.000402924,0.000726449,0.000726449,0.002337999,0.002337999,0.001810192,0.001810192,0.000820322,0.000820322,0.000255769,0.000255769,0.001752786,0.001752786,0.001696743,0.001696743,0.001696743,0.001510755,0.001510755,0.002630781,0.002630781,0.001053544,0.001053544,0.002337397,0.002337397,0.00106275,0.00106275,0.003553281,0.003553281,0.002618448,0.002618448,0.007828109,0.007828109,0.0494916,0.0494916,0.008857749,0.008857749,0.012127355,0.012127355,1
0.013485304,0.013485304,0.013485304,0.016311526,0.016311526,0.020984765,0.020984765,0.02286777,0.02286777,0.011202713,0.011202713,0.009552106,0.009552106,0.006933783,0.006933783,0.018449698,0.018449698,0.002998801,0.002998801,0.013214587,0.013214587,0.004936065,0.004936065,3.72E-05,3.72E-05,1.04E-05,1.04E-05,1.04E-05,6.61E-06,6.61E-06,7.12E-06,7.12E-06,6.78E-06,6.78E-06,2.48E-05,2.48E-05,0.000320916,0.000320916,0.000231071,0.000231071,0.000388404,0.000388404,0.000461839,0.000461839,0.000634351,0.000634351,0.013819298,0.013819298,0.007915893,0.007915893,0.18080676,0.18080676,0.18080676,0.27778992,0.27778992,0.003268318,0.003268318,0.30235663,0.30235663,0.041220352,0.041220352,0.4716472,0.4716472,0.28228608,0.28228608,0.07391094,0.07391094,0.21513833,0.21513833,0.0898376,0.0898376,0.078138284,0.078138284,0.07834403,0.07834403,0.0533208,0.0533208,0.0533208,0.06326267,0.06326267,0.46832737,0.46832737,0.46140286,0.46140286,0.71109205,0.71109205,0.07403323,0.07403323,0.15596941,0.15596941,0.20063312,0.20063312,0.7748763,0.7748763,0.24867421,0.24867421,0.761891,0.761891,0.30564556,0.30564556,0.09725245,0.09725245,0.09725245,0.054201856,0.054201856,0.6757355,0.6757355,0.05273372,0.05273372,0.005963652,0.005963652,0.003062098,0.003062098,0.20416194,0.20416194,0.12381383,0.12381383,0.074030094,0.074030094,0.4505481,0.4505481,0.076395206,0.076395206,0.35994378,0.35994378,0.08825552,0.08825552,0.08825552,0.03170121,0.03170121,0.000283959,0.000283959,0.000849037,0.000849037,0.00103536,0.00103536,0.00015397,0.00015397,0.022176545,0.022176545,0.01377444,0.01377444,0.003592254,0.003592254,0.003902118,0.003902118,0.00351456,0.00351456,0.014633234,0.014633234,0.001759014,0.001759014,0.001759014,0.001352853,0.001352853,0.000228401,0.000228401,0.003965471,0.003965471,4.11E-05,4.11E-05,0.000493506,0.000493506,0.000420023,0.000420023,0.000136278,0.000136278,2.67E-05,2.67E-05,6.19E-05,6.19E-05,0.000559708,0.000559708,9.57E-05,9.57E-05,0.000360912,0.000360912,0.000360912,0.001878964,0.001878964,0.001656295,0.001656295,0.001769165,0.001769165,0.0002096,0.0002096,0.001486644,0.001486644,0.015834061,0.015834061,0.000611753,0.000611753,0.076487675,0.076487675,0.048692055,0.048692055,0.008567642,0.008567642,0.001081507,0.001081507,0.000461676,0.000461676,0.000461676,0.001399229,0.001399229,0.000741512,0.000741512,0.000380626,0.000380626,0.006078767,0.006078767,0.006362109,0.006362109,0.13991463,0.13991463,0.26511276,0.26511276,0.43737152,0.43737152,0.17826393,0.17826393,0.13143122,0.13143122,0.12617743,0.12617743,1
0.041727252,0.041727252,0.041727252,0.000751638,0.000751638,0.000436763,0.000436763,0.001043786,0.001043786,0.004221202,0.004221202,0.001436328,0.001436328,0.00087331,0.00087331,0.000283022,0.000283022,8.55E-05,8.55E-05,0.006762595,0.006762595,0.000604335,0.000604335,0.012223449,0.012223449,0.002924359,0.002924359,0.002924359,0.00227231,0.00227231,0.005482315,0.005482315,0.003444953,0.003444953,0.012351715,0.012351715,0.045747973,0.045747973,0.006004763,0.006004763,0.02635644,0.02635644,0.17647529,0.17647529,0.53981954,0.53981954,0.8627333,0.8627333,0.6415832,0.6415832,0.6545645,0.6545645,0.6545645,0.68108606,0.68108606,0.676943,0.676943,0.48398462,0.48398462,0.80333126,0.80333126,0.8400758,0.8400758,0.87776756,0.87776756,0.76770115,0.76770115,0.56586623,0.56586623,0.59017265,0.59017265,0.3737122,0.3737122,0.12509212,0.12509212,0.014740762,0.014740762,0.014740762,0.13920973,0.13920973,0.13023648,0.13023648,0.41656804,0.41656804,0.20257731,0.20257731,0.106878616,0.106878616,0.03742191,0.03742191,0.008058392,0.008058392,0.050331842,0.050331842,0.06962709,0.06962709,0.05798707,0.05798707,0.04361641,0.04361641,0.041419514,0.041419514,0.041419514,0.4126201,0.4126201,0.21023905,0.21023905,0.13185668,0.13185668,0.38641888,0.38641888,0.15978745,0.15978745,0.33924195,0.33924195,0.41207546,0.41207546,0.2900408,0.2900408,0.28174686,0.28174686,0.02695069,0.02695069,0.49919397,0.49919397,0.000856347,0.000856347,0.000856347,0.00254496,0.00254496,0.000888675,0.000888675,4.27E-05,4.27E-05,7.05E-05,7.05E-05,3.66E-05,3.66E-05,4.31E-05,4.31E-05,0.000290107,0.000290107,0.000449907,0.000449907,0.00993383,0.00993383,0.21953472,0.21953472,0.47533697,0.47533697,0.13625179,0.13625179,0.13625179,0.14240098,0.14240098,0.045073606,0.045073606,0.004303637,0.004303637,0.00171289,0.00171289,0.000660508,0.000660508,0.000291797,0.000291797,0.004356992,0.004356992,0.002069299,0.002069299,0.003039508,0.003039508,0.003419713,0.003419713,0.00243713,0.00243713,0.005314237,0.005314237,0.005314237,0.002269514,0.002269514,0.002617993,0.002617993,0.004404834,0.004404834,0.002156808,0.002156808,0.007123685,0.007123685,0.002040193,0.002040193,0.001991839,0.001991839,0.003825621,0.003825621,0.006408061,0.006408061,0.010664729,0.010664729,0.004729547,0.004729547,0.00106083,0.00106083,0.00106083,1.04E-05,1.04E-05,5.02E-06,5.02E-06,9.39E-05,9.39E-05,1.24E-05,1.24E-05,9.08E-06,9.08E-06,3.18E-05,3.18E-05,3.05E-05,3.05E-05,1.33E-05,1.33E-05,1.27E-05,1.27E-05,1.09E-05,1.09E-05,3.30E-05,3.30E-05,1
2.08E-06,2.08E-06,1.19E-06,1.19E-06,1.37E-06,1.18E-06,1.18E-06,1.52E-06,1.52E-06,1.84E-06,2.66E-06,2.66E-06,2.58E-06,2.58E-06,3.32E-06,2.02E-05,2.02E-05,5.21E-06,5.21E-06,4.51E-06,4.02E-06,4.02E-06,5.92E-06,5.92E-06,2.81E-05,3.47E-05,3.47E-05,4.94E-05,4.94E-05,3.29E-05,3.11E-06,3.11E-06,1.85E-05,1.85E-05,1.71E-06,1.24E-06,1.24E-06,1.22E-06,1.22E-06,1.32E-06,1.38E-06,1.38E-06,1.28E-06,1.28E-06,1.70E-06,1.71E-06,1.71E-06,1.54E-06,1.54E-06,1.94E-05,2.34E-06,2.34E-06,2.30E-06,2.30E-06,2.12E-06,1.90E-06,1.90E-06,1.54E-06,1.54E-06,1.58E-06,2.10E-06,2.10E-06,1.75E-06,1.75E-06,1.67E-06,1.61E-05,1.61E-05,2.54E-06,2.54E-06,2.11E-06,1.95E-06,1.95E-06,1.91E-06,1.91E-06,2.63E-06,1.75E-06,1.75E-06,1.61E-06,1.61E-06,1.75E-06,1.82E-06,1.82E-06,1.61E-05,1.61E-05,2.28E-06,1.40E-06,1.40E-06,1.32E-06,1.32E-06,1.14E-06,1.03E-06,1.03E-06,1.34E-06,1.34E-06,2.31E-06,2.90E-06,2.90E-06,2.54E-06,2.54E-06,4.52E-05,6.48E-06,6.48E-06,4.11E-06,4.11E-06,2.73E-06,2.10E-06,2.10E-06,2.21E-06,2.21E-06,2.20E-06,3.28E-06,3.28E-06,2.09E-06,2.09E-06,3.15E-06,3.04E-05,3.04E-05,4.37E-06,4.37E-06,6.07E-06,5.85E-06,5.85E-06,3.67E-06,3.67E-06,5.32E-06,3.64E-06,3.64E-06,2.61E-06,2.61E-06,1.22E-06,1.31E-06,1.31E-06,1.41E-05,1.41E-05,2.17E-06,1.74E-06,1.74E-06,1.70E-06,1.70E-06,1.67E-06,2.10E-06,2.10E-06,1.81E-06,1.81E-06,1.33E-06,1.86E-06,1.86E-06,1.37E-06,1.37E-06,1.86E-05,2.47E-06,2.47E-06,2.10E-06,2.10E-06,1.45E-06,1.55E-06,1.55E-06,1.94E-06,1.94E-06,1.67E-06,1.90E-06,1.90E-06,1.45E-06,1.45E-06,1.57E-06,1.23E-05,1.23E-05,2.24E-06,2.24E-06,2.19E-06,2.08E-06,2.08E-06,2.70E-06,2.70E-06,3.18E-06,2.51E-06,2.51E-06,1.94E-06,1.94E-06,2.45E-06,1.48E-06,1.48E-06,2.33E-05,2.33E-05,4.77E-06,2.33E-06,2.33E-06,2.53E-06,2.53E-06,3.89E-06,5.09E-06,5.09E-06,5.91E-06,5.91E-06,4.59E-06,2.33E-06,2.33E-06,3.44E-06,3.44E-06,1.71E-05,2.67E-06,2.67E-06,2.14E-06,2.14E-06,1.17E-06,2.05E-06,2.05E-06,1.69E-06,1.69E-06,1.68E-06,1.43E-06,1.43E-06,1.87E-06,1.87E-06,2.00E-06,1.26E-05,1.26E-05,1.79E-06,1.79E-06,1.24E-06,1.25E-06,1.25E-06,1.15E-06,1.15E-06,1.42E-06,1
1.70E-06,1.70E-06,1.60E-06,1.60E-06,2.44E-06,2.84E-06,2.84E-06,2.18E-05,2.18E-05,4.41E-06,3.25E-06,3.25E-06,2.36E-06,2.36E-06,2.99E-06,3.13E-06,3.13E-06,7.21E-06,7.21E-06,2.61E-06,2.06E-06,2.06E-06,3.73E-06,3.73E-06,2.57E-05,3.41E-06,3.41E-06,4.62E-06,4.62E-06,2.55E-06,3.49E-05,3.49E-05,2.92E-05,2.92E-05,2.88E-06,2.82E-06,2.82E-06,1.64E-06,1.64E-06,3.22E-06,0.012671684,0.012671684,0.00174327,0.00174327,0.68455,0.4434116,0.4434116,0.02374601,0.02374601,0.002188078,0.004578436,0.004578436,0.003309941,0.003309941,0.003292668,0.011023792,0.011023792,0.04453041,0.04453041,0.013612574,0.92689794,0.92689794,0.82567453,0.82567453,1.99E-06,9.40E-07,9.40E-07,7.04E-07,7.04E-07,6.62E-07,7.24E-07,7.24E-07,6.92E-07,6.92E-07,1.40E-05,2.03E-06,2.03E-06,1.52E-06,1.52E-06,1.25E-06,1.48E-06,1.48E-06,1.13E-06,1.13E-06,1.50E-06,1.34E-06,1.34E-06,2.31E-06,2.31E-06,1.77E-06,2.21E-05,2.21E-05,3.13E-06,3.13E-06,1.37E-06,1.22E-06,1.22E-06,1.57E-06,1.57E-06,1.26E-06,3.75E-06,3.75E-06,2.09E-06,2.09E-06,4.10E-06,2.77E-06,2.77E-06,2.55E-05,2.55E-05,4.38E-06,3.97E-06,3.97E-06,7.34E-06,7.34E-06,3.73E-06,2.94E-06,2.94E-06,3.43E-06,3.43E-06,2.44E-06,1.57E-06,1.57E-06,1.48E-06,1.48E-06,1.83E-05,1.95E-06,1.95E-06,1.43E-06,1.43E-06,5.07E-06,1.27E-05,1.27E-05,1.46E-05,1.46E-05,2.35E-06,1.66E-06,1.66E-06,1.50E-06,1.50E-06,1.37E-06,1.84E-05,1.84E-05,2.11E-06,2.11E-06,1.22E-06,1.33E-06,1.33E-06,1.72E-06,1.72E-06,1.59E-06,1.45E-06,1.45E-06,2.39E-06,2.39E-06,1.85E-05,2.35E-05,2.35E-05,0.4207371,0.4207371,0.8918301,0.000277862,0.000277862,3.01E-05,3.01E-05,1.05E-06,1.03E-06,1.03E-06,7.13E-07,7.13E-07,5.99E-07,6.44E-07,6.44E-07,7.37E-07,7.37E-07,1.81E-05,2.35E-06,2.35E-06,1.66E-06,1.66E-06,1.49E-06,1.48E-06,1.48E-06,1.57E-06,1.57E-06,1.66E-06,1.53E-06,1.53E-06,1.82E-06,1.82E-06,2.21E-06,1.20E-05,1.20E-05,1.51E-06,1.51E-06,1.00E-06,9.88E-07,9.88E-07,9.92E-07,9.92E-07,1.30E-06,1.16E-06,1.16E-06,1.34E-06,1.34E-06,1.33E-06,1.20E-06,1.20E-06,1.11E-05,1.11E-05,1.42E-06,8.34E-07,8.34E-07,1.63E-06,1.63E-06,1.81E-06,1.64E-06,1.64E-06,1.93E-06,1.93E-06,1.78E-06,1.73E-06,1.73E-06,1.50E-06,1.50E-06,2.33E-05,1
5.36E-06,5.36E-06,3.47E-06,3.47E-06,1.99E-06,1.99E-06,2.65E-06,2.65E-06,3.64E-06,3.64E-06,2.89E-06,2.89E-06,2.64E-06,2.64E-06,2.79E-06,2.79E-06,2.57E-06,2.57E-06,5.96E-05,5.96E-05,5.89E-06,5.89E-06,3.97E-06,3.97E-06,3.64E-06,3.64E-06,3.08E-06,3.08E-06,2.76E-06,2.76E-06,2.53E-06,2.53E-06,3.06E-06,3.06E-06,2.66E-06,2.66E-06,2.68E-06,2.68E-06,6.65E-05,6.65E-05,6.25E-06,6.25E-06,2.58E-06,2.58E-06,4.41E-06,4.41E-06,4.51E-06,4.51E-06,5.03E-06,5.03E-06,4.33E-06,4.33E-06,3.75E-06,3.75E-06,3.02E-06,3.02E-06,3.26E-06,3.26E-06,6.23E-05,6.23E-05,6.33E-06,6.33E-06,3.47E-06,3.47E-06,3.68E-06,3.68E-06,3.65E-06,3.65E-06,2.94E-06,2.94E-06,3.71E-06,3.71E-06,3.41E-06,3.41E-06,2.99E-06,2.99E-06,3.23E-06,3.23E-06,8.44E-05,8.44E-05,5.48E-06,5.48E-06,3.03E-06,3.03E-06,2.57E-06,2.57E-06,2.40E-06,2.40E-06,2.32E-06,2.32E-06,2.58E-06,2.58E-06,3.31E-06,3.31E-06,2.84E-06,2.84E-06,2.66E-06,2.66E-06,8.66E-05,8.66E-05,8.80E-06,8.80E-06,4.54E-06,4.54E-06,2.82E-06,2.82E-06,3.12E-06,3.12E-06,2.42E-06,2.42E-06,1.97E-06,1.97E-06,2.80E-06,2.80E-06,2.12E-06,2.12E-06,2.88E-06,2.88E-06,5.34E-05,5.34E-05,5.30E-06,5.30E-06,3.28E-06,3.28E-06,2.62E-06,2.62E-06,2.54E-06,2.54E-06,2.79E-06,2.79E-06,2.55E-06,2.55E-06,2.82E-06,2.82E-06,2.45E-06,2.45E-06,2.84E-06,2.84E-06,6.63E-05,6.63E-05,5.82E-06,5.82E-06,4.66E-06,4.66E-06,4.72E-06,4.72E-06,6.62E-06,6.62E-06,4.21E-06,4.21E-06,3.29E-06,3.29E-06,3.90E-06,3.90E-06,3.83E-06,3.83E-06,3.92E-06,3.92E-06,8.92E-05,8.92E-05,6.91E-06,6.91E-06,3.14E-06,3.14E-06,2.67E-06,2.67E-06,3.08E-06,3.08E-06,2.92E-06,2.92E-06,2.85E-06,2.85E-06,2.85E-06,2.85E-06,5.01E-06,5.01E-06,1.15E-05,1.15E-05,0.000133302,0.000133302,1.13E-05,1.13E-05,5.25E-06,5.25E-06,4.71E-06,4.71E-06,4.10E-06,4.10E-06,4.38E-06,4.38E-06,4.00E-06,4.00E-06,2.75E-06,2.75E-06,3.26E-06,3.26E-06,3.44E-06,3.44E-06,7.08E-05,7.08E-05,5.80E-06,5.80E-06,2.93E-06,2.93E-06,3.02E-06,3.02E-06,2.96E-06,2.96E-06,2.03E-06,2.03E-06,1.69E-06,1.69E-06,1.65E-06,1.65E-06,1.69E-06,1.69E-06,2.35E-06,2.35E-06,4.31E-05,4.31E-05,4.50E-06,4.50E-06,2.13E-06,2.13E-06,1.74E-06,1
1.74E-06,1.98E-06,1.98E-06,2.66E-06,2.66E-06,1.82E-06,1.82E-06,1.54E-06,1.54E-06,1.95E-06,1.95E-06,2.41E-06,2.41E-06,8.73E-05,8.73E-05,1.15E-05,1.15E-05,6.81E-06,6.81E-06,3.72E-06,3.72E-06,5.33E-06,5.33E-06,3.96E-06,3.96E-06,4.46E-06,4.46E-06,4.61E-06,4.61E-06,6.30E-06,6.30E-06,3.55E-06,3.55E-06,7.86E-05,7.86E-05,8.66E-06,8.66E-06,8.28E-06,8.28E-06,3.38E-06,3.38E-06,3.64E-06,3.64E-06,3.50E-06,3.50E-06,2.09E-06,2.09E-06,2.02E-06,2.02E-06,3.22E-06,3.22E-06,3.62E-06,3.62E-06,9.46E-05,9.46E-05,7.93E-06,7.93E-06,2.43E-06,2.43E-06,2.77E-06,2.77E-06,3.22E-06,3.22E-06,1.74E-06,1.74E-06,1.91E-06,1.91E-06,1.72E-06,1.72E-06,2.59E-06,2.59E-06,3.31E-06,3.31E-06,9.34E-05,9.34E-05,1.07E-05,1.07E-05,6.74E-06,6.74E-06,6.30E-06,6.30E-06,2.76E-06,2.76E-06,2.36E-06,2.36E-06,2.52E-06,2.52E-06,2.29E-06,2.29E-06,1.86E-06,1.86E-06,2.04E-06,2.04E-06,6.02E-05,6.02E-05,5.00E-06,5.00E-06,3.13E-06,3.13E-06,3.43E-06,3.43E-06,4.10E-06,4.10E-06,2.62E-06,2.62E-06,2.60E-06,2.60E-06,2.38E-06,2.38E-06,2.33E-06,2.33E-06,2.51E-06,2.51E-06,5.72E-05,5.72E-05,4.72E-06,4.72E-06,3.16E-06,3.16E-06,2.16E-06,2.16E-06,2.41E-06,2.41E-06,3.35E-06,3.35E-06,2.37E-06,2.37E-06,1.99E-06,1.99E-06,2.41E-06,2.41E-06,2.62E-06,2.62E-06,6.61E-05,6.61E-05,5.80E-06,5.80E-06,2.91E-06,2.91E-06,3.91E-06,3.91E-06,3.85E-06,3.85E-06,3.62E-06,3.62E-06,2.66E-06,2.66E-06,2.38E-06,2.38E-06,2.60E-06,2.60E-06,2.34E-06,2.34E-06,7.12E-05,7.12E-05,8.97E-06,8.97E-06,5.90E-06,5.90E-06,3.98E-06,3.98E-06,3.19E-06,3.19E-06,3.17E-06,3.17E-06,2.95E-06,2.95E-06,2.57E-06,2.57E-06,2.76E-06,2.76E-06,1.87E-06,1.87E-06,4.48E-05,4.48E-05,3.66E-06,3.66E-06,2.61E-06,2.61E-06,2.29E-06,2.29E-06,2.88E-06,2.88E-06,2.58E-06,2.58E-06,2.71E-06,2.71E-06,2.94E-06,2.94E-06,2.60E-06,2.60E-06,2.59E-06,2.59E-06,6.70E-05,6.70E-05,5.09E-06,5.09E-06,2.08E-06,2.08E-06,2.35E-06,2.35E-06,2.32E-06,2.32E-06,2.19E-06,2.19E-06,1.87E-06,1.87E-06,2.22E-06,2.22E-06,1.58E-06,1.58E-06,1.62E-06,1.62E-06,5.72E-05,5.72E-05,4.32E-06,4.32E-06,3.14E-06,3.14E-06,2.65E-06,2.65E-06,3.72E-06,3.72E-06,2.79E-06,2.79E-06,1
2.46E-06,2.46E-06,2.28E-06,2.28E-06,2.24E-06,2.24E-06,1.81E-06,1.81E-06,5.96E-05,5.96E-05,5.31E-06,5.31E-06,2.79E-06,2.79E-06,2.33E-06,2.33E-06,1.98E-06,1.98E-06,2.53E-06,2.53E-06,2.24E-06,2.24E-06,2.66E-06,2.66E-06,2.10E-06,2.10E-06,2.00E-06,2.00E-06,5.14E-05,5.14E-05,4.90E-06,4.90E-06,2.87E-06,2.87E-06,2.51E-06,2.51E-06,2.24E-06,2.24E-06,2.38E-06,2.38E-06,2.34E-06,2.34E-06,4.67E-06,4.67E-06,4.01E-06,4.01E-06,3.73E-06,3.73E-06,8.97E-05,8.97E-05,1.38E-05,1.38E-05,3.99E-06,3.99E-06,3.66E-06,3.66E-06,2.70E-06,2.70E-06,2.58E-06,2.58E-06,3.15E-06,3.15E-06,2.03E-06,2.03E-06,2.54E-06,2.54E-06,2.86E-06,2.86E-06,7.22E-05,7.22E-05,1.12E-05,1.12E-05,5.00E-06,5.00E-06,3.70E-06,3.70E-06,2.45E-06,2.45E-06,3.86E-06,3.86E-06,2.12E-06,2.12E-06,3.28E-06,3.28E-06,5.01E-06,5.01E-06,3.45E-06,3.45E-06,7.06E-05,7.06E-05,5.65E-06,5.65E-06,3.31E-06,3.31E-06,2.73E-06,2.73E-06,2.28E-06,2.28E-06,2.01E-06,2.01E-06,3.16E-06,3.16E-06,2.16E-06,2.16E-06,2.91E-06,2.91E-06,2.29E-06,2.29E-06,5.42E-05,5.42E-05,4.11E-06,4.11E-06,3.38E-06,3.38E-06,2.53E-06,2.53E-06,3.43E-06,3.43E-06,2.96E-06,2.96E-06,2.24E-06,2.24E-06,2.64E-06,2.64E-06,1.90E-06,1.90E-06,3.19E-06,3.19E-06,6.48E-05,6.48E-05,1.24E-05,1.24E-05,3.65E-06,3.65E-06,2.89E-06,2.89E-06,2.55E-06,2.55E-06,2.58E-06,2.58E-06,2.14E-06,2.14E-06,2.53E-06,2.53E-06,2.58E-06,2.58E-06,2.59E-06,2.59E-06,6.76E-05,6.76E-05,6.08E-06,6.08E-06,3.79E-06,3.79E-06,4.18E-06,4.18E-06,2.30E-06,2.30E-06,2.32E-06,2.32E-06,3.76E-06,3.76E-06,2.14E-06,2.14E-06,3.32E-06,3.32E-06,5.46E-06,5.46E-06,0.000105216,0.000105216,6.46E-06,6.46E-06,4.16E-06,4.16E-06,2.47E-06,2.47E-06,2.82E-06,2.82E-06,3.04E-06,3.04E-06,3.25E-06,3.25E-06,3.17E-06,3.17E-06,2.98E-06,2.98E-06,4.04E-06,4.04E-06,9.61E-05,9.61E-05,5.55E-06,5.55E-06,4.15E-06,4.15E-06,3.68E-06,3.68E-06,2.68E-06,2.68E-06,3.21E-06,3.21E-06,1.78E-06,1.78E-06,2.02E-06,2.02E-06,1.89E-06,1.89E-06,2.33E-06,2.33E-06,5.21E-05,5.21E-05,4.78E-06,4.78E-06,2.43E-06,2.43E-06,2.56E-06,2.56E-06,2.57E-06,2.57E-06,2.62E-06,2.62E-06,2.05E-06,2.05E-06,3.23E-06,3.23E-06,3.53E-06,1
8.68E-06,8.68E-06,4.37E-06,4.37E-06,7.91E-06,7.91E-06,6.66E-06,6.66E-06,7.52E-06,7.52E-06,5.38E-06,5.38E-06,5.44E-06,5.44E-06,3.71E-06,3.71E-06,9.30E-06,9.30E-06,6.43E-05,6.43E-05,5.18E-06,5.18E-06,4.57E-06,4.57E-06,2.75E-06,2.75E-06,7.71E-06,7.71E-06,0.000324392,0.000324392,0.000309295,0.000309295,0.000216207,0.000216207,0.000456553,0.000456553,0.001542467,0.001542467,0.003957232,0.003957232,0.002450265,0.002450265,0.000363967,0.000363967,0.004997068,0.004997068,0.002185814,0.002185814,0.16503039,0.16503039,0.009234788,0.009234788,0.45843434,0.45843434,0.01997199,0.01997199,0.000412741,0.000412741,0.000842496,0.000842496,0.000178686,0.000178686,2.78E-05,2.78E-05,1.73E-05,1.73E-05,8.60E-06,8.60E-06,4.40E-06,4.40E-06,1.68E-06,1.68E-06,1.60E-06,1.60E-06,1.84E-06,1.84E-06,2.04E-06,2.04E-06,1.51E-05,1.51E-05,2.77E-06,2.77E-06,1.70E-06,1.70E-06,2.29E-06,2.29E-06,1.04E-06,1.04E-06,1.39E-06,1.39E-06,1.46E-06,1.46E-06,1.66E-06,1.66E-06,1.63E-06,1.63E-06,2.05E-06,2.05E-06,1.54E-05,1.54E-05,3.78E-06,3.78E-06,2.56E-06,2.56E-06,3.41E-06,3.41E-06,3.94E-06,3.94E-06,2.50E-06,2.50E-06,2.76E-06,2.76E-06,3.00E-06,3.00E-06,2.66E-06,2.66E-06,3.45E-06,3.45E-06,2.89E-05,2.89E-05,3.31E-06,3.31E-06,3.61E-06,3.61E-06,3.13E-06,3.13E-06,5.21E-06,5.21E-06,2.70E-06,2.70E-06,2.34E-06,2.34E-06,3.20E-06,3.20E-06,2.76E-06,2.76E-06,2.85E-06,2.85E-06,2.13E-05,2.13E-05,4.03E-06,4.03E-06,4.51E-06,4.51E-06,2.90E-06,2.90E-06,2.86E-06,2.86E-06,2.90E-06,2.90E-06,2.78E-06,2.78E-06,4.03E-06,4.03E-06,4.66E-06,4.66E-06,6.07E-06,6.07E-06,3.55E-05,3.55E-05,9.22E-06,9.22E-06,8.98E-06,8.98E-06,9.32E-06,9.32E-06,4.01E-06,4.01E-06,0.08499009,0.08499009,0.034978423,0.034978423,3.34E-05,3.34E-05,9.22E-06,9.22E-06,3.06E-06,3.06E-06,3.51E-05,3.51E-05,5.02E-06,5.02E-06,1.62E-06,1.62E-06,3.84E-06,3.84E-06,2.43E-06,2.43E-06,2.81E-06,2.81E-06,2.67E-06,2.67E-06,2.09E-06,2.09E-06,2.64E-06,2.64E-06,2.82E-06,2.82E-06,2.94E-05,2.94E-05,3.40E-06,3.40E-06,2.71E-06,2.71E-06,1.70E-06,1.70E-06,2.08E-06,2.08E-06,1.55E-06,1.55E-06,2.10E-06,2.10E-06,4.20E-06,4.20E-06,3.63E-06,3.63E-06,2.94E-06,2.94E-06,3.53E-05,3.53E-05,4.91E-06,4.91E-06,4.20E-06,4.20E-06,4.91E-06,1
4.91E-06,3.53E-06,3.53E-06,3.37E-06,3.37E-06,5.27E-06,5.27E-06,4.26E-06,4.26E-06,5.33E-06,5.33E-06,5.73E-06,5.73E-06,5.54E-05,5.54E-05,9.73E-06,9.73E-06,3.43E-06,3.43E-06,4.93E-06,4.93E-06,5.28E-06,5.28E-06,4.45E-06,4.45E-06,3.65E-06,3.65E-06,3.40E-06,3.40E-06,4.78E-06,4.78E-06,4.16E-06,4.16E-06,6.90E-05,6.90E-05,1.07E-05,1.07E-05,2.52E-05,2.52E-05,1.51E-05,1.51E-05,1.71E-05,1.71E-05,8.69E-06,8.69E-06,6.87E-06,6.87E-06,4.56E-06,4.56E-06,3.20E-06,3.20E-06,2.21E-06,2.21E-06,2.11E-05,2.11E-05,2.38E-06,2.38E-06,1.62E-06,1.62E-06,2.53E-06,2.53E-06,2.38E-06,2.38E-06,2.86E-06,2.86E-06,2.83E-06,2.83E-06,2.27E-06,2.27E-06,2.50E-06,2.50E-06,3.18E-06,3.18E-06,2.99E-05,2.99E-05,6.68E-06,6.68E-06,5.40E-06,5.40E-06,4.58E-06,4.58E-06,2.34E-06,2.34E-06,2.38E-06,2.38E-06,2.23E-06,2.23E-06,1.77E-06,1.77E-06,1.65E-06,1.65E-06,1.41E-06,1.41E-06,1.39E-05,1.39E-05,2.31E-06,2.31E-06,1.65E-06,1.65E-06,1.57E-06,1.57E-06,1.55E-06,1.55E-06,1.35E-06,1.35E-06,1.84E-06,1.84E-06,1.41E-06,1.41E-06,1.65E-06,1.65E-06,1.67E-06,1.67E-06,2.04E-05,2.04E-05,2.96E-06,2.96E-06,1.53E-06,1.53E-06,1.91E-06,1.91E-06,1.78E-06,1.78E-06,2.06E-06,2.06E-06,1.04E-06,1.04E-06,9.73E-07,9.73E-07,1.25E-06,1.25E-06,8.10E-07,8.10E-07,1.20E-05,1.20E-05,1.24E-06,1.24E-06,1.05E-06,1.05E-06,1.03E-06,1.03E-06,9.35E-07,9.35E-07,1.05E-06,1.05E-06,1.74E-06,1.74E-06,1.41E-06,1.41E-06,1.07E-06,1.07E-06,9.60E-07,9.60E-07,1.35E-05,1.35E-05,1.89E-06,1.89E-06,1.64E-06,1.64E-06,1.23E-06,1.23E-06,1.29E-06,1.29E-06,1.51E-06,1.51E-06,1.62E-06,1.62E-06,2.38E-06,2.38E-06,4.57E-06,4.57E-06,4.65E-06,4.65E-06,2.39E-05,2.39E-05,3.15E-06,3.15E-06,6.02E-06,6.02E-06,5.20E-06,5.20E-06,4.05E-06,4.05E-06,5.65E-06,5.65E-06,4.16E-06,4.16E-06,4.08E-06,4.08E-06,3.23E-06,3.23E-06,2.41E-06,2.41E-06,3.64E-05,3.64E-05,4.38E-06,4.38E-06,3.90E-06,3.90E-06,2.17E-06,2.17E-06,3.25E-06,3.25E-06,2.43E-06,2.43E-06,1.43E-06,1.43E-06,1.41E-06,1.41E-06,1.32E-06,1.32E-06,1.76E-06,1.76E-06,0.14495182,0.14495182,0.04265131,0.04265131,9.12E-06,9.12E-06,2.30E-06,2.30E-06,2.16E-06,2.16E-06,2.13E-06,2.13E-06,1
2.04E-06,2.04E-06,3.28E-06,3.28E-06,3.07E-06,3.07E-06,4.45E-06,4.45E-06,3.13E-05,3.13E-05,6.45E-06,6.45E-06,4.22E-06,4.22E-06,3.26E-06,3.26E-06,2.53E-06,2.53E-06,3.65E-06,3.65E-06,2.19E-06,2.19E-06,1.91E-06,1.91E-06,1.58E-06,1.58E-06,2.85E-06,2.85E-06,2.45E-05,2.45E-05,2.76E-06,2.76E-06,2.55E-06,2.55E-06,2.38E-06,2.38E-06,3.15E-06,3.15E-06,4.80E-06,4.80E-06,4.01E-06,4.01E-06,2.67E-06,2.67E-06,2.79E-06,2.79E-06,3.78E-06,3.78E-06,4.74E-05,4.74E-05,7.48E-06,7.48E-06,3.97E-06,3.97E-06,4.06E-06,4.06E-06,3.04E-06,3.04E-06,3.61E-06,3.61E-06,3.00E-06,3.00E-06,3.64E-06,3.64E-06,3.65E-06,3.65E-06,3.16E-06,3.16E-06,3.48E-05,3.48E-05,7.56E-06,7.56E-06,7.08E-06,7.08E-06,6.85E-06,6.85E-06,4.95E-06,4.95E-06,2.73E-06,2.73E-06,1.82E-06,1.82E-06,2.33E-06,2.33E-06,3.83E-06,3.83E-06,4.68E-06,4.68E-06,1.19E-05,1.19E-05,3.06E-06,3.06E-06,1.98E-06,1.98E-06,1.62E-06,1.62E-06,1.48E-06,1.48E-06,1.26E-06,1.26E-06,1.43E-06,1.43E-06,1.83E-06,1.83E-06,1.45E-06,1.45E-06,1.18E-06,1.18E-06,1.89E-05,1.89E-05,2.60E-06,2.60E-06,1.96E-06,1.96E-06,1.30E-06,1.30E-06,1.09E-06,1.09E-06,1.42E-06,1.42E-06,1.18E-06,1.18E-06,1.09E-06,1.09E-06,9.92E-07,9.92E-07,9.93E-07,9.93E-07,1.29E-05,1.29E-05,1.64E-06,1.64E-06,9.46E-07,9.46E-07,7.72E-07,7.72E-07,1.23E-06,1.23E-06,1.97E-06,1.97E-06,0.00099965,0.00099965,0.99861765,0.99861765,0.921045,0.921045,0.001184039,0.001184039,0.000723993,0.000723993,3.05E-05,3.05E-05,7.95E-06,7.95E-06,2.42E-06,2.42E-06,1.93E-06,1.93E-06,1.67E-06,1.67E-06,2.12E-06,2.12E-06,2.13E-06,2.13E-06,1.76E-06,1.76E-06,2.24E-06,2.24E-06,2.44E-05,2.44E-05,2.79E-06,2.79E-06,1.17E-06,1.17E-06,8.46E-07,8.46E-07,1.42E-06,1.42E-06,9.10E-07,9.10E-07,9.57E-07,9.57E-07,7.10E-07,7.10E-07,8.34E-07,8.34E-07,7.83E-07,7.83E-07,1.23E-05,1.23E-05,1.59E-06,1.59E-06,1.07E-06,1.07E-06,1.04E-06,1.04E-06,8.46E-07,8.46E-07,6.02E-07,6.02E-07,8.11E-07,8.11E-07,2.09E-06,2.09E-06,1.33E-06,1.33E-06,2.40E-06,2.40E-06,2.05E-05,2.05E-05,2.69E-06,2.69E-06,2.08E-06,2.08E-06,1.83E-06,1.83E-06,1.97E-06,1.97E-06,1.41E-06,1.41E-06,1.51E-06,1.51E-06,1.51E-06,1.51E-06,1.44E-06,1
2.62E-06,2.62E-06,2.62E-06,1.83E-06,1.83E-06,1.71E-06,1.71E-06,1.87E-06,1.87E-06,1.65E-06,1.65E-06,1.48E-06,1.48E-06,1.13E-06,1.13E-06,8.96E-07,8.96E-07,1.17E-06,1.17E-06,2.61E-05,2.61E-05,2.53E-06,2.53E-06,1.75E-06,1.75E-06,1.23E-06,1.23E-06,1.23E-06,1.00E-06,1.00E-06,1.00E-06,1.00E-06,1.31E-06,1.31E-06,1.35E-06,1.35E-06,1.29E-06,1.29E-06,1.79E-06,1.79E-06,3.07E-05,3.07E-05,3.66E-06,3.66E-06,2.31E-06,2.31E-06,1.63E-06,1.63E-06,1.39E-06,1.39E-06,1.38E-06,1.38E-06,1.38E-06,1.25E-06,1.25E-06,1.19E-06,1.19E-06,1.20E-06,1.20E-06,0.000135143,0.000135143,0.007894867,0.007894867,2.14E-05,2.14E-05,7.08E-06,7.08E-06,7.90E-06,7.90E-06,4.06E-06,4.06E-06,4.82E-06,4.82E-06,2.78E-06,2.78E-06,2.08E-06,2.08E-06,2.08E-06,1.89E-06,1.89E-06,2.49E-06,2.49E-06,5.49E-05,5.49E-05,6.48E-06,6.48E-06,5.87E-06,5.87E-06,5.84E-06,5.84E-06,8.61E-06,8.61E-06,7.09E-06,7.09E-06,9.71E-06,9.71E-06,1.13E-05,1.13E-05,3.83E-05,3.83E-05,0.9954704,0.9954704,0.9954704,0.000250786,0.000250786,8.32E-06,8.32E-06,4.75E-06,4.75E-06,3.48E-06,3.48E-06,3.46E-06,3.46E-06,3.14E-06,3.14E-06,3.60E-06,3.60E-06,3.58E-06,3.58E-06,3.22E-06,3.22E-06,2.67E-06,2.67E-06,3.10E-05,3.10E-05,3.40E-06,3.40E-06,3.40E-06,2.06E-06,2.06E-06,1.60E-06,1.60E-06,1.55E-06,1.55E-06,1.53E-06,1.53E-06,1.29E-06,1.29E-06,1.30E-06,1.30E-06,1.10E-06,1.10E-06,2.32E-06,2.32E-06,2.99E-05,2.99E-05,6.70E-06,6.70E-06,3.56E-06,3.56E-06,2.69E-06,2.69E-06,2.69E-06,1.86E-06,1.86E-06,1.56E-06,1.56E-06,1.37E-06,1.37E-06,1.27E-06,1.27E-06,2.14E-06,2.14E-06,1.72E-06,1.72E-06,2.72E-05,2.72E-05,2.98E-06,2.98E-06,1.89E-06,1.89E-06,1.33E-06,1.33E-06,2.46E-05,2.46E-05,4.34E-05,4.34E-05,4.34E-05,6.46E-06,6.46E-06,5.21E-06,5.21E-06,4.01E-06,4.01E-06,3.36E-06,3.36E-06,4.73E-05,4.73E-05,5.15E-06,5.15E-06,5.56E-06,5.56E-06,4.27E-06,4.27E-06,4.49E-06,4.49E-06,4.44E-06,4.44E-06,2.72E-06,2.72E-06,3.28E-06,3.28E-06,3.28E-06,2.48E-06,2.48E-06,2.26E-06,2.26E-06,3.11E-05,3.11E-05,6.75E-06,6.75E-06,3.16E-06,3.16E-06,2.81E-06,2.81E-06,4.67E-06,4.67E-06,3.32E-06,3.32E-06,2.99E-06,2.99E-06,3.44E-06,3.44E-06,2.43E-06,2.43E-06,1
2.04E-06,2.04E-06,2.04E-06,3.33E-05,3.33E-05,5.01E-06,5.01E-06,2.30E-06,2.30E-06,4.19E-06,4.19E-06,0.002241109,0.002241109,3.75E-05,3.75E-05,5.01E-06,5.01E-06,3.21E-06,3.21E-06,3.12E-06,3.12E-06,3.61E-06,3.61E-06,3.76E-05,3.76E-05,5.18E-06,5.18E-06,5.18E-06,3.73E-06,3.73E-06,3.87E-06,3.87E-06,3.32E-06,3.32E-06,2.52E-06,2.52E-06,4.52E-06,4.52E-06,2.71E-06,2.71E-06,2.15E-06,2.15E-06,2.19E-06,2.19E-06,2.67E-05,2.67E-05,2.74E-06,2.74E-06,1.78E-06,1.78E-06,1.45E-06,1.45E-06,1.45E-06,1.40E-06,1.40E-06,1.79E-06,1.79E-06,1.89E-06,1.89E-06,3.05E-06,3.05E-06,3.79E-05,3.79E-05,1.43E-05,1.43E-05,7.68E-05,7.68E-05,9.96E-06,9.96E-06,3.78E-06,3.78E-06,3.06E-06,3.06E-06,1.82E-06,1.82E-06,1.73E-06,1.73E-06,1.73E-06,1.63E-06,1.63E-06,2.15E-06,2.15E-06,1.89E-06,1.89E-06,1.51E-06,1.51E-06,2.64E-05,2.64E-05,2.75E-06,2.75E-06,1.80E-06,1.80E-06,1.71E-06,1.71E-06,1.94E-06,1.94E-06,2.30E-06,2.30E-06,1.84E-06,1.84E-06,2.26E-06,2.26E-06,2.26E-06,1.86E-06,1.86E-06,1.89E-06,1.89E-06,3.27E-05,3.27E-05,3.93E-06,3.93E-06,2.55E-06,2.55E-06,1.93E-06,1.93E-06,1.68E-06,1.68E-06,2.17E-06,2.17E-06,1.94E-06,1.94E-06,1.66E-06,1.66E-06,1.52E-06,1.52E-06,1.52E-06,1.52E-06,1.52E-06,2.55E-05,2.55E-05,3.17E-06,3.17E-06,2.13E-06,2.13E-06,2.21E-06,2.21E-06,2.43E-06,2.43E-06,1.82E-06,1.82E-06,2.27E-06,2.27E-06,2.85E-06,2.85E-06,8.99E-06,8.99E-06,0.716973,0.716973,0.000134184,0.000134184,6.65E-06,6.65E-06,6.65E-06,4.46E-06,4.46E-06,3.29E-06,3.29E-06,1.70E-06,1.70E-06,1.46E-06,1.46E-06,2.19E-06,2.19E-06,1.45E-06,1.45E-06,1.37E-06,1.37E-06,1.53E-06,1.53E-06,2.56E-05,2.56E-05,3.26E-06,3.26E-06,2.10E-06,2.10E-06,1.82E-06,1.82E-06,1.82E-06,1.37E-06,1.37E-06,1.51E-06,1.51E-06,1.11E-06,1.11E-06,1.72E-06,1.72E-06,1.36E-06,1.36E-06,1.40E-06,1.40E-06,3.00E-05,3.00E-05,3.64E-06,3.64E-06,2.33E-06,2.33E-06,2.16E-06,2.16E-06,1.86E-06,1.86E-06,1.76E-06,1.76E-06,1.76E-06,1.69E-06,1.69E-06,2.19E-06,2.19E-06,1.83E-06,1.83E-06,1.48E-06,1.48E-06,2.74E-05,2.74E-05,3.38E-06,3.38E-06,2.30E-06,2.30E-06,4.36E-06,4.36E-06,6.68E-06,6.68E-06,0.000129348,0.000129348,7.86E-06,7.86E-06,1
5.03E-06,5.03E-06,5.03E-06,4.57E-06,4.57E-06,3.71E-06,3.71E-06,4.27E-05,4.27E-05,7.00E-06,7.00E-06,2.95E-06,2.95E-06,5.04E-06,5.04E-06,2.83E-06,2.83E-06,2.69E-06,2.69E-06,3.40E-06,3.40E-06,2.89E-06,2.89E-06,4.26E-06,4.26E-06,3.48E-06,3.48E-06,3.48E-06,2.82E-05,2.82E-05,3.45E-06,3.45E-06,1.94E-06,1.94E-06,2.11E-06,2.11E-06,1.80E-06,1.80E-06,3.55E-06,3.55E-06,5.49E-06,5.49E-06,5.13E-06,5.13E-06,7.70E-06,7.70E-06,7.27E-06,7.27E-06,0.00015215,0.00015215,1.92E-05,1.92E-05,1.92E-05,1.28E-05,1.28E-05,1.20E-05,1.20E-05,1.37E-05,1.37E-05,5.01E-05,5.01E-05,0.76162535,0.76162535,5.28E-05,5.28E-05,5.92E-06,5.92E-06,3.87E-06,3.87E-06,4.91E-05,4.91E-05,6.39E-06,6.39E-06,3.80E-06,3.80E-06,2.80E-06,2.80E-06,2.80E-06,2.28E-06,2.28E-06,2.35E-06,2.35E-06,2.49E-06,2.49E-06,2.08E-06,2.08E-06,2.00E-06,2.00E-06,2.02E-06,2.02E-06,3.01E-05,3.01E-05,3.27E-06,3.27E-06,1.63E-06,1.63E-06,1.57E-06,1.57E-06,2.66E-06,2.66E-06,0.000257517,0.000257517,0.000257517,0.000402072,0.000402072,8.68E-06,8.68E-06,5.52E-06,5.52E-06,4.57E-06,4.57E-06,4.29E-05,4.29E-05,3.96E-06,3.96E-06,2.14E-06,2.14E-06,1.77E-06,1.77E-06,1.51E-06,1.51E-06,1.70E-06,1.70E-06,1.87E-06,1.87E-06,1.78E-06,1.78E-06,1.78E-06,1.54E-06,1.54E-06,1.77E-06,1.77E-06,2.52E-05,2.52E-05,3.66E-06,3.66E-06,2.03E-06,2.03E-06,2.59E-06,2.59E-06,1.73E-06,1.73E-06,1.76E-06,1.76E-06,1.58E-06,1.58E-06,1.47E-06,1.47E-06,1.39E-06,1.39E-06,1.38E-06,1.38E-06,1.38E-06,2.01E-05,2.01E-05,2.55E-06,2.55E-06,1.61E-06,1.61E-06,1.33E-06,1.33E-06,1.26E-06,1.26E-06,1.18E-06,1.18E-06,1.10E-06,1.10E-06,1.41E-06,1.41E-06,1.62E-06,1.62E-06,1.51E-06,1.51E-06,4.75E-05,4.75E-05,5.57E-06,5.57E-06,5.57E-06,3.66E-06,3.66E-06,2.91E-06,2.91E-06,2.92E-06,2.92E-06,2.31E-06,2.31E-06,2.85E-06,2.85E-06,3.15E-06,3.15E-06,3.32E-06,3.32E-06,2.14E-06,2.14E-06,2.68E-05,2.68E-05,3.25E-06,3.25E-06,2.07E-06,2.07E-06,0.000603021,0.000603021,0.000603021,0.40259102,0.40259102,5.76E-05,5.76E-05,7.04E-06,7.04E-06,6.11E-06,6.11E-06,3.13E-06,3.13E-06,3.18E-06,3.18E-06,3.32E-05,3.32E-05,3.74E-06,3.74E-06,2.70E-06,2.70E-06,2.48E-06,2.48E-06,2.08E-06,2.08E-06,1
2.25E-06,2.25E-06,2.25E-06,2.06E-06,2.06E-06,2.32E-06,2.32E-06,2.31E-06,2.31E-06,2.48E-06,2.48E-06,5.16E-05,5.16E-05,5.73E-06,5.73E-06,3.86E-06,3.86E-06,2.67E-06,2.67E-06,2.82E-06,2.82E-06,2.10E-06,2.10E-06,2.71E-06,2.71E-06,2.02E-06,2.02E-06,2.02E-06,1.97E-06,1.97E-06,2.92E-06,2.92E-06,3.04E-05,3.04E-05,3.04E-06,3.04E-06,1.94E-06,1.94E-06,1.95E-06,1.95E-06,1.70E-06,1.70E-06,1.80E-06,1.80E-06,1.70E-06,1.70E-06,2.03E-06,2.03E-06,1.86E-06,1.86E-06,7.71E-06,7.71E-06,7.71E-06,0.000529453,0.000529453,1.32E-05,1.32E-05,5.06E-06,5.06E-06,3.95E-06,3.95E-06,4.85E-06,4.85E-06,3.47E-06,3.47E-06,2.92E-06,2.92E-06,2.68E-06,2.68E-06,3.02E-06,3.02E-06,2.78E-06,2.78E-06,3.39E-05,3.39E-05,3.69E-06,3.69E-06,3.69E-06,2.23E-06,2.23E-06,1.89E-06,1.89E-06,1.86E-06,1.86E-06,1.81E-06,1.81E-06,2.32E-06,2.32E-06,2.17E-06,2.17E-06,2.04E-06,2.04E-06,2.09E-06,2.09E-06,3.40E-05,3.40E-05,6.45E-06,6.45E-06,2.82E-06,2.82E-06,3.54E-06,3.54E-06,3.54E-06,2.76E-06,2.76E-06,2.75E-06,2.75E-06,2.86E-06,2.86E-06,2.92E-06,2.92E-06,2.58E-06,2.58E-06,2.52E-06,2.52E-06,3.71E-05,3.71E-05,4.16E-06,4.16E-06,2.38E-06,2.38E-06,3.19E-06,3.19E-06,2.01E-06,2.01E-06,2.56E-06,2.56E-06,2.56E-06,1.72E-06,1.72E-06,2.66E-06,2.66E-06,1.62E-06,1.62E-06,1.64E-06,1.64E-06,2.75E-05,2.75E-05,3.74E-06,3.74E-06,2.21E-06,2.21E-06,1.84E-06,1.84E-06,1.46E-06,1.46E-06,1.59E-06,1.59E-06,1.47E-06,1.47E-06,2.38E-06,2.38E-06,2.38E-06,3.20E-06,3.20E-06,2.55E-06,2.55E-06,2.87E-05,2.87E-05,4.32E-06,4.32E-06,1.88E-06,1.88E-06,1.59E-06,1.59E-06,1.42E-06,1.42E-06,1.88E-06,1.88E-06,1.57E-06,1.57E-06,2.10E-06,2.10E-06,1.71E-06,1.71E-06,1.66E-06,1.66E-06,1.66E-06,2.96E-05,2.96E-05,3.44E-06,3.44E-06,2.09E-06,2.09E-06,1.57E-06,1.57E-06,1.65E-06,1.65E-06,1.82E-06,1.82E-06,1.56E-06,1.56E-06,1.38E-06,1.38E-06,1.38E-06,1.38E-06,1.74E-06,1.74E-06,2.91E-05,2.91E-05,4.12E-06,4.12E-06,4.12E-06,5.85E-06,5.85E-06,0.000411159,0.000411159,1.39E-05,1.39E-05,7.24E-06,7.24E-06,5.05E-06,5.05E-06,4.52E-06,4.52E-06,3.10E-06,3.10E-06,4.88E-06,4.88E-06,4.31E-05,4.31E-05,6.09E-06,6.09E-06,5.01E-06,5.01E-06,1
4.63E-06,4.63E-06,4.63E-06,4.61E-06,4.61E-06,7.36E-06,7.36E-06,6.20E-06,6.20E-06,5.38E-06,5.38E-06,4.45E-06,4.45E-06,4.61E-06,4.61E-06,4.52E-05,4.52E-05,6.19E-06,6.19E-06,3.69E-06,3.69E-06,2.68E-06,2.68E-06,2.42E-06,2.42E-06,2.64E-06,2.64E-06,2.64E-06,2.17E-06,2.17E-06,3.12E-06,3.12E-06,3.18E-06,3.18E-06,2.14E-06,2.14E-06,2.92E-05,2.92E-05,8.04E-06,8.04E-06,0.9945192,0.9945192,0.002338248,0.002338248,1.04E-05,1.04E-05,4.35E-06,4.35E-06,4.24E-06,4.24E-06,5.39E-06,5.39E-06,5.39E-06,5.00E-06,5.00E-06,4.84E-06,4.84E-06,9.55E-05,9.55E-05,1.20E-05,1.20E-05,6.35E-06,6.35E-06,4.98E-06,4.98E-06,4.83E-06,4.83E-06,4.84E-06,4.84E-06,4.83E-06,4.83E-06,3.79E-06,3.79E-06,5.09E-06,5.09E-06,5.00E-06,5.00E-06,5.00E-06,9.14E-05,9.14E-05,0.000172198,0.000172198,0.00250001,0.00250001,8.16E-06,8.16E-06,4.44E-06,4.44E-06,3.09E-06,3.09E-06,2.91E-06,2.91E-06,2.38E-06,2.38E-06,3.11E-06,3.11E-06,2.88E-06,2.88E-06,3.54E-05,3.54E-05,4.10E-06,4.10E-06,4.10E-06,2.44E-06,2.44E-06,1.75E-06,1.75E-06,1.96E-06,1.96E-06,1.87E-06,1.87E-06,1.55E-06,1.55E-06,1.92E-06,1.92E-06,2.18E-06,2.18E-06,2.11E-06,2.11E-06,2.66E-05,2.66E-05,3.28E-06,3.28E-06,2.72E-06,2.72E-06,1.90E-06,1.90E-06,1.90E-06,1.79E-06,1.79E-06,1.79E-06,1.79E-06,1.89E-06,1.89E-06,2.12E-06,2.12E-06,2.54E-06,2.54E-06,2.31E-06,2.31E-06,2.53E-05,2.53E-05,3.06E-06,3.06E-06,2.31E-06,2.31E-06,4.70E-05,4.70E-05,0.00495815,0.00495815,2.08E-05,2.08E-05,2.08E-05,7.22E-06,7.22E-06,6.53E-06,6.53E-06,3.87E-06,3.87E-06,3.70E-06,3.70E-06,4.21E-05,4.21E-05,6.65E-06,6.65E-06,4.55E-06,4.55E-06,3.21E-06,3.21E-06,2.84E-06,2.84E-06,3.75E-06,3.75E-06,2.48E-06,2.48E-06,2.64E-06,2.64E-06,2.64E-06,2.38E-06,2.38E-06,2.27E-06,2.27E-06,2.95E-05,2.95E-05,3.47E-06,3.47E-06,2.66E-06,2.66E-06,1.79E-06,1.79E-06,1.53E-06,1.53E-06,1.52E-06,1.52E-06,1.45E-06,1.45E-06,1.45E-06,1.45E-06,1.87E-06,1.87E-06,1.90E-06,1.90E-06,1.90E-06,2.78E-05,2.78E-05,3.29E-06,3.29E-06,0.014101536,0.014101536,0.37472507,0.37472507,9.07E-06,9.07E-06,3.91E-06,3.91E-06,3.91E-06,3.91E-06,2.67E-06,2.67E-06,2.01E-06,2.01E-06,1.70E-06,1.70E-06,2.90E-05,2.90E-05,1
2.91E-06,2.91E-06,2.91E-06,2.18E-06,2.18E-06,1.92E-06,1.92E-06,1.80E-06,1.80E-06,1.72E-06,1.72E-06,1.81E-06,1.81E-06,1.98E-06,1.98E-06,1.67E-06,1.67E-06,1.62E-06,1.62E-06,2.56E-05,2.56E-05,3.21E-06,3.21E-06,1.58E-06,1.58E-06,1.33E-06,1.33E-06,1.33E-06,1.19E-06,1.19E-06,1.38E-06,1.38E-06,1.68E-06,1.68E-06,3.19E-06,3.19E-06,0.023261106,0.023261106,7.28E-06,7.28E-06,4.17E-05,4.17E-05,3.28E-06,3.28E-06,1.67E-06,1.67E-06,1.96E-06,1.96E-06,2.41E-06,2.41E-06,2.00E-06,2.00E-06,2.00E-06,4.42E-06,4.42E-06,3.04E-06,3.04E-06,4.01E-06,4.01E-06,2.69E-06,2.69E-06,5.87E-05,5.87E-05,6.35E-06,6.35E-06,3.78E-06,3.78E-06,3.50E-06,3.50E-06,2.77E-06,2.77E-06,2.69E-06,2.69E-06,2.16E-06,2.16E-06,2.01E-06,2.01E-06,2.01E-06,2.49E-06,2.49E-06,2.54E-06,2.54E-06,2.60E-05,2.60E-05,3.08E-06,3.08E-06,2.35E-06,2.35E-06,2.22E-06,2.22E-06,2.12E-06,2.12E-06,1.58E-06,1.58E-06,1.88E-06,1.88E-06,2.35E-06,2.35E-06,2.39E-06,2.39E-06,1.78E-06,1.78E-06,1.78E-06,2.61E-05,2.61E-05,3.17E-06,3.17E-06,2.22E-06,2.22E-06,1.77E-06,1.77E-06,1.58E-06,1.58E-06,1.30E-06,1.30E-06,1.94E-06,1.94E-06,1.54E-06,1.54E-06,1.66E-06,1.66E-06,1.68E-06,1.68E-06,2.89E-05,2.89E-05,3.91E-06,3.91E-06,3.91E-06,2.76E-06,2.76E-06,1.79E-06,1.79E-06,2.42E-06,2.42E-06,1.99E-06,1.99E-06,1.78E-06,1.78E-06,1.86E-06,1.86E-06,2.29E-06,2.29E-06,1.74E-06,1.74E-06,2.66E-05,2.66E-05,3.69E-06,3.69E-06,6.18E-06,6.18E-06,1.57E-05,1.57E-05,1.57E-05,0.014697735,0.014697735,7.17E-05,7.17E-05,8.92E-06,8.92E-06,6.10E-06,6.10E-06,4.52E-06,4.52E-06,4.34E-06,4.34E-06,3.75E-05,3.75E-05,8.03E-06,8.03E-06,5.82E-06,5.82E-06,5.52E-06,5.52E-06,4.99E-06,4.99E-06,4.82E-06,4.82E-06,4.82E-06,5.12E-06,5.12E-06,4.63E-06,4.63E-06,5.72E-06,5.72E-06,3.65E-06,3.65E-06,3.49E-05,3.49E-05,4.35E-06,4.35E-06,2.56E-06,2.56E-06,2.25E-06,2.25E-06,2.27E-06,2.27E-06,3.32E-06,3.32E-06,4.62E-06,4.62E-06,0.15279567,0.15279567,0.15279567,0.000584836,0.000584836,1.10E-05,1.10E-05,4.99E-05,4.99E-05,7.22E-06,7.22E-06,5.71E-06,5.71E-06,5.25E-06,5.25E-06,4.01E-06,4.01E-06,4.68E-06,4.68E-06,4.16E-06,4.16E-06,2.58E-06,2.58E-06,3.74E-06,3.74E-06,1
2.49E-06,2.49E-06,2.49E-06,2.62E-05,2.62E-05,3.43E-06,3.43E-06,2.36E-06,2.36E-06,1.93E-06,1.93E-06,1.86E-06,1.86E-06,1.90E-06,1.90E-06,1.68E-06,1.68E-06,1.85E-06,1.85E-06,1.80E-06,1.80E-06,1.56E-06,1.56E-06,2.72E-05,2.72E-05,5.28E-05,5.28E-05,5.28E-05,0.001491325,0.001491325,1.08E-05,1.08E-05,4.99E-06,4.99E-06,5.14E-06,5.14E-06,3.09E-06,3.09E-06,2.62E-06,2.62E-06,3.00E-06,3.00E-06,2.78E-06,2.78E-06,3.34E-05,3.34E-05,3.84E-06,3.84E-06,4.40E-06,4.40E-06,2.52E-06,2.52E-06,2.52E-06,2.19E-06,2.19E-06,2.43E-06,2.43E-06,2.41E-06,2.41E-06,2.41E-06,2.41E-06,2.10E-06,2.10E-06,2.04E-06,2.04E-06,3.47E-05,3.47E-05,4.53E-06,4.53E-06,3.46E-06,3.46E-06,2.40E-06,2.40E-06,2.32E-06,2.32E-06,1.97E-06,1.97E-06,1.97E-06,1.92E-06,1.92E-06,1.91E-06,1.91E-06,1.62E-06,1.62E-06,4.15E-06,4.15E-06,0.000493118,0.000493118,1.68E-05,1.68E-05,7.54E-06,7.54E-06,3.83E-06,3.83E-06,3.03E-06,3.03E-06,2.16E-06,2.16E-06,2.14E-06,2.14E-06,2.05E-06,2.05E-06,2.05E-06,3.29E-06,3.29E-06,4.72E-06,4.72E-06,3.64E-05,3.64E-05,5.12E-06,5.12E-06,7.36E-06,7.36E-06,6.37E-06,6.37E-06,0.46109888,0.46109888,0.00168662,0.00168662,2.27E-05,2.27E-05,6.06E-06,6.06E-06,4.12E-06,4.12E-06,3.66E-06,3.66E-06,3.66E-06,4.53E-05,4.53E-05,5.96E-06,5.96E-06,3.06E-06,3.06E-06,2.52E-06,2.52E-06,3.22E-06,3.22E-06,2.46E-06,2.46E-06,2.73E-06,2.73E-06,2.51E-06,2.51E-06,3.04E-06,3.04E-06,2.95E-06,2.95E-06,3.89E-05,3.89E-05,4.62E-06,4.62E-06,4.62E-06,3.81E-06,3.81E-06,3.03E-06,3.03E-06,2.55E-06,2.55E-06,2.86E-06,2.86E-06,3.95E-06,3.95E-06,6.59E-06,6.59E-06,0.9695422,0.9695422,2.57E-05,2.57E-05,5.94E-05,5.94E-05,9.68E-06,9.68E-06,4.24E-06,4.24E-06,3.92E-06,3.92E-06,3.92E-06,4.37E-06,4.37E-06,3.12E-06,3.12E-06,5.17E-06,5.17E-06,3.52E-06,3.52E-06,3.44E-06,3.44E-06,3.39E-06,3.39E-06,4.53E-05,4.53E-05,7.32E-06,7.32E-06,5.04E-06,5.04E-06,0.637894,0.637894,0.000251348,0.000251348,7.47E-06,7.47E-06,7.47E-06,5.20E-06,5.20E-06,4.45E-06,4.45E-06,5.00E-06,5.00E-06,5.63E-06,5.63E-06,5.89E-05,5.89E-05,7.96E-06,7.96E-06,4.13E-06,4.13E-06,4.12E-06,4.12E-06,2.58E-06,2.58E-06,3.78E-06,3.78E-06,3.59E-06,3.59E-06,1
3.79E-06,3.79E-06,3.79E-06,3.58E-06,3.58E-06,4.37E-06,4.37E-06,5.77E-05,5.77E-05,8.90E-06,8.90E-06,3.45E-06,3.45E-06,4.13E-06,4.13E-06,4.26E-06,4.26E-06,4.06E-06,4.06E-06,2.56E-06,2.56E-06,1.81E-05,1.81E-05,0.9032823,0.9032823,0.00018884,0.00018884,0.00018884,5.57E-05,5.57E-05,8.31E-06,8.31E-06,6.51E-06,6.51E-06,6.66E-06,6.66E-06,2.82E-06,2.82E-06,3.07E-06,3.07E-06,3.08E-06,3.08E-06,4.24E-06,4.24E-06,3.45E-06,3.45E-06,3.80E-06,3.80E-06,3.62E-05,3.62E-05,3.97E-06,3.97E-06,3.97E-06,2.79E-06,2.79E-06,2.62E-06,2.62E-06,2.11E-06,2.11E-06,2.14E-06,2.14E-06,2.05E-06,2.05E-06,2.38E-06,2.38E-06,2.39E-06,2.39E-06,2.49E-06,2.49E-06,0.000122471,0.000122471,0.12696315,0.12696315,5.08E-05,5.08E-05,9.12E-06,9.12E-06,9.12E-06,5.04E-06,5.04E-06,7.20E-06,7.20E-06,5.72E-06,5.72E-06,5.17E-06,5.17E-06,4.50E-06,4.50E-06,3.94E-06,3.94E-06,3.18E-05,3.18E-05,4.71E-06,4.71E-06,3.48E-06,3.48E-06,3.62E-06,3.62E-06,2.57E-06,2.57E-06,2.73E-06,2.73E-06,2.73E-06,2.90E-06,2.90E-06,3.16E-06,3.16E-06,3.62E-06,3.62E-06,4.08E-06,4.08E-06,4.32E-05,4.32E-05,7.67E-06,7.67E-06,4.49E-06,4.49E-06,7.66E-06,7.66E-06,0.08307858,0.08307858,0.996451,0.996451,0.9948053,0.9948053,0.99707735,0.99707735,0.99707735,0.98960996,0.98960996,0.99560475,0.99560475,0.92219776,0.92219776,0.000339943,0.000339943,7.09E-06,7.09E-06,2.99E-06,2.99E-06,2.97E-06,2.97E-06,2.32E-06,2.32E-06,2.78E-06,2.78E-06,3.06E-06,3.06E-06,2.94E-06,2.94E-06,3.41E-06,3.41E-06,3.41E-06,4.53E-05,4.53E-05,5.65E-06,5.65E-06,4.73E-06,4.73E-06,3.30E-06,3.30E-06,3.41E-06,3.41E-06,3.25E-06,3.25E-06,2.90E-06,2.90E-06,3.42E-06,3.42E-06,2.37E-06,2.37E-06,3.01E-06,3.01E-06,3.64E-05,3.64E-05,4.24E-06,4.24E-06,4.24E-06,3.13E-06,3.13E-06,3.21E-06,3.21E-06,2.74E-06,2.74E-06,2.67E-06,2.67E-06,1.93E-06,1.93E-06,2.85E-06,2.85E-06,2.50E-06,2.50E-06,2.30E-06,2.30E-06,3.99E-05,3.99E-05,5.78E-06,5.78E-06,3.50E-06,3.50E-06,2.72E-06,2.72E-06,2.72E-06,3.02E-06,3.02E-06,2.83E-06,2.83E-06,2.73E-06,2.73E-06,2.96E-06,2.96E-06,2.58E-06,2.58E-06,3.05E-06,3.05E-06,3.21E-05,3.21E-05,6.44E-06,6.44E-06,0.938327,0.938327,0.8995438,0.8995438,2.65E-05,2.65E-05,1
5.69E-06,5.69E-06,4.17E-06,4.17E-06,1.78E-06,1.78E-06,1.77E-06,1.77E-06,1.50E-06,1.50E-06,2.11E-06,2.11E-06,1.68E-06,1.68E-06,1.61E-06,1.61E-06,0.23384085,0.23384085,0.6613462,0.6613462,0.000989178,0.000989178,2.43E-05,2.43E-05,6.08E-06,6.08E-06,2.93E-06,2.93E-06,2.29E-06,2.29E-06,2.07E-06,2.07E-06,2.50E-06,2.50E-06,2.85E-06,2.85E-06,2.28E-06,2.28E-06,1.77E-05,1.77E-05,2.77E-06,2.77E-06,1.52E-06,1.52E-06,1.77E-06,1.77E-06,1.98E-06,1.98E-06,1.47E-06,1.47E-06,0.003387336,0.003387336,0.9882685,0.9882685,0.006648355,0.006648355,8.48E-05,8.48E-05,0.000103307,0.000103307,8.40E-06,8.40E-06,4.99E-06,4.99E-06,4.13E-06,4.13E-06,3.02E-06,3.02E-06,3.94E-06,3.94E-06,2.89E-06,2.89E-06,2.29E-06,2.29E-06,3.26E-06,3.26E-06,2.81E-06,2.81E-06,3.48E-05,3.48E-05,7.36E-06,7.36E-06,4.90E-06,4.90E-06,5.82E-06,5.82E-06,4.39E-06,4.39E-06,0.000172455,0.000172455,0.98313946,0.98313946,0.13238063,0.13238063,0.000318558,0.000318558,8.91E-05,8.91E-05,0.000105448,0.000105448,6.64E-06,6.64E-06,2.44E-06,2.44E-06,2.65E-06,2.65E-06,2.50E-06,2.50E-06,2.40E-06,2.40E-06,2.42E-06,2.42E-06,2.15E-06,2.15E-06,1.87E-06,1.87E-06,2.06E-06,2.06E-06,2.09E-05,2.09E-05,2.80E-06,2.80E-06,2.28E-06,2.28E-06,0.000196035,0.000196035,0.9904896,0.9904896,0.032769285,0.032769285,3.19E-05,3.19E-05,1.08E-05,1.08E-05,1.86E-06,1.86E-06,1.67E-06,1.67E-06,3.66E-05,3.66E-05,4.08E-06,4.08E-06,2.39E-06,2.39E-06,2.20E-06,2.20E-06,2.16E-06,2.16E-06,2.60E-06,2.60E-06,2.55E-06,2.55E-06,2.47E-06,2.47E-06,2.33E-06,2.33E-06,2.10E-06,2.10E-06,2.71E-05,2.71E-05,3.40E-06,3.40E-06,2.70E-06,2.70E-06,2.47E-06,2.47E-06,2.01E-06,2.01E-06,1.80E-06,1.80E-06,1.95E-06,1.95E-06,1.80E-06,1.80E-06,1.93E-06,1.93E-06,1.69E-06,1.69E-06,2.40E-05,2.40E-05,3.00E-06,3.00E-06,2.53E-06,2.53E-06,5.80E-06,5.80E-06,0.9701855,0.9701855,0.000340054,0.000340054,7.62E-06,7.62E-06,3.75E-06,3.75E-06,2.86E-06,2.86E-06,2.03E-06,2.03E-06,3.17E-05,3.17E-05,4.33E-06,4.33E-06,2.91E-06,2.91E-06,1.77E-06,1.77E-06,1.66E-06,1.66E-06,1.46E-06,1.46E-06,1.86E-06,1.86E-06,1.62E-06,1.62E-06,1.27E-06,1.27E-06,1.35E-06,1.35E-06,2.11E-05,2.11E-05,5.89E-06,5.89E-06,3.47E-06,3.47E-06,3.02E-06,1
3.02E-06,3.14E-06,3.14E-06,3.69E-06,3.69E-06,0.9866138,0.9866138,0.07740591,0.07740591,0.000990106,0.000990106,0.00196985,0.00196985,0.4299887,0.4299887,0.000135011,0.000135011,8.16E-06,8.16E-06,1.96E-06,1.96E-06,1.77E-06,1.77E-06,1.58E-06,1.58E-06,1.31E-06,1.31E-06,1.35E-06,1.35E-06,1.30E-06,1.30E-06,1.23E-06,1.23E-06,1.46E-05,1.46E-05,1.81E-06,1.81E-06,1.48E-06,1.48E-06,1.84E-06,1.84E-06,1.56E-06,1.56E-06,1.34E-06,1.34E-06,1.29E-06,1.29E-06,1.62E-06,1.62E-06,0.000753129,0.000753129,0.31040454,0.31040454,0.00286798,0.00286798,8.04E-06,8.04E-06,3.64E-06,3.64E-06,2.23E-06,2.23E-06,1.43E-06,1.43E-06,1.90E-06,1.90E-06,9.43E-07,9.43E-07,1.02E-06,1.02E-06,6.23E-07,6.23E-07,6.90E-07,6.90E-07,1.39E-05,1.39E-05,1.26E-06,1.26E-06,6.95E-07,6.95E-07,1.22E-06,1.22E-06,1.13E-06,1.13E-06,5.51E-07,5.51E-07,6.28E-07,6.28E-07,4.74E-07,4.74E-07,5.87E-07,5.87E-07,1.03E-06,1.03E-06,1.90E-05,1.90E-05,0.98603606,0.98603606,3.94E-05,3.94E-05,2.73E-06,2.73E-06,2.71E-06,2.71E-06,0.000141427,0.000141427,0.000155066,0.000155066,2.26E-05,2.26E-05,1.76E-05,1.76E-05,0.9591393,0.9591393,0.002419002,0.002419002,3.09E-05,3.09E-05,4.10E-06,4.10E-06,2.82E-06,2.82E-06,1.70E-06,1.70E-06,1.67E-06,1.67E-06,1.06E-06,1.06E-06,1.17E-06,1.17E-06,1.38E-06,1.38E-06,1.49E-06,1.49E-06,2.13E-05,2.13E-05,0.00113625,0.00113625,0.80590665,0.80590665,0.000202411,0.000202411,8.46E-05,8.46E-05,1.37E-05,1.37E-05,7.47E-06,7.47E-06,3.05E-06,3.05E-06,2.01E-06,2.01E-06,2.05E-06,2.05E-06,2.72E-05,2.72E-05,4.28E-06,4.28E-06,3.01E-06,3.01E-06,2.66E-06,2.66E-06,2.23E-06,2.23E-06,2.31E-06,2.31E-06,2.35E-06,2.35E-06,2.21E-06,2.21E-06,1.81E-06,1.81E-06,1.71E-06,1.71E-06,2.35E-05,2.35E-05,3.14E-06,3.14E-06,2.14E-06,2.14E-06,2.17E-06,2.17E-06,0.08490054,0.08490054,0.95159954,0.95159954,0.013829868,0.013829868,2.40E-05,2.40E-05,9.46E-06,9.46E-06,2.44E-06,2.44E-06,2.69E-05,2.69E-05,4.84E-06,4.84E-06,4.02E-06,4.02E-06,2.90E-06,2.90E-06,2.80E-06,2.80E-06,1.66E-05,1.66E-05,0.99165535,0.99165535,0.016590487,0.016590487,4.66E-05,4.66E-05,7.64E-06,7.64E-06,0.000147344,0.000147344,1.18E-05,1.18E-05,0.08180952,0.08180952,0.31365913,0.31365913,0.000647471,0.000647471,7.92E-06,7.92E-06,1
2.21E-06,2.21E-06,2.21E-06,2.21E-06,1.78E-06,1.78E-06,1.49E-06,1.49E-06,2.00E-05,2.00E-05,3.01E-06,3.01E-06,2.13E-06,2.13E-06,1.93E-06,1.93E-06,1.68E-06,1.68E-06,2.03E-06,2.03E-06,2.22E-06,2.22E-06,1.51E-06,1.51E-06,1.52E-06,1.52E-06,1.70E-06,1.70E-06,2.14E-05,2.14E-05,2.88E-06,2.88E-06,1.01E-06,1.01E-06,1.14E-06,1.14E-06,9.81E-07,9.81E-07,9.01E-07,9.01E-07,9.90E-07,9.90E-07,1.30E-06,1.30E-06,1.42E-06,1.42E-06,9.42E-07,9.42E-07,2.11E-05,2.11E-05,3.08E-06,3.08E-06,1.93E-06,1.93E-06,1.43E-06,1.43E-06,1.82E-06,1.82E-06,1.37E-06,1.37E-06,1.68E-06,1.68E-06,2.58E-06,2.58E-06,3.10E-06,3.10E-06,3.12E-06,3.12E-06,0.074511506,0.074511506,0.019182373,0.019182373,6.09E-06,6.09E-06,1.32E-06,1.32E-06,1.13E-06,1.13E-06,1.08E-06,1.08E-06,1.32E-06,1.32E-06,1.04E-06,1.04E-06,8.73E-07,8.73E-07,1.02E-06,1.02E-06,1.60E-05,1.60E-05,1.88E-06,1.88E-06,1.09E-06,1.09E-06,8.49E-07,8.49E-07,1.20E-06,1.20E-06,1.01E-06,1.01E-06,1.08E-06,1.08E-06,1.03E-06,1.03E-06,1.20E-06,1.20E-06,1.46E-06,1.46E-06,1.67E-05,1.67E-05,2.84E-06,2.84E-06,1.71E-06,1.71E-06,1.29E-06,1.29E-06,1.44E-06,1.44E-06,1.18E-06,1.18E-06,1.30E-06,1.30E-06,1.02E-06,1.02E-06,1.28E-06,1.28E-06,1.18E-06,1.18E-06,1.31E-05,1.31E-05,2.27E-06,2.27E-06,8.69E-07,8.69E-07,1.19E-06,1.19E-06,1.60E-06,1.60E-06,9.68E-07,9.68E-07,1.51E-06,1.51E-06,1.59E-06,1.59E-06,1.18E-06,1.18E-06,1.32E-06,1.32E-06,1.95E-05,1.95E-05,2.82E-06,2.82E-06,1.64E-06,1.64E-06,1.58E-06,1.58E-06,1.49E-06,1.49E-06,1.66E-06,1.66E-06,1.31E-06,1.31E-06,1.01E-06,1.01E-06,1.08E-06,1.08E-06,1.56E-06,1.56E-06,1.77E-05,1.77E-05,1.85E-06,1.85E-06,1.25E-06,1.25E-06,1.18E-06,1.18E-06,1.56E-06,1.56E-06,1.68E-06,1.68E-06,1.60E-06,1.60E-06,1.38E-06,1.38E-06,0.06457876,0.06457876,0.000937857,0.000937857,0.000159849,0.000159849,0.000127336,0.000127336,0.2988105,0.2988105,0.000404877,0.000404877,3.82E-05,3.82E-05,1.81E-06,1.81E-06,5.47E-05,5.47E-05,0.82343173,0.82343173,0.000115478,0.000115478,2.54E-05,2.54E-05,5.02E-05,5.02E-05,5.12E-06,5.12E-06,3.08E-06,3.08E-06,2.48E-06,2.48E-06,3.14E-06,3.14E-06,3.41E-06,3.41E-06,4.76E-06,4.76E-06,2.68E-06,2.68E-06,2.39E-06,1
2.39E-06,1.99E-06,1.99E-06,2.54E-05,2.54E-05,3.30E-06,3.30E-06,1.55E-06,1.55E-06,1.20E-06,1.20E-06,1.26E-06,1.26E-06,1.31E-06,1.31E-06,1.10E-06,1.10E-06,1.57E-06,1.57E-06,1.43E-06,1.43E-06,1.00E-06,1.00E-06,2.34E-05,2.34E-05,3.75E-06,3.75E-06,1.66E-06,1.66E-06,1.90E-06,1.90E-06,1.50E-06,1.50E-06,1.26E-06,1.26E-06,1.62E-06,1.62E-06,1.23E-06,1.23E-06,1.51E-06,1.51E-06,1.25E-06,1.25E-06,1.88E-05,1.88E-05,2.61E-06,2.61E-06,0.000562205,0.000562205,0.9986999,0.9986999,0.99921596,0.99921596,0.8689377,0.8689377,4.59E-05,4.59E-05,3.44E-06,3.44E-06,2.28E-06,2.28E-06,1.63E-06,1.63E-06,3.49E-05,3.49E-05,5.46E-06,5.46E-06,1.93E-06,1.93E-06,1.19E-06,1.19E-06,8.16E-07,8.16E-07,1.27E-06,1.27E-06,8.32E-07,8.32E-07,1.22E-06,1.22E-06,0.9930856,0.9930856,0.000999093,0.000999093,8.24E-05,8.24E-05,4.51E-06,4.51E-06,3.89E-06,3.89E-06,9.98E-06,9.98E-06,0.018249724,0.018249724,0.9976259,0.9976259,2.01E-06,2.01E-06,1.63E-06,1.63E-06,1.34E-06,1.34E-06,6.74E-07,6.74E-07,1.11E-05,1.11E-05,2.23E-06,2.23E-06,2.82E-06,2.82E-06,2.83E-06,2.83E-06,8.66E-06,8.66E-06,1.19E-05,1.19E-05,2.68E-05,2.68E-05,0.000305268,0.000305268,0.9642784,0.9642784,0.99951816,0.99951816,0.9969902,0.9969902,0.000854738,0.000854738,9.54E-07,9.54E-07,6.62E-07,6.62E-07,7.57E-07,7.57E-07,7.86E-07,7.86E-07,7.15E-07,7.15E-07,1.00E-06,1.00E-06,8.22E-07,8.22E-07,9.58E-07,9.58E-07,2.47E-05,2.47E-05,2.83E-06,2.83E-06,2.24E-06,2.24E-06,1.91E-06,1.91E-06,1.47E-06,1.47E-06,2.13E-06,2.13E-06,1.49E-06,1.49E-06,1.24E-06,1.24E-06,1.20E-06,1.20E-06,1.13E-06,1.13E-06,2.36E-05,2.36E-05,2.54E-06,2.54E-06,2.04E-06,2.04E-06,2.44E-06,2.44E-06,1.91E-06,1.91E-06,1.69E-06,1.69E-06,2.12E-06,2.12E-06,2.25E-06,2.25E-06,3.09E-06,3.09E-06,2.85E-06,2.85E-06,3.06E-05,3.06E-05,4.09E-06,4.09E-06,2.98E-06,2.98E-06,2.66E-05,2.66E-05,2.28E-05,2.28E-05,0.00020829,0.00020829,0.02533548,0.02533548,0.000111358,0.000111358,4.93E-06,4.93E-06,2.11E-05,2.11E-05,0.001932417,0.001932417,0.1766954,0.1766954,6.72E-05,6.72E-05,4.03E-05,4.03E-05,0.022885341,0.022885341,0.001192724,0.001192724,1.08E-06,1.08E-06,1.14E-06,1.14E-06,1.32E-06,1.32E-06,1.10E-06,1.10E-06,1.76E-05,1.76E-05,1
2.03E-06,2.03E-06,1.18E-06,1.18E-06,1.22E-06,1.22E-06,1.35E-06,1.35E-06,1.23E-06,1.23E-06,9.50E-07,9.50E-07,8.16E-07,8.16E-07,1.33E-06,1.33E-06,1.13E-06,1.13E-06,1.79E-05,1.79E-05,2.10E-06,2.10E-06,1.46E-06,1.46E-06,1.32E-06,1.32E-06,1.16E-06,1.16E-06,1.24E-06,1.24E-06,1.34E-06,1.34E-06,1.33E-06,1.33E-06,1.16E-06,1.16E-06,1.27E-06,1.27E-06,1.64E-05,1.64E-05,1.47E-06,1.47E-06,1.57E-06,1.57E-06,9.50E-07,9.50E-07,1.23E-06,1.23E-06,1.18E-06,1.18E-06,9.82E-07,9.82E-07,9.34E-07,9.34E-07,1.23E-06,1.23E-06,1.25E-06,1.25E-06,1.21E-05,1.21E-05,1.69E-06,1.69E-06,1.67E-06,1.67E-06,1.24E-06,1.24E-06,1.34E-06,1.34E-06,1.31E-06,1.31E-06,1.24E-06,1.24E-06,1.07E-06,1.07E-06,1.15E-06,1.15E-06,1.32E-06,1.32E-06,1.40E-05,1.40E-05,1.94E-06,1.94E-06,1.44E-06,1.44E-06,1.35E-06,1.35E-06,1.18E-06,1.18E-06,9.90E-07,9.90E-07,1.09E-06,1.09E-06,1.36E-06,1.36E-06,1.31E-06,1.31E-06,1.32E-06,1.32E-06,2.85E-05,2.85E-05,1.84E-05,1.84E-05,0.024466982,0.024466982,0.11799367,0.11799367,2.89E-06,2.89E-06,2.20E-06,2.20E-06,2.66E-06,2.66E-06,1.59E-06,1.59E-06,1.40E-06,1.40E-06,1.13E-06,1.13E-06,2.15E-05,2.15E-05,2.49E-06,2.49E-06,1.70E-06,1.70E-06,1.34E-06,1.34E-06,1.10E-06,1.10E-06,1.40E-06,1.40E-06,1.24E-06,1.24E-06,7.96E-07,7.96E-07,9.60E-07,9.60E-07,1.03E-06,1.03E-06,1.99E-05,1.99E-05,2.41E-06,2.41E-06,1.98E-06,1.98E-06,1.99E-06,1.99E-06,1.90E-06,1.90E-06,1.68E-06,1.68E-06,1.53E-06,1.53E-06,1.89E-06,1.89E-06,1.64E-06,1.64E-06,1.38E-06,1.38E-06,1.95E-05,1.95E-05,3.21E-06,3.21E-06,2.52E-06,2.52E-06,2.34E-06,2.34E-06,2.20E-06,2.20E-06,2.68E-06,2.68E-06,3.30E-06,3.30E-06,4.11E-06,4.11E-06,1.17E-05,1.17E-05,0.00071297,0.00071297,0.3998054,0.3998054,0.07210447,0.07210447,8.67E-06,8.67E-06,1.85E-05,1.85E-05,7.45E-06,7.45E-06,4.15E-05,4.15E-05,0.011086125,0.011086125,0.9962604,0.9962604,1.42E-05,1.42E-05,1.87E-06,1.87E-06,2.99E-05,2.99E-05,6.67E-06,6.67E-06,5.19E-06,5.19E-06,3.50E-06,3.50E-06,5.55E-06,5.55E-06,2.46E-05,2.46E-05,0.000102575,0.000102575,0.008067797,0.008067797,0.9971967,0.9971967,0.95184803,0.95184803,2.51E-05,2.51E-05,3.18E-06,3.18E-06,1.75E-06,1.75E-06,1.30E-06,1
1.30E-06,1.39E-06,1.39E-06,1.45E-06,1.45E-06,1.77E-06,1.77E-06,2.02E-06,2.02E-06,1.93E-06,1.93E-06,1.87E-06,1.87E-06,2.25E-05,2.25E-05,3.72E-06,3.72E-06,2.71E-06,2.71E-06,2.20E-06,2.20E-06,2.68E-06,2.68E-06,3.03E-06,3.03E-06,4.37E-06,4.37E-06,1.45E-05,1.45E-05,4.46E-05,4.46E-05,0.000464072,0.000464072,0.00905981,0.00905981,0.49840167,0.49840167,0.000728454,0.000728454,1.10E-06,1.10E-06,7.92E-07,7.92E-07,8.40E-07,8.40E-07,7.90E-07,7.90E-07,6.87E-07,6.87E-07,1.05E-06,1.05E-06,1.09E-06,1.09E-06,4.22E-05,4.22E-05,8.95E-06,8.95E-06,5.00E-05,5.00E-05,0.02671568,0.02671568,0.99382716,0.99382716,1.40E-05,1.40E-05,3.06E-05,3.06E-05,0.000505256,0.000505256,0.000143417,0.000143417,2.87E-06,2.87E-06,6.41E-05,6.41E-05,8.37E-05,8.37E-05,0.97708845,0.97708845,2.49E-06,2.49E-06,1.39E-06,1.39E-06,7.61E-07,7.61E-07,8.26E-07,8.26E-07,7.97E-07,7.97E-07,5.20E-07,5.20E-07,1.12E-06,1.12E-06,2.55E-05,2.55E-05,2.25E-06,2.25E-06,1.80E-06,1.80E-06,1.28E-06,1.28E-06,8.76E-07,8.76E-07,1.29E-06,1.29E-06,1.24E-06,1.24E-06,1.19E-06,1.19E-06,2.00E-06,2.00E-06,1.96E-06,1.96E-06,3.32E-05,3.32E-05,6.41E-06,6.41E-06,5.58E-06,5.58E-06,0.002002281,0.002002281,0.9563137,0.9563137,0.001414227,0.001414227,1.35E-06,1.35E-06,9.46E-07,9.46E-07,8.10E-07,8.10E-07,9.46E-07,9.46E-07,1.54E-05,1.54E-05,2.23E-06,2.23E-06,1.48E-06,1.48E-06,1.29E-06,1.29E-06,1.22E-06,1.22E-06,1.15E-06,1.15E-06,1.39E-06,1.39E-06,1.43E-06,1.43E-06,1.48E-06,1.48E-06,1.91E-06,1.91E-06,2.89E-05,2.89E-05,2.03E-05,2.03E-05,5.15E-05,5.15E-05,0.34682128,0.34682128,0.002247429,0.002247429,0.00065767,0.00065767,0.05323617,0.05323617,0.98864824,0.98864824,4.24E-06,4.24E-06,1.60E-06,1.60E-06,2.47E-05,2.47E-05,4.33E-06,4.33E-06,4.37E-06,4.37E-06,2.64E-06,2.64E-06,1.70E-06,1.70E-06,1.57E-06,1.57E-06,2.21E-06,2.21E-06,1.65E-06,1.65E-06,1.77E-06,1.77E-06,2.07E-06,2.07E-06,1.87E-05,1.87E-05,2.67E-06,2.67E-06,2.29E-06,2.29E-06,2.16E-06,2.16E-06,2.46E-06,2.46E-06,3.50E-06,3.50E-06,1.73E-05,1.73E-05,7.19E-06,7.19E-06,0.000322843,0.000322843,0.9616507,0.9616507,3.10E-05,3.10E-05,2.74E-06,2.74E-06,1.55E-06,1.55E-06,1.43E-06,1.43E-06,1.60E-06,1.60E-06,1.46E-06,1.46E-06,1
4.44E-06,4.44E-06,1.18E-06,1.18E-06,9.51E-07,1.01E-06,1.01E-06,1.10E-06,1.10E-06,8.24E-07,8.72E-07,8.72E-07,6.66E-07,6.66E-07,8.71E-07,2.56E-05,2.56E-05,2.79E-06,2.79E-06,1.14E-06,7.28E-07,7.28E-07,7.86E-07,7.86E-07,6.85E-07,1.17E-06,1.17E-06,8.17E-07,8.17E-07,7.92E-07,7.87E-07,7.87E-07,1.31E-05,1.31E-05,1.64E-06,1.12E-06,1.12E-06,1.11E-06,1.11E-06,9.51E-07,1.97E-06,1.97E-06,0.66339916,0.66339916,0.97193503,0.9795491,0.9795491,0.007903141,0.007903141,0.00010722,7.90E-06,7.90E-06,2.58E-06,2.58E-06,1.78E-06,1.18E-06,1.18E-06,8.56E-07,8.56E-07,8.88E-07,8.93E-07,8.93E-07,8.67E-07,8.67E-07,8.34E-07,1.39E-05,1.39E-05,1.95E-06,1.95E-06,1.19E-06,1.18E-06,1.18E-06,9.63E-07,9.63E-07,1.07E-06,1.10E-06,1.10E-06,9.62E-07,9.62E-07,9.77E-07,9.69E-07,9.69E-07,1.16E-05,1.16E-05,1.58E-06,9.74E-07,9.74E-07,9.50E-07,9.50E-07,9.28E-07,8.47E-07,8.47E-07,8.16E-07,8.16E-07,7.72E-07,9.25E-07,9.25E-07,9.13E-07,9.13E-07,1.41E-05,0.025170494,0.025170494,0.9360633,0.9360633,0.104938835,4.70E-06,4.70E-06,1.23E-06,1.23E-06,9.59E-07,5.51E-07,5.51E-07,5.29E-07,5.29E-07,6.06E-07,1.64E-05,1.64E-05,2.02E-06,2.02E-06,1.47E-06,1.55E-06,1.55E-06,1.81E-06,1.81E-06,1.59E-06,1.74E-06,1.74E-06,2.95E-06,2.95E-06,0.8740127,0.9577212,0.9577212,0.36452755,0.36452755,9.99E-05,4.51E-06,4.51E-06,1.54E-06,1.54E-06,1.13E-06,9.92E-07,9.92E-07,6.81E-07,6.81E-07,6.79E-07,7.71E-07,7.71E-07,9.54E-07,9.54E-07,1.66E-05,2.20E-06,2.20E-06,1.45E-06,1.45E-06,1.78E-06,1.57E-06,1.57E-06,1.50E-06,1.50E-06,1.30E-06,1.22E-06,1.22E-06,1.56E-06,1.56E-06,1.40E-06,1.58E-05,1.58E-05,1.89E-06,1.89E-06,1.44E-06,1.08E-06,1.08E-06,1.02E-06,1.02E-06,9.34E-07,9.04E-07,9.04E-07,9.12E-07,9.12E-07,8.18E-07,8.42E-07,8.42E-07,1.30E-05,1.30E-05,1.69E-06,1.73E-06,1.73E-06,1.15E-06,1.15E-06,0.005136388,0.07345564,0.07345564,0.003974653,0.003974653,3.25E-06,1.90E-06,1.90E-06,1.11E-06,1.11E-06,1.55E-05,1.52E-06,1.52E-06,1.20E-06,1.20E-06,9.32E-07,1.25E-06,1.25E-06,1.00E-06,1.00E-06,1.05E-06,8.92E-07,8.92E-07,7.52E-07,7.52E-07,7.47E-07,1.02E-05,1.02E-05,1.24E-06,1.24E-06,9.07E-07,8.21E-07,8.21E-07,5.21E-07,5.21E-07,5.14E-07,1
6.04E-07,6.04E-07,5.23E-07,5.23E-07,5.60E-07,6.22E-07,6.22E-07,1.26E-05,1.26E-05,0.27764153,0.9804268,0.9804268,0.8884359,0.8884359,4.59E-05,1.00E-06,1.00E-06,5.00E-07,5.00E-07,4.34E-07,4.16E-07,4.16E-07,3.70E-07,3.70E-07,1.50E-05,1.17E-06,1.17E-06,9.70E-07,9.70E-07,7.50E-07,6.45E-07,6.45E-07,8.41E-07,8.41E-07,7.62E-07,6.22E-07,6.22E-07,7.14E-07,7.14E-07,6.20E-07,1.28E-05,1.28E-05,1.30E-06,1.30E-06,7.17E-07,6.45E-07,6.45E-07,6.45E-07,6.45E-07,5.70E-07,6.37E-07,6.37E-07,5.09E-07,5.09E-07,4.93E-07,3.88E-07,3.88E-07,9.07E-06,9.07E-06,1.03E-06,6.83E-07,6.83E-07,5.41E-07,5.41E-07,5.09E-07,5.25E-07,5.25E-07,5.16E-07,5.16E-07,5.81E-07,5.26E-07,5.26E-07,5.62E-07,5.62E-07,1.27E-05,1.86E-06,1.86E-06,8.97E-07,8.97E-07,7.45E-07,1.07E-06,1.07E-06,0.001629573,0.001629573,0.68877274,0.22137557,0.22137557,1.06E-05,1.06E-05,1.31E-06,2.16E-05,2.16E-05,1.63E-06,1.63E-06,1.13E-06,1.36E-06,1.36E-06,1.04E-06,1.04E-06,1.23E-06,1.23E-06,1.23E-06,1.09E-06,1.09E-06,1.14E-06,1.23E-06,1.23E-06,1.17E-05,1.17E-05,1.55E-06,1.07E-06,1.07E-06,6.78E-07,6.78E-07,6.76E-07,7.26E-07,7.26E-07,6.62E-07,6.62E-07,7.48E-07,5.92E-07,5.92E-07,6.67E-07,6.67E-07,1.41E-05,1.65E-06,1.65E-06,9.02E-07,9.02E-07,9.60E-07,7.96E-07,7.96E-07,7.56E-07,7.56E-07,8.08E-07,7.23E-07,7.23E-07,8.48E-07,8.48E-07,7.77E-07,8.97E-06,8.97E-06,1.26E-06,1.26E-06,6.78E-07,5.94E-07,5.94E-07,5.50E-07,5.50E-07,7.27E-07,0.006387186,0.006387186,0.38162893,0.38162893,0.007938948,6.19E-06,6.19E-06,2.42E-05,2.42E-05,1.84E-06,1.10E-06,1.10E-06,1.01E-06,1.01E-06,8.61E-07,9.99E-07,9.99E-07,1.11E-06,1.11E-06,1.22E-06,1.42E-06,1.42E-06,1.49E-06,1.49E-06,1.51E-05,2.04E-06,2.04E-06,1.28E-06,1.28E-06,1.30E-06,1.13E-06,1.13E-06,1.19E-06,1.19E-06,1.51E-06,1.40E-06,1.40E-06,1.40E-06,1.40E-06,0.13980299,0.9687827,0.9687827,0.9330314,0.9330314,0.001070698,5.06E-06,5.06E-06,2.03E-06,2.03E-06,1.30E-06,1.01E-06,1.01E-06,7.54E-07,7.54E-07,7.35E-07,5.12E-07,5.12E-07,1.69E-05,1.69E-05,2.25E-06,1.77E-06,1.77E-06,1.07E-06,1.07E-06,1.12E-06,1.08E-06,1.08E-06,9.93E-07,9.93E-07,9.60E-07,9.63E-07,9.63E-07,1.18E-06,1.18E-06,1.42E-05,1
0.000428561,0.000428561,1.12E-05,1.12E-05,4.63E-06,4.63E-06,3.47E-06,3.47E-06,2.27E-06,2.27E-06,2.09E-06,2.09E-06,2.06E-06,2.06E-06,2.59E-06,2.59E-06,1.98E-06,1.98E-06,5.65E-05,5.65E-05,4.35E-06,4.35E-06,4.99E-06,4.99E-06,5.60E-06,5.60E-06,1.14E-05,1.14E-05,1.06E-05,1.06E-05,4.14E-06,4.14E-06,2.81E-06,2.81E-06,2.91E-06,2.91E-06,3.49E-06,3.49E-06,5.28E-05,5.28E-05,4.75E-06,4.75E-06,2.47E-06,2.47E-06,2.93E-06,2.93E-06,1.58E-06,1.58E-06,2.80E-06,2.80E-06,1.98E-06,1.98E-06,2.45E-06,2.45E-06,4.79E-06,4.79E-06,4.75E-06,4.75E-06,4.97E-05,4.97E-05,4.47E-06,4.47E-06,3.56E-06,3.56E-06,1.31E-06,1.31E-06,1.36E-06,1.36E-06,1.25E-06,1.25E-06,9.47E-07,9.47E-07,1.26E-06,1.26E-06,9.91E-07,9.91E-07,8.51E-07,8.51E-07,2.85E-05,2.85E-05,1.49E-05,1.49E-05,0.05302101,0.05302101,0.2960309,0.2960309,0.40031406,0.40031406,0.014593505,0.014593505,7.08E-05,7.08E-05,2.30E-05,2.30E-05,4.90E-06,4.90E-06,4.99E-06,4.99E-06,0.000103728,0.000103728,8.05E-06,8.05E-06,4.97E-06,4.97E-06,3.81E-06,3.81E-06,3.94E-06,3.94E-06,2.27E-06,2.27E-06,1.56E-06,1.56E-06,3.01E-06,3.01E-06,3.77E-06,3.77E-06,6.30E-06,6.30E-06,0.000112446,0.000112446,1.13E-05,1.13E-05,2.90E-06,2.90E-06,4.63E-06,4.63E-06,2.26E-06,2.26E-06,1.67E-06,1.67E-06,1.87E-06,1.87E-06,2.92E-06,2.92E-06,1.71E-06,1.71E-06,1.33E-06,1.33E-06,3.10E-05,3.10E-05,2.93E-06,2.93E-06,1.62E-06,1.62E-06,2.15E-06,2.15E-06,6.78E-06,6.78E-06,4.42E-06,4.42E-06,9.29E-06,9.29E-06,0.004824531,0.004824531,0.21826027,0.21826027,0.6670558,0.6670558,0.09502052,0.09502052,6.81E-05,6.81E-05,7.06E-06,7.06E-06,2.76E-06,2.76E-06,1.83E-06,1.83E-06,1.69E-06,1.69E-06,1.19E-06,1.19E-06,1.78E-06,1.78E-06,1.80E-06,1.80E-06,2.44E-06,2.44E-06,4.15E-05,4.15E-05,3.83E-06,3.83E-06,1.77E-06,1.77E-06,6.16E-06,6.16E-06,9.78E-06,9.78E-06,1.07E-05,1.07E-05,1.55E-05,1.55E-05,1.93E-05,1.93E-05,1.76E-05,1.76E-05,6.10E-06,6.10E-06,3.90E-05,3.90E-05,4.70E-06,4.70E-06,2.35E-06,2.35E-06,1.76E-06,1.76E-06,1.06E-06,1.06E-06,1.01E-06,1.01E-06,7.53E-07,7.53E-07,1.01E-06,1.01E-06,1.12E-06,1.12E-06,5.05E-05,5.05E-05,0.002266374,0.002266374,0.009022522,0.009022522,0.6863602,0.6863602,0.06435716,1
0.06435716,0.07128362,0.07128362,0.36707547,0.36707547,0.14651847,0.14651847,0.11369325,0.11369325,0.055996582,0.055996582,0.30393505,0.30393505,0.9072684,0.9072684,0.8389247,0.8389247,0.6773706,0.6773706,0.6920635,0.6920635,0.000149976,0.000149976,8.86E-07,8.86E-07,4.84E-06,4.84E-06,9.67E-07,9.67E-07,1.55E-06,1.55E-06,8.28E-07,8.28E-07,5.42E-05,5.42E-05,2.68E-06,2.68E-06,1.16E-06,1.16E-06,1.05E-06,1.05E-06,1.18E-06,1.18E-06,1.05E-06,1.05E-06,9.84E-07,9.84E-07,7.20E-07,7.20E-07,1.37E-06,1.37E-06,9.48E-07,9.48E-07,2.47E-05,2.47E-05,2.96E-06,2.96E-06,1.25E-06,1.25E-06,1.38E-06,1.38E-06,2.88E-06,2.88E-06,2.40E-06,2.40E-06,2.16E-06,2.16E-06,3.86E-06,3.86E-06,3.68E-06,3.68E-06,4.97E-06,4.97E-06,3.42E-05,3.42E-05,3.08E-06,3.08E-06,1.88E-06,1.88E-06,1.79E-06,1.79E-06,2.07E-06,2.07E-06,2.30E-06,2.30E-06,2.54E-06,2.54E-06,3.25E-06,3.25E-06,2.54E-06,2.54E-06,0.004116022,0.004116022,0.01719231,0.01719231,0.01585524,0.01585524,7.13E-05,7.13E-05,3.44E-06,3.44E-06,1.10E-05,1.10E-05,1.26E-05,1.26E-05,6.94E-06,6.94E-06,5.65E-06,5.65E-06,5.75E-06,5.75E-06,3.22E-06,3.22E-06,9.47E-05,9.47E-05,4.28E-06,4.28E-06,3.55E-06,3.55E-06,3.55E-06,3.55E-06,4.53E-06,4.53E-06,2.46E-06,2.46E-06,2.14E-06,2.14E-06,2.18E-06,2.18E-06,3.16E-06,3.16E-06,4.58E-06,4.58E-06,5.49E-05,5.49E-05,4.40E-06,4.40E-06,4.55E-06,4.55E-06,2.20E-06,2.20E-06,1.22E-06,1.22E-06,1.35E-06,1.35E-06,1.49E-06,1.49E-06,2.71E-06,2.71E-06,2.54E-06,2.54E-06,2.80E-06,2.80E-06,2.69E-05,2.69E-05,3.49E-06,3.49E-06,3.34E-06,3.34E-06,3.53E-06,3.53E-06,1.55E-05,1.55E-05,5.79E-06,5.79E-06,7.60E-06,7.60E-06,1.73E-05,1.73E-05,5.56E-06,5.56E-06,4.79E-06,4.79E-06,3.89E-05,3.89E-05,5.69E-06,5.69E-06,3.41E-06,3.41E-06,3.14E-06,3.14E-06,2.51E-06,2.51E-06,3.81E-06,3.81E-06,2.03E-06,2.03E-06,2.97E-06,2.97E-06,2.23E-06,2.23E-06,3.07E-06,3.07E-06,6.98E-05,6.98E-05,5.27E-06,5.27E-06,4.96E-06,4.96E-06,3.42E-06,3.42E-06,4.88E-06,4.88E-06,1.25E-05,1.25E-05,4.47E-06,4.47E-06,1.24E-05,1.24E-05,5.40E-06,5.40E-06,8.54E-06,8.54E-06,0.000106581,0.000106581,5.86E-06,5.86E-06,4.55E-06,4.55E-06,5.30E-06,5.30E-06,9.15E-06,9.15E-06,0.76631886,0.76631886,1
0.15767272,0.15767272,9.36E-05,9.36E-05,9.06E-06,9.06E-06,4.20E-06,4.20E-06,4.17E-06,4.17E-06,4.15E-06,4.15E-06,3.03E-06,3.03E-06,2.94E-06,2.94E-06,3.58E-06,3.58E-06,5.73E-05,5.73E-05,7.29E-06,7.29E-06,3.85E-06,3.85E-06,3.07E-06,3.07E-06,2.93E-06,2.93E-06,3.16E-06,3.16E-06,3.28E-06,3.28E-06,2.81E-06,2.81E-06,3.26E-06,3.26E-06,3.39E-06,3.39E-06,4.95E-05,4.95E-05,5.58E-06,5.58E-06,2.99E-06,2.99E-06,1.75E-06,1.75E-06,2.01E-06,2.01E-06,2.13E-06,2.13E-06,2.13E-06,2.13E-06,2.11E-06,2.11E-06,2.51E-06,2.51E-06,3.57E-06,3.57E-06,4.10E-05,4.10E-05,5.67E-06,5.67E-06,4.77E-06,4.77E-06,3.54E-06,3.54E-06,3.63E-06,3.63E-06,2.90E-06,2.90E-06,3.51E-06,3.51E-06,5.21E-06,5.21E-06,4.09E-06,4.09E-06,3.21E-06,3.21E-06,5.25E-05,5.25E-05,0.018442612,0.018442612,0.93440115,0.93440115,0.9518097,0.9518097,0.9327194,0.9327194,0.41294268,0.41294268,0.000548247,0.000548247,1.33E-05,1.33E-05,1.47E-06,1.47E-06,1.90E-06,1.90E-06,0.000133705,0.000133705,1.78E-05,1.78E-05,1.18E-05,1.18E-05,6.12E-06,6.12E-06,6.38E-06,6.38E-06,6.58E-06,6.58E-06,4.41E-06,4.41E-06,5.19E-06,5.19E-06,4.43E-06,4.43E-06,5.05E-06,5.05E-06,4.75E-05,4.75E-05,7.32E-06,7.32E-06,4.65E-06,4.65E-06,4.60E-06,4.60E-06,4.73E-06,4.73E-06,5.26E-06,5.26E-06,6.37E-06,6.37E-06,5.96E-06,5.96E-06,6.35E-06,6.35E-06,5.01E-06,5.01E-06,4.93E-05,4.93E-05,7.89E-06,7.89E-06,4.42E-06,4.42E-06,3.97E-06,3.97E-06,4.23E-06,4.23E-06,3.70E-06,3.70E-06,3.33E-06,3.33E-06,0.002849358,0.002849358,0.901515,0.901515,0.9829268,0.9829268,0.34289625,0.34289625,0.000152959,0.000152959,4.98E-05,4.98E-05,3.29E-05,3.29E-05,1.26E-05,1.26E-05,1.43E-05,1.43E-05,1.21E-05,1.21E-05,1.31E-05,1.31E-05,1.32E-05,1.32E-05,7.71E-06,7.71E-06,8.65E-05,8.65E-05,1.05E-05,1.05E-05,7.04E-06,7.04E-06,5.04E-06,5.04E-06,4.90E-06,4.90E-06,5.57E-06,5.57E-06,4.48E-06,4.48E-06,4.36E-06,4.36E-06,8.54E-06,8.54E-06,5.26E-06,5.26E-06,7.24E-05,7.24E-05,8.03E-06,8.03E-06,9.94E-06,9.94E-06,7.88E-06,7.88E-06,8.07E-06,8.07E-06,6.10E-06,6.10E-06,6.99E-06,6.99E-06,7.80E-06,7.80E-06,1.31E-05,1.31E-05,8.75E-05,8.75E-05,0.61414903,0.61414903,0.9078967,0.9078967,0.9747629,0.9747629,0.954721,1
0.954721,0.9644721,0.9644721,0.89694893,0.89694893,0.8967187,0.8967187,0.88085353,0.88085353,0.81769204,0.81769204,0.5562353,0.5562353,0.9138529,0.9138529,0.97640675,0.97640675,0.92906594,0.92906594,0.90640813,0.90640813,0.8867724,0.8867724,5.23E-05,5.23E-05,3.00E-06,3.00E-06,1.29E-06,1.29E-06,1.80E-06,1.80E-06,9.48E-07,9.48E-07,4.24E-05,4.24E-05,3.68E-06,3.68E-06,2.08E-06,2.08E-06,1.95E-06,1.95E-06,1.98E-06,1.98E-06,1.96E-06,1.96E-06,2.23E-06,2.23E-06,2.11E-06,2.11E-06,2.69E-06,2.69E-06,2.66E-06,2.66E-06,6.57E-05,6.57E-05,6.47E-06,6.47E-06,3.86E-06,3.86E-06,2.73E-06,2.73E-06,3.18E-06,3.18E-06,3.25E-06,3.25E-06,3.25E-06,3.25E-06,3.30E-06,3.30E-06,3.21E-06,3.21E-06,3.14E-06,3.14E-06,3.95E-05,3.95E-05,4.75E-06,4.75E-06,2.93E-06,2.93E-06,2.71E-06,2.71E-06,2.64E-06,2.64E-06,3.74E-06,3.74E-06,5.10E-06,5.10E-06,5.84E-06,5.84E-06,6.28E-06,6.28E-06,0.98443377,0.98443377,0.9946932,0.9946932,0.99049217,0.99049217,0.057929523,0.057929523,1.06E-05,1.06E-05,2.98E-06,2.98E-06,7.58E-06,7.58E-06,3.15E-06,3.15E-06,3.11E-06,3.11E-06,3.93E-06,3.93E-06,2.83E-06,2.83E-06,7.84E-05,7.84E-05,8.10E-06,8.10E-06,4.68E-06,4.68E-06,6.56E-06,6.56E-06,6.51E-06,6.51E-06,6.26E-06,6.26E-06,6.92E-06,6.92E-06,6.93E-06,6.93E-06,5.68E-06,5.68E-06,5.79E-06,5.79E-06,5.91E-05,5.91E-05,9.16E-06,9.16E-06,4.51E-06,4.51E-06,5.09E-06,5.09E-06,5.65E-06,5.65E-06,6.16E-06,6.16E-06,5.66E-06,5.66E-06,4.90E-06,4.90E-06,4.84E-06,4.84E-06,5.75E-06,5.75E-06,4.83E-05,4.83E-05,8.33E-06,8.33E-06,4.98E-06,4.98E-06,3.57E-06,3.57E-06,3.70E-06,3.70E-06,3.54E-06,3.54E-06,4.50E-06,4.50E-06,4.30E-06,4.30E-06,5.63E-06,5.63E-06,4.85E-06,4.85E-06,5.61E-05,5.61E-05,7.55E-06,7.55E-06,4.91E-06,4.91E-06,4.36E-06,4.36E-06,4.28E-06,4.28E-06,4.32E-06,4.32E-06,5.14E-06,5.14E-06,6.23E-06,6.23E-06,7.49E-06,7.49E-06,7.00E-06,7.00E-06,8.39E-05,8.39E-05,8.94E-06,8.94E-06,5.44E-06,5.44E-06,4.41E-06,4.41E-06,3.63E-06,3.63E-06,4.14E-06,4.14E-06,5.50E-06,5.50E-06,4.38E-06,4.38E-06,4.49E-06,4.49E-06,3.52E-06,3.52E-06,8.14E-05,8.14E-05,1.08E-05,1.08E-05,5.15E-06,5.15E-06,3.69E-06,3.69E-06,0.0003307,0.0003307,0.9989918,0.9989918,1
3.00E-06,3.00E-06,2.62E-06,2.62E-06,1.86E-06,2.09E-06,2.09E-06,1.97E-06,1.97E-06,1.88E-06,2.21E-06,2.21E-06,1.69E-06,1.69E-06,1.74E-06,2.16E-05,2.16E-05,5.37E-06,5.37E-06,2.85E-06,2.78E-06,2.78E-06,2.19E-06,2.19E-06,2.15E-06,2.25E-06,2.25E-06,2.22E-06,2.22E-06,2.30E-06,2.04E-06,2.04E-06,1.81E-05,1.81E-05,6.16E-06,3.96E-06,3.96E-06,2.56E-06,2.56E-06,2.21E-06,1.93E-06,1.93E-06,1.90E-06,1.90E-06,2.10E-06,2.35E-06,2.35E-06,2.69E-06,2.69E-06,2.60E-05,3.58E-06,3.58E-06,1.90E-06,1.90E-06,2.01E-06,1.37E-06,1.37E-06,1.44E-06,1.44E-06,1.44E-06,1.46E-06,1.46E-06,1.52E-06,1.52E-06,1.89E-06,1.84E-05,1.84E-05,2.65E-06,2.65E-06,1.23E-06,1.36E-06,1.36E-06,1.18E-06,1.18E-06,1.38E-06,1.23E-06,1.23E-06,1.44E-06,1.44E-06,1.38E-06,1.45E-06,1.45E-06,1.50E-05,1.50E-05,4.38E-06,3.29E-06,3.29E-06,2.82E-06,2.82E-06,2.45E-06,2.15E-06,2.15E-06,1.70E-06,1.70E-06,0.000155142,0.000113939,0.000113939,6.75E-05,6.75E-05,0.000486582,5.71E-06,5.71E-06,1.66E-06,1.66E-06,1.05E-06,1.38E-06,1.38E-06,1.48E-06,1.48E-06,1.51E-06,1.64E-06,1.64E-06,1.53E-06,1.53E-06,1.54E-06,1.47E-05,1.47E-05,2.35E-06,2.35E-06,1.49E-06,1.98E-06,1.98E-06,2.10E-06,2.10E-06,1.49E-06,2.06E-06,2.06E-06,1.90E-06,1.90E-06,1.84E-06,2.00E-06,2.00E-06,2.31E-05,2.31E-05,3.53E-06,2.06E-06,2.06E-06,1.84E-06,1.84E-06,2.00E-06,1.89E-06,1.89E-06,2.24E-06,2.24E-06,2.46E-06,2.73E-06,2.73E-06,2.93E-06,2.93E-06,1.89E-05,2.86E-06,2.86E-06,2.11E-06,2.11E-06,1.92E-06,2.03E-06,2.03E-06,1.43E-06,1.43E-06,1.55E-06,1.56E-06,1.56E-06,1.55E-06,1.55E-06,1.54E-06,1.54E-05,1.54E-05,3.47E-06,3.47E-06,3.24E-06,0.000123122,0.000123122,0.983725,0.983725,0.001112708,0.000524664,0.000524664,2.29E-06,2.29E-06,2.03E-06,1.35E-06,1.35E-06,2.26E-05,2.26E-05,3.53E-06,1.85E-06,1.85E-06,1.62E-06,1.62E-06,1.54E-06,1.45E-06,1.45E-06,1.39E-06,1.39E-06,1.52E-06,1.34E-06,1.34E-06,1.35E-06,1.35E-06,2.66E-05,3.46E-06,3.46E-06,1.82E-06,1.82E-06,1.77E-06,2.26E-06,2.26E-06,1.68E-06,1.68E-06,2.02E-06,1.68E-06,1.68E-06,1.61E-06,1.61E-06,1.83E-06,1.88E-05,1.88E-05,3.34E-06,3.34E-06,2.09E-06,1.53E-06,1.53E-06,1.33E-06,1.33E-06,1.28E-06,1
1.42E-06,1.42E-06,1.26E-06,1.26E-06,1.40E-06,1.45E-06,1.45E-06,1.67E-05,1.67E-05,2.26E-06,1.71E-06,1.71E-06,1.59E-06,1.59E-06,1.57E-06,1.51E-06,1.51E-06,1.56E-06,1.56E-06,1.58E-06,2.54E-06,2.54E-06,2.15E-06,2.15E-06,0.9975817,0.9984469,0.9984469,0.002163254,0.002163254,1.55E-06,5.64E-07,5.64E-07,5.08E-07,5.08E-07,3.75E-07,3.87E-07,3.87E-07,4.40E-07,4.40E-07,5.60E-07,0.000158291,0.000158291,2.13E-05,2.13E-05,0.000302947,6.22E-05,6.22E-05,4.30E-06,4.30E-06,2.52E-06,2.67E-06,2.67E-06,2.15E-06,2.15E-06,3.40E-06,4.04E-06,4.04E-06,2.33E-05,2.33E-05,5.17E-06,4.67E-06,4.67E-06,3.31E-06,3.31E-06,3.50E-06,3.65E-06,3.65E-06,2.94E-06,2.94E-06,3.44E-06,3.41E-06,3.41E-06,2.79E-06,2.79E-06,2.30E-05,3.89E-06,3.89E-06,2.26E-06,2.26E-06,2.19E-06,2.35E-06,2.35E-06,2.17E-06,2.17E-06,3.25E-06,2.75E-06,2.75E-06,5.36E-06,5.36E-06,3.91E-06,0.99420834,0.99420834,0.99428284,0.99428284,0.995865,0.96462137,0.96462137,8.88E-06,8.88E-06,5.74E-07,2.95E-07,2.95E-07,3.02E-07,3.02E-07,3.01E-07,3.92E-07,3.92E-07,2.10E-05,2.10E-05,2.87E-06,1.50E-06,1.50E-06,1.21E-06,1.21E-06,2.97E-06,4.52E-06,4.52E-06,8.87E-06,8.87E-06,2.23E-05,4.94E-05,4.94E-05,0.000258809,0.000258809,0.001639067,0.006848757,0.006848757,0.001070186,0.001070186,0.003407054,0.00143577,0.00143577,0.029539863,0.029539863,0.01576779,0.03549583,0.03549583,0.09134994,0.09134994,0.06204123,0.6720018,0.6720018,0.07940447,0.07940447,0.2771466,0.28772858,0.28772858,0.030146882,0.030146882,0.029919814,0.04068084,0.04068084,0.028609144,0.028609144,0.004599576,0.060298998,0.060298998,0.9818787,0.9818787,0.9992545,0.9989648,0.9989648,0.9985846,0.9985846,0.99694306,0.9947857,0.9947857,0.9877703,0.9877703,0.4502154,0.9917064,0.9917064,0.8775404,0.8775404,0.9967213,0.99860233,0.99860233,0.99455833,0.99455833,0.0989454,0.09951708,0.09951708,0.002045625,0.002045625,0.005136284,0.00103518,0.00103518,0.002045135,0.002045135,0.003739634,0.8692138,0.8692138,0.7385603,0.7385603,0.008720382,0.026663067,0.026663067,0.059522316,0.059522316,0.18840359,0.11907998,0.11907998,0.35254878,0.35254878,0.12042508,0.08408149,0.08408149,0.6291862,0.6291862,0.8476921,0.30094603,0.30094603,0.16089407,0.16089407,0.04507618,0.022239933,0.022239933,0.15084912,0.15084912,0.7239448,0.53955203,0.53955203,0.15839714,0.15839714,0.9296828,1
0.000136736,0.000136736,0.000136736,0.000182968,0.000182968,0.000119188,0.000119188,4.16E-05,4.16E-05,1.80E-05,1.80E-05,1.45E-05,1.45E-05,1.05E-05,1.05E-05,9.73E-06,9.73E-06,1.07E-05,1.07E-05,7.19E-05,7.19E-05,1.99E-05,1.99E-05,1.84E-05,1.84E-05,2.61E-05,2.61E-05,2.61E-05,1.83E-05,1.83E-05,2.20E-05,2.20E-05,2.95E-05,2.95E-05,0.99124664,0.99124664,9.21E-05,9.21E-05,2.51E-05,2.51E-05,0.000261379,0.000261379,3.25E-05,3.25E-05,1.69E-05,1.69E-05,1.17E-05,1.17E-05,4.41E-05,4.41E-05,0.0001131,0.0001131,0.0001131,3.19E-05,3.19E-05,4.03E-05,4.03E-05,5.19E-05,5.19E-05,9.31E-05,9.31E-05,0.000203589,0.000203589,0.000245635,0.000245635,0.004801751,0.004801751,0.00093447,0.00093447,0.015939297,0.015939297,0.014194088,0.014194088,0.029589701,0.029589701,0.047103092,0.047103092,0.047103092,0.10643097,0.10643097,0.043843832,0.043843832,0.1040514,0.1040514,0.022513863,0.022513863,0.004868309,0.004868309,0.003243302,0.003243302,0.013785942,0.013785942,0.016439168,0.016439168,0.028983688,0.028983688,0.13280545,0.13280545,0.151106,0.151106,0.10274706,0.10274706,0.10274706,0.15414546,0.15414546,0.042621545,0.042621545,0.9874155,0.9874155,0.29087582,0.29087582,2.93E-05,2.93E-05,3.91E-06,3.91E-06,3.50E-06,3.50E-06,4.92E-06,4.92E-06,5.40E-06,5.40E-06,5.29E-06,5.29E-06,8.87E-05,8.87E-05,1.67E-05,1.67E-05,1.67E-05,1.01E-05,1.01E-05,1.24E-05,1.24E-05,1.04E-05,1.04E-05,8.63E-06,8.63E-06,8.04E-06,8.04E-06,1.09E-05,1.09E-05,1.27E-05,1.27E-05,1.29E-05,1.29E-05,0.000114915,0.000114915,2.65E-05,2.65E-05,1.51E-05,1.51E-05,7.42E-06,7.42E-06,7.42E-06,8.39E-06,8.39E-06,7.83E-06,7.83E-06,8.48E-06,8.48E-06,1.12E-05,1.12E-05,1.20E-05,1.20E-05,2.52E-05,2.52E-05,0.97048116,0.97048116,0.98950595,0.98950595,0.7587426,0.7587426,0.4333819,0.4333819,0.20220268,0.20220268,0.044057302,0.044057302,0.044057302,0.03316165,0.03316165,0.01960873,0.01960873,0.029646685,0.029646685,0.008921952,0.008921952,0.14854988,0.14854988,0.09174874,0.09174874,0.017795136,0.017795136,0.06898148,0.06898148,0.109630816,0.109630816,0.14939857,0.14939857,0.058835413,0.058835413,0.15625311,0.15625311,0.15625311,0.21244964,0.21244964,0.07532635,0.07532635,0.10918779,0.10918779,0.17078233,0.17078233,0.34912524,0.34912524,0.27954432,0.27954432,0.11233347,0.11233347,0.10517212,0.10517212,0.21743828,0.21743828,0.13102852,0.13102852,0.38592246,0.38592246,1
0.36966103,0.36966103,0.36966103,0.9935347,0.9935347,0.9936951,0.9936951,0.009217502,0.009217502,3.35E-05,3.35E-05,5.67E-06,5.67E-06,2.68E-06,2.68E-06,2.92E-06,2.92E-06,6.89E-06,6.89E-06,1.07E-05,1.07E-05,7.53E-06,7.53E-06,8.54E-05,8.54E-05,2.17E-05,2.17E-05,2.17E-05,1.95E-05,1.95E-05,1.85E-05,1.85E-05,2.45E-05,2.45E-05,2.59E-05,2.59E-05,9.90E-06,9.90E-06,1.40E-05,1.40E-05,1.25E-05,1.25E-05,1.84E-05,1.84E-05,0.000152696,0.000152696,1.48E-05,1.48E-05,1.77E-05,1.77E-05,9.68E-06,9.68E-06,9.68E-06,7.65E-06,7.65E-06,8.25E-06,8.25E-06,7.55E-06,7.55E-06,1.53E-05,1.53E-05,1.40E-05,1.40E-05,1.75E-05,1.75E-05,8.66E-05,8.66E-05,1.29E-05,1.29E-05,8.23E-06,8.23E-06,1.66E-05,1.66E-05,2.36E-05,2.36E-05,1.75E-05,1.75E-05,1.75E-05,1.39E-05,1.39E-05,2.69E-05,2.69E-05,0.001702729,0.001702729,0.048725273,0.048725273,0.028367124,0.028367124,0.006271483,0.006271483,0.010812119,0.010812119,0.016920157,0.016920157,0.019906027,0.019906027,0.013807084,0.013807084,0.001782641,0.001782641,0.001035342,0.001035342,0.001035342,0.001530078,0.001530078,0.009564507,0.009564507,0.045112528,0.045112528,0.007282772,0.007282772,0.001279602,0.001279602,0.004892323,0.004892323,0.005453623,0.005453623,0.012072522,0.012072522,0.018823422,0.018823422,0.012428648,0.012428648,0.039799873,0.039799873,0.023881923,0.023881923,0.023881923,0.01548651,0.01548651,0.008499738,0.008499738,0.004277333,0.004277333,0.031857207,0.031857207,0.03558301,0.03558301,0.017456481,0.017456481,0.02233095,0.02233095,0.043203168,0.043203168,0.013721641,0.013721641,0.055379324,0.055379324,0.09182412,0.09182412,0.041064408,0.041064408,0.041064408,0.98818356,0.98818356,0.99611133,0.99611133,0.86777455,0.86777455,0.006155895,0.006155895,1.76E-05,1.76E-05,7.09E-06,7.09E-06,4.92E-06,4.92E-06,1.29E-05,1.29E-05,8.50E-05,8.50E-05,2.17E-05,2.17E-05,1.20E-05,1.20E-05,8.22E-06,8.22E-06,8.22E-06,9.79E-06,9.79E-06,7.83E-06,7.83E-06,8.65E-06,8.65E-06,1.05E-05,1.05E-05,1.95E-05,1.95E-05,1.41E-05,1.41E-05,0.000233176,0.000233176,4.47E-05,4.47E-05,3.51E-05,3.51E-05,4.98E-05,4.98E-05,2.92E-05,2.92E-05,0.000108144,0.000108144,0.000108144,0.000690041,0.000690041,0.004220712,0.004220712,0.027345499,0.027345499,0.006646355,0.006646355,0.007654395,0.007654395,0.005722113,0.005722113,0.006752814,0.006752814,0.001921515,0.001921515,0.000483512,0.000483512,0.003047385,0.003047385,0.001111686,0.001111686,1
0.0002262,0.0002262,0.0002262,0.001441653,0.001441653,0.000697513,0.000697513,0.001557277,0.001557277,0.0085911,0.0085911,0.011353228,0.011353228,0.002100392,0.002100392,0.002517264,0.002517264,0.002796794,0.002796794,0.01040362,0.01040362,0.13948509,0.13948509,0.99603254,0.99603254,0.018060505,0.018060505,0.018060505,0.000617297,0.000617297,0.000258596,0.000258596,1.82E-05,1.82E-05,4.09E-05,4.09E-05,0.000227621,0.000227621,3.25E-05,3.25E-05,2.23E-05,2.23E-05,2.28E-05,2.28E-05,2.98E-05,2.98E-05,5.91E-05,5.91E-05,0.000124357,0.000124357,4.76E-05,4.76E-05,4.76E-05,3.19E-05,3.19E-05,5.58E-05,5.58E-05,3.00E-05,3.00E-05,5.12E-05,5.12E-05,3.96E-05,3.96E-05,3.25E-05,3.25E-05,5.61E-05,5.61E-05,7.71E-05,7.71E-05,9.59E-05,9.59E-05,2.73E-05,2.73E-05,2.28E-05,2.28E-05,2.51E-05,2.51E-05,2.51E-05,1.74E-05,1.74E-05,4.03E-05,4.03E-05,1.89E-05,1.89E-05,1.81E-05,1.81E-05,2.15E-05,2.15E-05,7.13E-05,7.13E-05,0.000330436,0.000330436,2.35E-05,2.35E-05,4.71E-05,4.71E-05,1.86E-05,1.86E-05,1.58E-05,1.58E-05,1.49E-05,1.49E-05,1.49E-05,1.24E-05,1.24E-05,4.34E-05,4.34E-05,1.08E-05,1.08E-05,1.99E-05,1.99E-05,0.000121779,0.000121779,6.13E-05,6.13E-05,0.000160559,0.000160559,0.001382229,0.001382229,0.001097676,0.001097676,0.000827564,0.000827564,0.001002806,0.001002806,0.003117991,0.003117991,0.003117991,0.009053075,0.009053075,0.016834697,0.016834697,0.04705021,0.04705021,0.028337449,0.028337449,0.015858974,0.015858974,0.008575337,0.008575337,0.033656854,0.033656854,0.010843865,0.010843865,0.11233406,0.11233406,0.010767772,0.010767772,0.018507065,0.018507065,0.054902777,0.054902777,0.054902777,0.14423074,0.14423074,0.014990529,0.014990529,0.99857783,0.99857783,0.9886235,0.9886235,0.29690602,0.29690602,0.000161314,0.000161314,1.62E-05,1.62E-05,3.78E-06,3.78E-06,8.88E-06,8.88E-06,3.72E-06,3.72E-06,0.000154658,0.000154658,2.55E-05,2.55E-05,2.55E-05,1.16E-05,1.16E-05,1.10E-05,1.10E-05,2.29E-05,2.29E-05,1.75E-05,1.75E-05,8.53E-06,8.53E-06,1.71E-05,1.71E-05,1.68E-05,1.68E-05,8.79E-05,8.79E-05,0.000289241,0.000289241,4.14E-05,4.14E-05,2.91E-05,2.91E-05,2.86E-05,2.86E-05,2.86E-05,2.48E-05,2.48E-05,1.62E-05,1.62E-05,1.02E-05,1.02E-05,8.16E-06,8.16E-06,3.29E-06,3.29E-06,3.75E-06,3.75E-06,6.07E-05,6.07E-05,1.57E-05,1.57E-05,8.11E-06,8.11E-06,4.78E-05,4.78E-05,0.000101685,0.000101685,1
5.90E-05,5.90E-05,5.90E-05,1.49E-05,1.49E-05,1.56E-05,1.56E-05,2.31E-05,2.31E-05,4.41E-06,4.41E-06,2.94E-05,2.94E-05,6.65E-06,6.65E-06,5.83E-06,5.83E-06,4.89E-06,4.89E-06,6.77E-06,6.77E-06,3.04E-05,3.04E-05,4.48E-05,4.48E-05,3.56E-05,3.56E-05,3.56E-05,2.48E-05,2.48E-05,2.21E-05,2.21E-05,5.69E-05,5.69E-05,7.33E-06,7.33E-06,6.01E-06,6.01E-06,5.24E-06,5.24E-06,4.97E-06,4.97E-06,1.07E-05,1.07E-05,7.69E-06,7.69E-06,1.16E-05,1.16E-05,7.29E-06,7.29E-06,7.25E-06,7.25E-06,7.25E-06,9.82E-05,9.82E-05,1.35E-05,1.35E-05,1.12E-05,1.12E-05,1.33E-05,1.33E-05,1.43E-05,1.43E-05,3.41E-05,3.41E-05,5.88E-05,5.88E-05,3.90E-05,3.90E-05,5.99E-05,5.99E-05,7.10E-05,7.10E-05,0.00024128,0.00024128,9.20E-05,9.20E-05,9.20E-05,9.38E-05,9.38E-05,9.77E-05,9.77E-05,8.22E-05,8.22E-05,0.00010269,0.00010269,5.59E-05,5.59E-05,0.000120832,0.000120832,4.14E-05,4.14E-05,0.000105542,0.000105542,0.001262569,0.001262569,0.001062814,0.001062814,0.015946314,0.015946314,0.01948852,0.01948852,0.01948852,0.015530768,0.015530768,0.017622674,0.017622674,0.00885905,0.00885905,7.72E-05,7.72E-05,0.009350571,0.009350571,0.011964514,0.011964514,0.02944472,0.02944472,0.21852463,0.21852463,0.31492522,0.31492522,0.13163021,0.13163021,0.029425228,0.029425228,0.003467886,0.003467886,0.003467886,0.006346098,0.006346098,0.002541196,0.002541196,0.000976042,0.000976042,0.01916708,0.01916708,0.001813269,0.001813269,0.001004982,0.001004982,0.022711786,0.022711786,0.00252126,0.00252126,0.000353724,0.000353724,0.000277523,0.000277523,0.000169269,0.000169269,9.42E-05,9.42E-05,9.42E-05,0.000202241,0.000202241,6.57E-05,6.57E-05,0.000372997,0.000372997,0.000113482,0.000113482,7.13E-05,7.13E-05,0.000142845,0.000142845,0.000179794,0.000179794,0.000233126,0.000233126,0.000219651,0.000219651,0.000112069,0.000112069,9.96E-05,9.96E-05,3.72E-05,3.72E-05,3.72E-05,0.000182868,0.000182868,0.000171651,0.000171651,0.000103335,0.000103335,0.000120269,0.000120269,8.48E-05,8.48E-05,4.76E-05,4.76E-05,4.91E-05,4.91E-05,2.26E-05,2.26E-05,6.23E-05,6.23E-05,0.000438874,0.000438874,0.004596154,0.004596154,0.2972404,0.2972404,0.2972404,0.22424868,0.22424868,0.2811728,0.2811728,0.034226358,0.034226358,0.06071521,0.06071521,0.21154033,0.21154033,0.16604927,0.16604927,0.11367857,0.11367857,0.011447376,0.011447376,0.076853134,0.076853134,0.07115362,0.07115362,0.036808193,0.036808193,1
0.50656337,0.50656337,0.50656337,0.9585621,0.9585621,0.93873674,0.93873674,0.011614976,0.011614976,1.27E-05,1.27E-05,5.67E-06,5.67E-06,1.82E-05,1.82E-05,0.000158393,0.000158393,9.73E-05,9.73E-05,5.98E-05,5.98E-05,4.90E-05,4.90E-05,2.81E-05,2.81E-05,4.40E-05,4.40E-05,4.40E-05,2.22E-05,2.22E-05,5.39E-05,5.39E-05,0.000316182,0.000316182,6.83E-05,6.83E-05,0.00016333,0.00016333,2.06E-05,2.06E-05,1.96E-05,1.96E-05,1.64E-05,1.64E-05,1.16E-05,1.16E-05,5.17E-06,5.17E-06,6.48E-06,6.48E-06,6.76E-06,6.76E-06,6.76E-06,6.71E-06,6.71E-06,7.56E-06,7.56E-06,5.15E-05,5.15E-05,1.31E-05,1.31E-05,0.000177845,0.000177845,0.000340265,0.000340265,0.001778734,0.001778734,7.90E-05,7.90E-05,0.000449745,0.000449745,0.001092809,0.001092809,0.52995676,0.52995676,0.99748576,0.99748576,0.99748576,0.21449623,0.21449623,0.000578898,0.000578898,8.84E-05,8.84E-05,6.72E-05,6.72E-05,0.000139329,0.000139329,3.00E-05,3.00E-05,1.81E-05,1.81E-05,1.79E-05,1.79E-05,1.57E-05,1.57E-05,1.83E-05,1.83E-05,0.00011778,0.00011778,0.000102782,0.000102782,0.000102782,9.66E-05,9.66E-05,4.89E-05,4.89E-05,5.75E-05,5.75E-05,8.26E-05,8.26E-05,0.000224487,0.000224487,0.000109387,0.000109387,0.000159581,0.000159581,0.000350636,0.000350636,0.000387017,0.000387017,0.000146849,0.000146849,0.000521993,0.000521993,0.000156398,0.000156398,0.000156398,4.35E-05,4.35E-05,0.000167118,0.000167118,6.70E-05,6.70E-05,3.16E-05,3.16E-05,4.53E-05,4.53E-05,3.62E-05,3.62E-05,0.000114362,0.000114362,1.87E-05,1.87E-05,1.33E-05,1.33E-05,9.20E-06,9.20E-06,9.67E-06,9.67E-06,8.81E-06,8.81E-06,8.81E-06,7.25E-06,7.25E-06,8.60E-06,8.60E-06,1.14E-05,1.14E-05,4.06E-05,4.06E-05,0.000154502,0.000154502,6.97E-05,6.97E-05,3.03E-05,3.03E-05,0.000151416,0.000151416,4.33E-05,4.33E-05,2.80E-05,2.80E-05,2.12E-05,2.12E-05,2.14E-05,2.14E-05,2.14E-05,7.88E-05,7.88E-05,3.83E-05,3.83E-05,0.000126133,0.000126133,2.42E-05,2.42E-05,1.39E-05,1.39E-05,2.74E-05,2.74E-05,3.30E-05,3.30E-05,4.38E-05,4.38E-05,4.37E-05,4.37E-05,3.90E-05,3.90E-05,0.000129138,0.000129138,0.000109957,0.000109957,0.000109957,0.000492261,0.000492261,0.000468952,0.000468952,2.96E-05,2.96E-05,1.21E-05,1.21E-05,6.48E-06,6.48E-06,1.29E-05,1.29E-05,7.18E-06,7.18E-06,8.76E-06,8.76E-06,7.07E-06,7.07E-06,7.00E-06,7.00E-06,5.57E-05,5.57E-05,1
9.59E-06,9.59E-06,9.59E-06,1.32E-05,1.32E-05,1.04E-05,1.04E-05,9.93E-06,9.93E-06,1.17E-05,1.17E-05,1.23E-05,1.23E-05,1.45E-05,1.45E-05,2.07E-05,2.07E-05,0.000140086,0.000140086,0.000150558,0.000150558,5.19E-05,5.19E-05,0.000185212,0.000185212,0.001656829,0.001656829,0.001656829,0.000736538,0.000736538,0.003525609,0.003525609,0.004040144,0.004040144,0.003387316,0.003387316,0.000542678,0.000542678,0.001258043,0.001258043,0.001527935,0.001527935,0.016956981,0.016956981,0.9883585,0.9883585,0.99420834,0.99420834,0.06304126,0.06304126,0.000161666,0.000161666,0.000161666,3.79E-05,3.79E-05,1.71E-05,1.71E-05,3.13E-05,3.13E-05,9.45E-06,9.45E-06,8.77E-05,8.77E-05,1.02E-05,1.02E-05,8.75E-06,8.75E-06,5.26E-06,5.26E-06,4.66E-06,4.66E-06,5.87E-06,5.87E-06,7.90E-06,7.90E-06,1.39E-05,1.39E-05,1.39E-05,7.76E-06,7.76E-06,5.65E-06,5.65E-06,4.57E-05,4.57E-05,9.05E-06,9.05E-06,4.41E-06,4.41E-06,3.77E-06,3.77E-06,3.94E-06,3.94E-06,4.27E-06,4.27E-06,3.07E-06,3.07E-06,1.97E-05,1.97E-05,3.35E-05,3.35E-05,1.12E-05,1.12E-05,1.12E-05,6.44E-05,6.44E-05,2.76E-05,2.76E-05,4.07E-05,4.07E-05,4.13E-05,4.13E-05,3.22E-05,3.22E-05,7.13E-05,7.13E-05,0.000511613,0.000511613,4.17E-05,4.17E-05,7.17E-05,7.17E-05,3.60E-05,3.60E-05,0.000256824,0.000256824,0.001347926,0.001347926,0.001347926,0.006780799,0.006780799,0.000633035,0.000633035,0.000197295,0.000197295,0.001851871,0.001851871,0.001809639,0.001809639,0.051586315,0.051586315,0.102524444,0.102524444,0.9228754,0.9228754,0.97989196,0.97989196,0.9241568,0.9241568,0.60899156,0.60899156,0.6884656,0.6884656,0.6884656,0.3669264,0.3669264,0.5,0.5,0.5,0.5,0.3145981,0.3145981,0.30370113,0.30370113,0.17336239,0.17336239,0.29150227,0.29150227,0.51046526,0.51046526,0.6918224,0.6918224,0.67711425,0.67711425,0.8518367,0.8518367,0.26946658,0.26946658,0.26946658,0.09128372,0.09128372,0.010837508,0.010837508,0.15836224,0.15836224,0.16145621,0.16145621,0.34086826,0.34086826,0.11454196,0.11454196,0.37508196,0.37508196,0.027814364,0.027814364,0.051771,0.051771,0.02551102,0.02551102,0.028284637,0.028284637,0.03485709,0.03485709,0.03485709,0.114797376,0.114797376,0.061548088,0.061548088,0.17981768,0.17981768,0.015054093,0.015054093,0.007748,0.007748,0.000575487,0.000575487,0.001021653,0.001021653,0.8898224,0.8898224,0.8529745,0.8529745,0.72197855,0.72197855,0.8100944,0.8100944,1
5.66E-05,5.66E-05,5.66E-05,7.19E-05,7.19E-05,4.09E-05,4.09E-05,6.53E-05,6.53E-05,6.55E-05,6.55E-05,4.08E-05,4.08E-05,0.00013831,0.00013831,2.50E-05,2.50E-05,5.46E-05,5.46E-05,0.001719618,0.001719618,0.00084702,0.00084702,0.000508674,0.000508674,0.001687885,0.001687885,0.001687885,0.000544447,0.000544447,0.00039655,0.00039655,0.000525209,0.000525209,0.000553476,0.000553476,0.000220459,0.000220459,9.95E-05,9.95E-05,0.000610237,0.000610237,0.000196571,0.000196571,0.000126678,0.000126678,0.000223972,0.000223972,6.14E-05,6.14E-05,3.10E-05,3.10E-05,3.10E-05,1.21E-05,1.21E-05,1.26E-05,1.26E-05,1.19E-05,1.19E-05,1.28E-05,1.28E-05,8.21E-05,8.21E-05,2.85E-05,2.85E-05,1.13E-05,1.13E-05,1.23E-05,1.23E-05,9.87E-06,9.87E-06,2.09E-05,2.09E-05,9.87E-06,9.87E-06,9.62E-06,9.62E-06,9.62E-06,9.70E-06,9.70E-06,1.03E-05,1.03E-05,6.53E-05,6.53E-05,1.59E-05,1.59E-05,8.19E-06,8.19E-06,4.90E-06,4.90E-06,4.94E-06,4.94E-06,5.86E-06,5.86E-06,7.81E-06,7.81E-06,7.33E-06,7.33E-06,6.56E-06,6.56E-06,7.56E-06,7.56E-06,7.56E-06,5.46E-05,5.46E-05,8.00E-06,8.00E-06,1.38E-05,1.38E-05,1.34E-05,1.34E-05,1.76E-05,1.76E-05,9.31E-06,9.31E-06,1.04E-05,1.04E-05,7.79E-06,7.79E-06,1.03E-05,1.03E-05,7.68E-06,7.68E-06,0.000109925,0.000109925,8.09E-06,8.09E-06,8.09E-06,1.21E-05,1.21E-05,4.27E-06,4.27E-06,4.02E-06,4.02E-06,3.41E-06,3.41E-06,4.59E-06,4.59E-06,3.65E-06,3.65E-06,3.57E-06,3.57E-06,3.44E-06,3.44E-06,3.88E-05,3.88E-05,4.67E-06,4.67E-06,3.47E-06,3.47E-06,3.61E-06,3.61E-06,3.61E-06,3.45E-06,3.45E-06,4.56E-06,4.56E-06,5.05E-06,5.05E-06,4.60E-06,4.60E-06,6.74E-06,6.74E-06,9.35E-06,9.35E-06,4.89E-05,4.89E-05,1.50E-05,1.50E-05,5.62E-06,5.62E-06,1.13E-05,1.13E-05,6.69E-06,6.69E-06,5.49E-06,5.49E-06,5.49E-06,7.35E-06,7.35E-06,9.28E-06,9.28E-06,6.21E-06,6.21E-06,5.16E-06,5.16E-06,6.52E-05,6.52E-05,9.19E-06,9.19E-06,4.80E-06,4.80E-06,6.96E-06,6.96E-06,4.65E-06,4.65E-06,5.17E-06,5.17E-06,5.23E-06,5.23E-06,5.02E-06,5.02E-06,5.02E-06,9.20E-06,9.20E-06,7.48E-06,7.48E-06,4.26E-05,4.26E-05,6.27E-06,6.27E-06,4.43E-06,4.43E-06,4.18E-06,4.18E-06,5.81E-06,5.81E-06,4.90E-06,4.90E-06,4.81E-06,4.81E-06,5.54E-06,5.54E-06,5.17E-06,5.17E-06,1
5.68E-06,5.68E-06,5.68E-06,5.06E-05,5.06E-05,7.48E-06,7.48E-06,5.13E-06,5.13E-06,5.93E-06,5.93E-06,6.96E-06,6.96E-06,1.13E-05,1.13E-05,7.93E-06,7.93E-06,6.20E-06,6.20E-06,6.97E-06,6.97E-06,7.14E-06,7.14E-06,4.74E-05,4.74E-05,8.87E-06,8.87E-06,8.87E-06,6.32E-06,6.32E-06,8.91E-06,8.91E-06,1.21E-05,1.21E-05,7.24E-06,7.24E-06,6.44E-06,6.44E-06,6.33E-06,6.33E-06,7.73E-06,7.73E-06,6.22E-06,6.22E-06,4.69E-05,4.69E-05,6.70E-06,6.70E-06,4.82E-06,4.82E-06,4.66E-06,4.66E-06,4.66E-06,6.21E-06,6.21E-06,5.74E-06,5.74E-06,6.27E-06,6.27E-06,7.04E-06,7.04E-06,6.53E-06,6.53E-06,5.54E-06,5.54E-06,4.20E-05,4.20E-05,5.15E-06,5.15E-06,3.92E-06,3.92E-06,3.97E-06,3.97E-06,3.36E-06,3.36E-06,3.16E-06,3.16E-06,3.16E-06,2.99E-06,2.99E-06,3.79E-06,3.79E-06,3.36E-06,3.36E-06,3.80E-06,3.80E-06,4.63E-05,4.63E-05,5.40E-06,5.40E-06,3.64E-06,3.64E-06,3.71E-06,3.71E-06,5.14E-06,5.14E-06,5.15E-06,5.15E-06,5.04E-06,5.04E-06,4.88E-06,4.88E-06,4.88E-06,5.68E-06,5.68E-06,5.21E-06,5.21E-06,3.87E-05,3.87E-05,6.38E-06,6.38E-06,3.77E-06,3.77E-06,3.90E-06,3.90E-06,4.14E-06,4.14E-06,3.97E-06,3.97E-06,4.03E-06,4.03E-06,4.84E-06,4.84E-06,4.76E-06,4.76E-06,5.08E-06,5.08E-06,5.08E-06,3.70E-05,3.70E-05,5.04E-06,5.04E-06,3.43E-06,3.43E-06,3.52E-06,3.52E-06,4.10E-06,4.10E-06,3.92E-06,3.92E-06,4.04E-06,4.04E-06,4.08E-06,4.08E-06,4.70E-06,4.70E-06,3.93E-06,3.93E-06,4.57E-05,4.57E-05,5.06E-06,5.06E-06,5.06E-06,3.43E-06,3.43E-06,3.31E-06,3.31E-06,3.63E-06,3.63E-06,4.36E-06,4.36E-06,3.87E-06,3.87E-06,4.87E-06,4.87E-06,5.35E-06,5.35E-06,5.07E-06,5.07E-06,4.39E-05,4.39E-05,6.60E-06,6.60E-06,4.35E-06,4.35E-06,4.52E-06,4.52E-06,4.52E-06,4.39E-06,4.39E-06,4.60E-06,4.60E-06,4.33E-06,4.33E-06,4.39E-06,4.39E-06,4.76E-06,4.76E-06,5.20E-06,5.20E-06,4.11E-05,4.11E-05,5.65E-06,5.65E-06,3.82E-06,3.82E-06,4.83E-06,4.83E-06,4.20E-06,4.20E-06,7.52E-06,7.52E-06,7.52E-06,4.48E-06,4.48E-06,4.33E-06,4.33E-06,3.91E-06,3.91E-06,4.69E-06,4.69E-06,8.86E-05,8.86E-05,7.49E-06,7.49E-06,6.33E-06,6.33E-06,5.58E-06,5.58E-06,8.84E-06,8.84E-06,1.06E-05,1.06E-05,2.92E-05,2.92E-05,1
1.32E-05,1.32E-05,1.32E-05,5.76E-06,5.76E-06,1.28E-05,1.28E-05,8.28E-05,8.28E-05,8.60E-06,8.60E-06,5.90E-06,5.90E-06,5.01E-06,5.01E-06,6.77E-06,6.77E-06,6.13E-06,6.13E-06,9.54E-06,9.54E-06,6.11E-06,6.11E-06,6.30E-06,6.30E-06,4.28E-06,4.28E-06,4.28E-06,4.92E-05,4.92E-05,6.58E-06,6.58E-06,3.16E-06,3.16E-06,3.52E-06,3.52E-06,3.02E-06,3.02E-06,3.13E-06,3.13E-06,3.88E-06,3.88E-06,3.54E-06,3.54E-06,3.63E-06,3.63E-06,3.91E-06,3.91E-06,5.10E-05,5.10E-05,6.68E-06,6.68E-06,6.68E-06,4.66E-06,4.66E-06,4.33E-06,4.33E-06,3.58E-06,3.58E-06,3.85E-06,3.85E-06,4.66E-06,4.66E-06,4.41E-06,4.41E-06,4.01E-06,4.01E-06,4.36E-06,4.36E-06,5.25E-05,5.25E-05,6.65E-06,6.65E-06,4.68E-06,4.68E-06,4.14E-06,4.14E-06,4.14E-06,4.87E-06,4.87E-06,4.41E-06,4.41E-06,4.76E-06,4.76E-06,4.74E-06,4.74E-06,5.06E-06,5.06E-06,5.40E-06,5.40E-06,5.53E-05,5.53E-05,5.51E-06,5.51E-06,3.13E-06,3.13E-06,3.20E-06,3.20E-06,3.08E-06,3.08E-06,2.87E-06,2.87E-06,2.87E-06,3.09E-06,3.09E-06,3.03E-06,3.03E-06,3.46E-06,3.46E-06,3.53E-06,3.53E-06,5.75E-05,5.75E-05,5.30E-06,5.30E-06,2.78E-06,2.78E-06,2.60E-06,2.60E-06,2.34E-06,2.34E-06,3.20E-06,3.20E-06,3.08E-06,3.08E-06,2.77E-06,2.77E-06,2.77E-06,2.75E-06,2.75E-06,2.96E-06,2.96E-06,2.95E-05,2.95E-05,3.63E-06,3.63E-06,4.25E-06,4.25E-06,3.90E-06,3.90E-06,3.00E-06,3.00E-06,3.48E-06,3.48E-06,5.14E-06,5.14E-06,5.51E-06,5.51E-06,4.19E-06,4.19E-06,3.86E-06,3.86E-06,3.86E-06,3.42E-05,3.42E-05,5.24E-06,5.24E-06,3.04E-06,3.04E-06,2.90E-06,2.90E-06,2.84E-06,2.84E-06,3.50E-06,3.50E-06,4.56E-06,4.56E-06,3.57E-06,3.57E-06,3.41E-06,3.41E-06,3.56E-06,3.56E-06,4.51E-05,4.51E-05,8.58E-06,8.58E-06,8.58E-06,4.44E-05,4.44E-05,7.82E-05,7.82E-05,2.92E-05,2.92E-05,1.24E-05,1.24E-05,6.06E-06,6.06E-06,4.39E-06,4.39E-06,3.55E-06,3.55E-06,3.61E-06,3.61E-06,3.86E-05,3.86E-05,5.57E-06,5.57E-06,2.98E-06,2.98E-06,2.71E-06,2.71E-06,2.71E-06,2.85E-06,2.85E-06,2.63E-06,2.63E-06,2.18E-06,2.18E-06,2.94E-06,2.94E-06,2.92E-06,2.92E-06,2.84E-06,2.84E-06,4.42E-05,4.42E-05,5.41E-06,5.41E-06,3.58E-06,3.58E-06,2.94E-06,2.94E-06,3.10E-06,3.10E-06,1
3.14E-06,3.14E-06,3.14E-06,2.94E-06,2.94E-06,4.57E-06,4.57E-06,3.74E-06,3.74E-06,3.86E-06,3.86E-06,4.04E-05,4.04E-05,4.59E-06,4.59E-06,3.37E-06,3.37E-06,3.28E-06,3.28E-06,3.41E-06,3.41E-06,3.35E-06,3.35E-06,3.30E-06,3.30E-06,3.04E-06,3.04E-06,3.04E-06,3.23E-06,3.23E-06,4.05E-06,4.05E-06,4.70E-05,4.70E-05,7.01E-06,7.01E-06,4.53E-06,4.53E-06,4.63E-06,4.63E-06,4.39E-06,4.39E-06,3.83E-06,3.83E-06,4.59E-06,4.59E-06,3.92E-06,3.92E-06,4.07E-06,4.07E-06,4.48E-06,4.48E-06,4.48E-06,5.05E-05,5.05E-05,4.94E-06,4.94E-06,3.22E-06,3.22E-06,2.76E-06,2.76E-06,2.44E-06,2.44E-06,2.36E-06,2.36E-06,2.45E-06,2.45E-06,2.44E-06,2.44E-06,2.39E-06,2.39E-06,2.33E-06,2.33E-06,3.42E-05,3.42E-05,3.87E-06,3.87E-06,3.87E-06,2.79E-06,2.79E-06,2.43E-06,2.43E-06,2.30E-06,2.30E-06,2.52E-06,2.52E-06,4.58E-06,4.58E-06,3.49E-06,3.49E-06,4.25E-06,4.25E-06,3.10E-06,3.10E-06,5.48E-05,5.48E-05,4.89E-06,4.89E-06,2.86E-06,2.86E-06,2.69E-06,2.69E-06,2.69E-06,2.29E-06,2.29E-06,2.41E-06,2.41E-06,3.76E-06,3.76E-06,2.53E-06,2.53E-06,2.62E-06,2.62E-06,5.31E-06,5.31E-06,3.17E-05,3.17E-05,3.89E-06,3.89E-06,3.19E-06,3.19E-06,2.05E-06,2.05E-06,1.97E-06,1.97E-06,1.97E-06,1.97E-06,1.97E-06,2.21E-06,2.21E-06,2.20E-06,2.20E-06,2.34E-06,2.34E-06,2.52E-06,2.52E-06,3.53E-05,3.53E-05,6.10E-06,6.10E-06,2.82E-06,2.82E-06,2.50E-06,2.50E-06,2.72E-06,2.72E-06,3.42E-06,3.42E-06,2.99E-06,2.99E-06,5.71E-06,5.71E-06,5.71E-06,3.13E-06,3.13E-06,2.83E-06,2.83E-06,8.59E-05,8.59E-05,6.05E-06,6.05E-06,2.94E-06,2.94E-06,2.45E-06,2.45E-06,1.88E-06,1.88E-06,1.96E-06,1.96E-06,2.05E-06,2.05E-06,2.17E-06,2.17E-06,0.001480041,0.001480041,0.7722604,0.7722604,0.7722604,0.013339034,0.013339034,2.74E-05,2.74E-05,7.53E-06,7.53E-06,5.18E-06,5.18E-06,3.40E-06,3.40E-06,4.75E-06,4.75E-06,4.95E-06,4.95E-06,4.19E-06,4.19E-06,4.99E-06,4.99E-06,5.76E-06,5.76E-06,5.77E-05,5.77E-05,6.38E-06,6.38E-06,6.38E-06,4.37E-06,4.37E-06,2.95E-06,2.95E-06,3.37E-06,3.37E-06,3.99E-06,3.99E-06,3.39E-06,3.39E-06,2.95E-06,2.95E-06,3.14E-06,3.14E-06,2.69E-06,2.69E-06,3.36E-05,3.36E-05,3.47E-06,3.47E-06,2.27E-06,2.27E-06,1
2.06E-06,2.06E-06,2.06E-06,1.93E-06,1.93E-06,1.69E-06,1.69E-06,1.45E-06,1.45E-06,1.24E-06,1.24E-06,1.11E-06,1.11E-06,1.29E-06,1.29E-06,3.08E-05,3.08E-05,2.62E-06,2.62E-06,2.24E-06,2.24E-06,1.89E-06,1.89E-06,1.16E-06,1.16E-06,1.14E-06,1.14E-06,1.14E-06,1.25E-06,1.25E-06,1.24E-06,1.24E-06,1.59E-06,1.59E-06,2.49E-06,2.49E-06,4.43E-05,4.43E-05,3.61E-06,3.61E-06,2.57E-06,2.57E-06,2.63E-06,2.63E-06,2.05E-06,2.05E-06,2.11E-06,2.11E-06,2.35E-06,2.35E-06,2.33E-06,2.33E-06,2.33E-06,2.17E-06,2.17E-06,1.75E-06,1.75E-06,3.70E-05,3.70E-05,3.58E-06,3.58E-06,2.14E-06,2.14E-06,2.15E-06,2.15E-06,1.77E-06,1.77E-06,1.95E-06,1.95E-06,2.08E-06,2.08E-06,2.24E-06,2.24E-06,2.78E-06,2.78E-06,3.63E-06,3.63E-06,3.63E-06,3.65E-05,3.65E-05,5.28E-06,5.28E-06,4.00E-06,4.00E-06,3.41E-06,3.41E-06,3.27E-06,3.27E-06,3.34E-06,3.34E-06,3.22E-06,3.22E-06,2.29E-06,2.29E-06,2.59E-06,2.59E-06,2.33E-06,2.33E-06,5.28E-05,5.28E-05,4.38E-06,4.38E-06,4.38E-06,3.04E-06,3.04E-06,2.60E-06,2.60E-06,2.31E-06,2.31E-06,2.17E-06,2.17E-06,2.45E-06,2.45E-06,2.69E-06,2.69E-06,2.57E-06,2.57E-06,2.94E-06,2.94E-06,5.04E-05,5.04E-05,5.61E-06,5.61E-06,3.59E-06,3.59E-06,3.21E-06,3.21E-06,3.21E-06,3.11E-06,3.11E-06,2.73E-06,2.73E-06,3.37E-06,3.37E-06,3.86E-06,3.86E-06,3.35E-06,3.35E-06,3.75E-06,3.75E-06,7.38E-05,7.38E-05,7.87E-06,7.87E-06,2.94E-06,2.94E-06,4.37E-06,4.37E-06,2.76E-06,2.76E-06,2.56E-06,2.56E-06,2.56E-06,3.57E-06,3.57E-06,2.33E-06,2.33E-06,3.36E-06,3.36E-06,2.64E-06,2.64E-06,9.35E-05,9.35E-05,0.3859229,0.3859229,0.9532107,0.9532107,0.001557033,0.001557033,3.81E-06,3.81E-06,1.62E-06,1.62E-06,1.42E-06,1.42E-06,1.41E-06,1.41E-06,1.41E-06,1.53E-06,1.53E-06,1.79E-06,1.79E-06,3.69E-05,3.69E-05,3.38E-06,3.38E-06,1.99E-06,1.99E-06,1.41E-06,1.41E-06,1.41E-06,1.41E-06,1.64E-06,1.64E-06,1.62E-06,1.62E-06,1.56E-06,1.56E-06,1.52E-06,1.52E-06,1.63E-06,1.63E-06,1.63E-06,3.58E-05,3.58E-05,3.69E-06,3.69E-06,1.80E-06,1.80E-06,1.97E-06,1.97E-06,1.54E-06,1.54E-06,1.45E-06,1.45E-06,1.52E-06,1.52E-06,1.59E-06,1.59E-06,1.62E-06,1.62E-06,1.59E-06,1.59E-06,3.20E-05,3.20E-05,1
3.24E-06,3.24E-06,3.24E-06,1.85E-06,1.85E-06,1.99E-06,1.99E-06,1.82E-06,1.82E-06,1.78E-06,1.78E-06,1.63E-06,1.63E-06,1.76E-06,1.76E-06,1.73E-06,1.73E-06,1.75E-06,1.75E-06,3.73E-05,3.73E-05,4.03E-06,4.03E-06,3.03E-06,3.03E-06,2.22E-06,2.22E-06,2.22E-06,2.15E-06,2.15E-06,2.67E-06,2.67E-06,2.55E-06,2.55E-06,2.42E-06,2.42E-06,2.29E-06,2.29E-06,2.54E-06,2.54E-06,3.42E-05,3.42E-05,3.13E-06,3.13E-06,2.37E-06,2.37E-06,2.01E-06,2.01E-06,2.18E-06,2.18E-06,1.94E-06,1.94E-06,1.94E-06,1.90E-06,1.90E-06,1.96E-06,1.96E-06,2.07E-06,2.07E-06,2.30E-06,2.30E-06,3.74E-05,3.74E-05,4.30E-06,4.30E-06,3.18E-06,3.18E-06,0.000134687,0.000134687,0.000171642,0.000171642,1.32E-05,1.32E-05,7.75E-06,7.75E-06,3.51E-06,3.51E-06,3.51E-06,6.61E-06,6.61E-06,4.45E-06,4.45E-06,4.16E-05,4.16E-05,4.96E-06,4.96E-06,3.04E-06,3.04E-06,2.80E-06,2.80E-06,2.48E-06,2.48E-06,3.20E-06,3.20E-06,2.40E-06,2.40E-06,2.74E-06,2.74E-06,2.39E-06,2.39E-06,2.66E-06,2.66E-06,2.66E-06,3.81E-05,3.81E-05,4.10E-06,4.10E-06,2.42E-06,2.42E-06,2.45E-06,2.45E-06,2.25E-06,2.25E-06,2.33E-06,2.33E-06,2.60E-06,2.60E-06,2.78E-06,2.78E-06,2.75E-06,2.75E-06,3.03E-06,3.03E-06,3.83E-05,3.83E-05,4.56E-06,4.56E-06,4.56E-06,3.41E-06,3.41E-06,2.62E-06,2.62E-06,2.20E-06,2.20E-06,2.18E-06,2.18E-06,2.28E-06,2.28E-06,2.50E-06,2.50E-06,2.59E-06,2.59E-06,2.62E-06,2.62E-06,3.90E-05,3.90E-05,3.53E-06,3.53E-06,2.13E-06,2.13E-06,2.05E-06,2.05E-06,2.05E-06,2.02E-06,2.02E-06,2.12E-06,2.12E-06,2.00E-06,2.00E-06,2.05E-06,2.05E-06,2.30E-06,2.30E-06,2.52E-06,2.52E-06,4.01E-05,4.01E-05,4.74E-06,4.74E-06,3.02E-06,3.02E-06,2.36E-06,2.36E-06,2.20E-06,2.20E-06,3.26E-06,3.26E-06,3.26E-06,2.55E-06,2.55E-06,2.35E-06,2.35E-06,2.46E-06,2.46E-06,2.36E-06,2.36E-06,3.40E-05,3.40E-05,3.78E-06,3.78E-06,2.27E-06,2.27E-06,2.20E-06,2.20E-06,1.91E-06,1.91E-06,2.21E-06,2.21E-06,1.90E-06,1.90E-06,2.22E-06,2.22E-06,2.22E-06,2.35E-06,2.35E-06,2.35E-06,2.35E-06,3.68E-05,3.68E-05,3.43E-06,3.43E-06,1.98E-06,1.98E-06,1.78E-06,1.78E-06,1.87E-06,1.87E-06,1.81E-06,1.81E-06,1.87E-06,1.87E-06,1.59E-06,1.59E-06,2.66E-06,2.66E-06,1
2.02E-06,2.02E-06,2.02E-06,3.00E-05,3.00E-05,3.34E-06,3.34E-06,2.11E-06,2.11E-06,1.88E-06,1.88E-06,1.77E-06,1.77E-06,1.84E-06,1.84E-06,1.90E-06,1.90E-06,2.07E-06,2.07E-06,1.98E-06,1.98E-06,2.17E-06,2.17E-06,3.75E-05,3.75E-05,3.59E-06,3.59E-06,3.59E-06,2.14E-06,2.14E-06,1.70E-06,1.70E-06,2.97E-06,2.97E-06,3.13E-06,3.13E-06,1.99E-06,1.99E-06,2.04E-06,2.04E-06,3.54E-06,3.54E-06,2.17E-06,2.17E-06,3.97E-05,3.97E-05,4.74E-06,4.74E-06,1.15E-05,1.15E-05,2.54E-05,2.54E-05,2.54E-05,8.14E-06,8.14E-06,5.46E-06,5.46E-06,3.16E-06,3.16E-06,2.54E-06,2.54E-06,2.37E-06,2.37E-06,2.94E-06,2.94E-06,3.16E-05,3.16E-05,3.16E-06,3.16E-06,1.96E-06,1.96E-06,1.84E-06,1.84E-06,1.80E-06,1.80E-06,1.84E-06,1.84E-06,1.84E-06,1.95E-06,1.95E-06,2.00E-06,2.00E-06,2.81E-06,2.81E-06,2.02E-06,2.02E-06,3.01E-05,3.01E-05,3.13E-06,3.13E-06,1.95E-06,1.95E-06,1.50E-06,1.50E-06,1.59E-06,1.59E-06,1.61E-06,1.61E-06,1.66E-06,1.66E-06,2.02E-06,2.02E-06,2.02E-06,2.04E-06,2.04E-06,1.97E-06,1.97E-06,3.75E-05,3.75E-05,3.28E-06,3.28E-06,1.92E-06,1.92E-06,1.85E-06,1.85E-06,1.76E-06,1.76E-06,1.71E-06,1.71E-06,1.96E-06,1.96E-06,1.96E-06,1.96E-06,2.10E-06,2.10E-06,2.02E-06,2.02E-06,2.02E-06,3.89E-05,3.89E-05,3.94E-06,3.94E-06,2.56E-06,2.56E-06,2.36E-06,2.36E-06,1.74E-06,1.74E-06,1.84E-06,1.84E-06,1.94E-06,1.94E-06,2.24E-06,2.24E-06,2.37E-06,2.37E-06,2.53E-06,2.53E-06,3.39E-05,3.39E-05,3.83E-06,3.83E-06,3.83E-06,2.81E-06,2.81E-06,2.20E-06,2.20E-06,2.15E-06,2.15E-06,2.23E-06,2.23E-06,2.14E-06,2.14E-06,2.41E-06,2.41E-06,2.36E-06,2.36E-06,2.46E-06,2.46E-06,3.90E-05,3.90E-05,4.45E-06,4.45E-06,2.95E-06,2.95E-06,2.76E-06,2.76E-06,2.76E-06,2.56E-06,2.56E-06,2.73E-06,2.73E-06,3.00E-06,3.00E-06,2.85E-06,2.85E-06,2.69E-06,2.69E-06,3.11E-06,3.11E-06,3.41E-05,3.41E-05,4.02E-06,4.02E-06,2.31E-06,2.31E-06,1.98E-06,1.98E-06,2.17E-06,2.17E-06,2.20E-06,2.20E-06,2.20E-06,4.42E-06,4.42E-06,2.29E-06,2.29E-06,2.01E-06,2.01E-06,1.88E-06,1.88E-06,3.75E-05,3.75E-05,3.31E-06,3.31E-06,2.01E-06,2.01E-06,4.16E-05,4.16E-05,9.97E-06,9.97E-06,5.41E-06,5.41E-06,2.19E-06,2.19E-06,1
2.44E-06,2.44E-06,2.44E-06,1.91E-06,1.91E-06,2.24E-06,2.24E-06,4.01E-05,4.01E-05,4.25E-06,4.25E-06,2.01E-06,2.01E-06,1.67E-06,1.67E-06,2.12E-06,2.12E-06,1.65E-06,1.65E-06,1.78E-06,1.78E-06,1.87E-06,1.87E-06,2.29E-06,2.29E-06,2.60E-06,2.60E-06,2.60E-06,3.68E-05,3.68E-05,4.45E-06,4.45E-06,2.89E-06,2.89E-06,2.79E-06,2.79E-06,2.67E-06,2.67E-06,3.08E-06,3.08E-06,2.78E-06,2.78E-06,2.34E-06,2.34E-06,2.22E-06,2.22E-06,2.21E-06,2.21E-06,3.56E-05,3.56E-05,3.75E-06,3.75E-06,3.75E-06,2.29E-06,2.29E-06,1.86E-06,1.86E-06,1.82E-06,1.82E-06,1.85E-06,1.85E-06,1.84E-06,1.84E-06,1.89E-06,1.89E-06,1.91E-06,1.91E-06,1.88E-06,1.88E-06,3.60E-05,3.60E-05,5.64E-06,5.64E-06,0.00012855,0.00012855,0.000175144,0.000175144,0.000175144,6.59E-06,6.59E-06,2.95E-06,2.95E-06,2.49E-06,2.49E-06,2.17E-06,2.17E-06,2.41E-06,2.41E-06,2.46E-06,2.46E-06,3.62E-05,3.62E-05,4.34E-06,4.34E-06,2.37E-06,2.37E-06,2.14E-06,2.14E-06,1.97E-06,1.97E-06,1.95E-06,1.95E-06,1.95E-06,2.09E-06,2.09E-06,2.01E-06,2.01E-06,1.86E-06,1.86E-06,2.06E-06,2.06E-06,3.61E-05,3.61E-05,4.07E-06,4.07E-06,3.05E-06,3.05E-06,2.29E-06,2.29E-06,2.36E-06,2.36E-06,2.16E-06,2.16E-06,2.36E-06,2.36E-06,2.41E-06,2.41E-06,2.41E-06,2.28E-06,2.28E-06,2.43E-06,2.43E-06,3.92E-05,3.92E-05,4.61E-06,4.61E-06,3.13E-06,3.13E-06,3.10E-06,3.10E-06,2.84E-06,2.84E-06,2.49E-06,2.49E-06,2.11E-06,2.11E-06,2.42E-06,2.42E-06,2.41E-06,2.41E-06,2.19E-06,2.19E-06,2.19E-06,3.86E-05,3.86E-05,3.87E-06,3.87E-06,2.67E-06,2.67E-06,2.31E-06,2.31E-06,2.35E-06,2.35E-06,1.89E-06,1.89E-06,1.88E-06,1.88E-06,2.28E-06,2.28E-06,1.96E-06,1.96E-06,1.98E-06,1.98E-06,3.84E-05,3.84E-05,3.71E-06,3.71E-06,3.71E-06,2.36E-06,2.36E-06,2.59E-06,2.59E-06,2.16E-06,2.16E-06,2.38E-06,2.38E-06,2.44E-06,2.44E-06,2.27E-06,2.27E-06,2.16E-06,2.16E-06,2.26E-06,2.26E-06,3.61E-05,3.61E-05,4.06E-06,4.06E-06,2.63E-06,2.63E-06,2.54E-06,2.54E-06,2.54E-06,2.47E-06,2.47E-06,2.61E-06,2.61E-06,2.38E-06,2.38E-06,2.51E-06,2.51E-06,2.48E-06,2.48E-06,1.94E-06,1.94E-06,3.21E-05,3.21E-05,4.58E-06,4.58E-06,2.74E-06,2.74E-06,2.61E-06,2.61E-06,2.39E-06,2.39E-06,1
3.25E-06,3.25E-06,6.02E-06,6.02E-06,1.87E-06,1.87E-06,1.20E-06,1.20E-06,1.55E-06,1.55E-06,1.90E-06,1.90E-06,1.35E-06,1.35E-06,2.52E-06,2.52E-06,8.87E-07,8.87E-07,1.65E-05,1.65E-05,2.95E-06,2.95E-06,1.78E-06,1.78E-06,2.00E-06,2.00E-06,1.06E-06,1.06E-06,9.97E-07,9.97E-07,7.29E-07,7.29E-07,6.44E-07,6.44E-07,5.58E-07,5.58E-07,6.04E-07,6.04E-07,1.44E-05,1.44E-05,1.43E-06,1.43E-06,2.61E-06,2.61E-06,1.22E-06,1.22E-06,1.33E-06,1.33E-06,1.39E-06,1.39E-06,2.23E-06,2.23E-06,2.75E-06,2.75E-06,4.38E-06,4.38E-06,1.98E-06,1.98E-06,4.83E-05,4.83E-05,9.10E-06,9.10E-06,3.47E-06,3.47E-06,2.53E-06,2.53E-06,4.81E-06,4.81E-06,5.28E-06,5.28E-06,8.20E-06,8.20E-06,7.54E-06,7.54E-06,5.11E-06,5.11E-06,0.1598853,0.1598853,0.009849601,0.009849601,0.000243319,0.000243319,0.000226458,0.000226458,5.39E-06,5.39E-06,2.56E-06,2.56E-06,9.93E-07,9.93E-07,1.67E-06,1.67E-06,9.15E-07,9.15E-07,6.41E-07,6.41E-07,1.32E-06,1.32E-06,4.07E-05,4.07E-05,3.40E-06,3.40E-06,3.21E-06,3.21E-06,1.49E-06,1.49E-06,1.91E-06,1.91E-06,0.09166002,0.09166002,0.000618933,0.000618933,0.00035012,0.00035012,1.67E-05,1.67E-05,1.04E-05,1.04E-05,4.03E-05,4.03E-05,4.59E-06,4.59E-06,3.94E-06,3.94E-06,3.07E-06,3.07E-06,2.93E-06,2.93E-06,1.60E-06,1.60E-06,1.12E-06,1.12E-06,1.50E-06,1.50E-06,1.27E-06,1.27E-06,1.51E-06,1.51E-06,2.02E-05,2.02E-05,2.49E-06,2.49E-06,1.85E-06,1.85E-06,1.40E-06,1.40E-06,1.46E-06,1.46E-06,2.63E-06,2.63E-06,1.97E-06,1.97E-06,1.42E-06,1.42E-06,1.51E-06,1.51E-06,0.5505597,0.5505597,0.017377766,0.017377766,0.004514289,0.004514289,2.07E-05,2.07E-05,4.03E-06,4.03E-06,2.58E-06,2.58E-06,5.41E-06,5.41E-06,3.28E-06,3.28E-06,7.69E-06,7.69E-06,3.46E-06,3.46E-06,2.44E-06,2.44E-06,3.60E-05,3.60E-05,2.89E-06,2.89E-06,6.71E-06,6.71E-06,2.49E-06,2.49E-06,1.09E-05,1.09E-05,5.69E-06,5.69E-06,7.24E-06,7.24E-06,0.06634226,0.06634226,0.124451436,0.124451436,0.006950987,0.006950987,0.000145999,0.000145999,5.13E-05,5.13E-05,3.67E-06,3.67E-06,4.83E-06,4.83E-06,3.03E-06,3.03E-06,7.71E-06,7.71E-06,3.51E-06,3.51E-06,3.18E-06,3.18E-06,4.34E-06,4.34E-06,6.08E-06,6.08E-06,4.06E-05,4.06E-05,5.04E-06,5.04E-06,1.86E-06,1.86E-06,1.50E-06,1
1.50E-06,1.52E-06,1.52E-06,2.69E-06,2.69E-06,1.77E-06,1.77E-06,1.13E-06,1.13E-06,1.76E-06,1.76E-06,1.19E-06,1.19E-06,2.68E-05,2.68E-05,5.43E-06,5.43E-06,4.50E-06,4.50E-06,1.71E-06,1.71E-06,2.05E-06,2.05E-06,3.12E-06,3.12E-06,1.25E-06,1.25E-06,1.43E-06,1.43E-06,1.45E-06,1.45E-06,1.67E-06,1.67E-06,3.15E-05,3.15E-05,5.14E-06,5.14E-06,2.52E-06,2.52E-06,1.27E-06,1.27E-06,1.69E-06,1.69E-06,2.76E-06,2.76E-06,2.41E-06,2.41E-06,1.20E-06,1.20E-06,2.21E-06,2.21E-06,0.8760623,0.8760623,0.000661393,0.000661393,0.000190063,0.000190063,2.68E-06,2.68E-06,1.52E-06,1.52E-06,1.07E-06,1.07E-06,7.52E-07,7.52E-07,5.83E-07,5.83E-07,6.00E-07,6.00E-07,5.48E-07,5.48E-07,5.26E-07,5.26E-07,9.53E-06,9.53E-06,1.34E-06,1.34E-06,6.59E-07,6.59E-07,9.02E-07,9.02E-07,1.02E-06,1.02E-06,8.03E-07,8.03E-07,1.11E-06,1.11E-06,2.01E-06,2.01E-06,9.26E-07,9.26E-07,1.91E-06,1.91E-06,2.16E-05,2.16E-05,2.05E-06,2.05E-06,5.61E-05,5.61E-05,0.9489709,0.9489709,0.002342069,0.002342069,0.00029909,0.00029909,2.04E-05,2.04E-05,1.84E-06,1.84E-06,2.38E-06,2.38E-06,1.43E-06,1.43E-06,3.56E-05,3.56E-05,7.11E-06,7.11E-06,3.34E-06,3.34E-06,2.03E-06,2.03E-06,1.46E-06,1.46E-06,3.04E-06,3.04E-06,2.10E-06,2.10E-06,1.87E-06,1.87E-06,1.27E-06,1.27E-06,7.58E-07,7.58E-07,2.22E-05,2.22E-05,4.18E-06,4.18E-06,3.24E-06,3.24E-06,2.02E-06,2.02E-06,3.49E-06,3.49E-06,3.89E-06,3.89E-06,5.07E-06,5.07E-06,1.88E-05,1.88E-05,4.25E-06,4.25E-06,5.08E-06,5.08E-06,8.88E-05,8.88E-05,6.29E-06,6.29E-06,5.81E-06,5.81E-06,3.12E-06,3.12E-06,1.69E-06,1.69E-06,2.41E-06,2.41E-06,1.64E-06,1.64E-06,1.61E-06,1.61E-06,2.01E-06,2.01E-06,1.62E-06,1.62E-06,1.59E-05,1.59E-05,1.97E-06,1.97E-06,1.80E-06,1.80E-06,1.03E-06,1.03E-06,8.87E-07,8.87E-07,1.45E-06,1.45E-06,1.09E-06,1.09E-06,1.71E-06,1.71E-06,1.26E-06,1.26E-06,1.15E-06,1.15E-06,2.21E-05,2.21E-05,2.94E-06,2.94E-06,1.78E-06,1.78E-06,1.36E-06,1.36E-06,1.91E-06,1.91E-06,1.93E-06,1.93E-06,2.05E-06,2.05E-06,2.18E-06,2.18E-06,1.00E-06,1.00E-06,9.62E-07,9.62E-07,2.05E-05,2.05E-05,2.94E-06,2.94E-06,1.01E-05,1.01E-05,0.9865165,0.9865165,0.76878965,0.76878965,1.06E-05,1.06E-05,1
1.32E-06,1.32E-06,4.88E-07,4.88E-07,5.39E-07,5.39E-07,6.63E-07,6.63E-07,1.34E-05,1.34E-05,2.59E-06,2.59E-06,1.04E-06,1.04E-06,1.59E-06,1.59E-06,8.49E-07,8.49E-07,6.46E-07,6.46E-07,1.24E-06,1.24E-06,9.96E-07,9.96E-07,1.25E-06,1.25E-06,1.64E-06,1.64E-06,3.19E-05,3.19E-05,3.83E-06,3.83E-06,7.68E-06,7.68E-06,2.76E-06,2.76E-06,3.94E-06,3.94E-06,5.53E-06,5.53E-06,2.14E-06,2.14E-06,1.59E-06,1.59E-06,1.27E-06,1.27E-06,1.70E-06,1.70E-06,3.51E-05,3.51E-05,0.7480487,0.7480487,0.9947307,0.9947307,0.3161617,0.3161617,0.5634705,0.5634705,0.003645516,0.003645516,7.31E-05,7.31E-05,6.86E-06,6.86E-06,1.79E-06,1.79E-06,1.52E-06,1.52E-06,4.97E-05,4.97E-05,2.24E-05,2.24E-05,3.05E-06,3.05E-06,4.53E-06,4.53E-06,4.35E-06,4.35E-06,2.89E-06,2.89E-06,2.69E-06,2.69E-06,1.35E-06,1.35E-06,1.59E-06,1.59E-06,2.14E-06,2.14E-06,3.06E-05,3.06E-05,3.43E-06,3.43E-06,1.39E-06,1.39E-06,1.40E-06,1.40E-06,1.41E-06,1.41E-06,1.19E-05,1.19E-05,0.21165381,0.21165381,0.7716812,0.7716812,7.27E-06,7.27E-06,2.51E-06,2.51E-06,5.32E-05,5.32E-05,3.61E-06,3.61E-06,2.29E-06,2.29E-06,1.57E-06,1.57E-06,1.70E-06,1.70E-06,2.57E-06,2.57E-06,1.62E-06,1.62E-06,1.24E-06,1.24E-06,1.66E-06,1.66E-06,1.42E-06,1.42E-06,2.52E-05,2.52E-05,3.27E-06,3.27E-06,1.70E-06,1.70E-06,9.72E-07,9.72E-07,6.30E-07,6.30E-07,8.36E-07,8.36E-07,7.68E-07,7.68E-07,7.31E-06,7.31E-06,1.88E-06,1.88E-06,1.27E-06,1.27E-06,2.72E-05,2.72E-05,1.16E-05,1.16E-05,4.48E-06,4.48E-06,5.52E-05,5.52E-05,0.002321318,0.002321318,0.002932556,0.002932556,0.000550248,0.000550248,0.00013631,0.00013631,0.000114171,0.000114171,3.87E-05,3.87E-05,0.000688698,0.000688698,0.000204044,0.000204044,0.000207413,0.000207413,3.42E-05,3.42E-05,2.64E-05,2.64E-05,3.49E-06,3.49E-06,1.48E-06,1.48E-06,1.35E-06,1.35E-06,1.01E-06,1.01E-06,7.92E-07,7.92E-07,2.83E-05,2.83E-05,3.39E-06,3.39E-06,4.73E-06,4.73E-06,2.70E-06,2.70E-06,1.64E-06,1.64E-06,1.58E-06,1.58E-06,1.40E-06,1.40E-06,1.17E-06,1.17E-06,1.78E-06,1.78E-06,3.36E-06,3.36E-06,0.6467792,0.6467792,0.004312165,0.004312165,3.81E-06,3.81E-06,1.82E-06,1.82E-06,1.09E-06,1.09E-06,8.84E-07,8.84E-07,1.01E-06,1.01E-06,1.25E-06,1.25E-06,1.22E-06,1
1.21E-05,1.21E-05,7.62E-06,7.62E-06,1.51E-05,1.51E-05,1.20E-05,1.20E-05,6.02E-06,6.02E-06,7.90E-06,7.90E-06,4.76E-06,4.76E-06,3.87E-06,3.87E-06,6.43E-06,6.43E-06,5.74E-05,5.74E-05,8.61E-06,8.61E-06,2.78E-05,2.78E-05,2.74E-05,2.74E-05,1.87E-05,1.87E-05,2.89E-05,2.89E-05,9.07E-06,9.07E-06,5.29E-06,5.29E-06,4.92E-06,4.92E-06,3.73E-06,3.73E-06,6.45E-05,6.45E-05,4.97E-06,4.97E-06,1.28E-05,1.28E-05,7.63E-06,7.63E-06,6.62E-06,6.62E-06,4.49E-06,4.49E-06,3.60E-06,3.60E-06,2.91E-06,2.91E-06,3.45E-06,3.45E-06,8.96E-06,8.96E-06,5.73E-05,5.73E-05,6.39E-06,6.39E-06,5.30E-06,5.30E-06,1.98E-05,1.98E-05,4.90E-06,4.90E-06,2.98E-05,2.98E-05,2.03E-05,2.03E-05,1.53E-05,1.53E-05,2.32E-05,2.32E-05,1.12E-05,1.12E-05,7.26E-05,7.26E-05,1.37E-05,1.37E-05,1.88E-05,1.88E-05,1.30E-05,1.30E-05,1.48E-05,1.48E-05,1.12E-05,1.12E-05,9.19E-06,9.19E-06,2.32E-05,2.32E-05,9.40E-06,9.40E-06,6.31E-06,6.31E-06,5.01E-05,5.01E-05,8.29E-06,8.29E-06,7.13E-06,7.13E-06,5.98E-06,5.98E-06,9.43E-06,9.43E-06,9.23E-06,9.23E-06,7.06E-06,7.06E-06,3.37E-06,3.37E-06,5.94E-06,5.94E-06,7.36E-06,7.36E-06,6.39E-05,6.39E-05,6.75E-06,6.75E-06,6.71E-06,6.71E-06,7.74E-06,7.74E-06,3.16E-06,3.16E-06,5.50E-06,5.50E-06,7.02E-06,7.02E-06,7.10E-06,7.10E-06,3.96E-06,3.96E-06,9.64E-06,9.64E-06,6.08E-05,6.08E-05,8.54E-06,8.54E-06,8.48E-06,8.48E-06,6.79E-06,6.79E-06,1.05E-05,1.05E-05,4.24E-06,4.24E-06,6.71E-06,6.71E-06,6.93E-06,6.93E-06,8.47E-06,8.47E-06,7.15E-06,7.15E-06,6.70E-05,6.70E-05,2.04E-05,2.04E-05,7.09E-06,7.09E-06,1.12E-05,1.12E-05,9.18E-06,9.18E-06,8.79E-06,8.79E-06,7.93E-06,7.93E-06,4.49E-06,4.49E-06,4.16E-06,4.16E-06,5.68E-06,5.68E-06,6.00E-05,6.00E-05,7.16E-06,7.16E-06,4.99E-06,4.99E-06,2.99E-06,2.99E-06,3.89E-06,3.89E-06,5.22E-06,5.22E-06,3.20E-06,3.20E-06,2.58E-06,2.58E-06,2.47E-06,2.47E-06,1.71E-06,1.71E-06,2.95E-05,2.95E-05,7.27E-06,7.27E-06,4.90E-06,4.90E-06,2.94E-06,2.94E-06,4.37E-06,4.37E-06,4.16E-06,4.16E-06,0.05001706,0.05001706,0.98649234,0.98649234,0.95951796,0.95951796,0.023894157,0.023894157,0.003443213,0.003443213,5.70E-05,5.70E-05,3.93E-05,3.93E-05,8.65E-06,1
8.65E-06,9.45E-06,9.45E-06,6.16E-06,6.16E-06,1.68E-06,1.68E-06,2.99E-06,2.99E-06,2.33E-06,2.33E-06,6.61E-06,6.61E-06,3.13E-05,3.13E-05,5.37E-06,5.37E-06,3.29E-06,3.29E-06,3.78E-06,3.78E-06,1.83E-06,1.83E-06,1.96E-06,1.96E-06,3.47E-06,3.47E-06,1.86E-06,1.86E-06,1.40E-06,1.40E-06,1.84E-06,1.84E-06,4.43E-05,4.43E-05,1.94E-06,1.94E-06,1.01E-06,1.01E-06,2.19E-06,2.19E-06,2.02E-06,2.02E-06,3.46E-06,3.46E-06,5.63E-06,5.63E-06,6.22E-06,6.22E-06,1.24E-06,1.24E-06,5.68E-06,5.68E-06,0.1460342,0.1460342,0.915567,0.915567,0.77522415,0.77522415,0.006161206,0.006161206,0.000248446,0.000248446,3.39E-05,3.39E-05,6.00E-06,6.00E-06,1.45E-06,1.45E-06,4.57E-06,4.57E-06,5.65E-06,5.65E-06,4.16E-05,4.16E-05,4.99E-06,4.99E-06,5.64E-06,5.64E-06,6.65E-06,6.65E-06,7.46E-06,7.46E-06,7.27E-06,7.27E-06,1.08E-05,1.08E-05,1.36E-05,1.36E-05,9.14E-06,9.14E-06,1.08E-05,1.08E-05,5.29E-05,5.29E-05,7.78E-06,7.78E-06,8.13E-06,8.13E-06,4.33E-06,4.33E-06,3.20E-06,3.20E-06,4.47E-06,4.47E-06,9.26E-06,9.26E-06,1.11E-05,1.11E-05,1.16E-05,1.16E-05,6.93E-06,6.93E-06,4.61E-05,4.61E-05,5.90E-06,5.90E-06,4.41E-06,4.41E-06,2.24E-06,2.24E-06,2.33E-06,2.33E-06,3.00E-06,3.00E-06,3.29E-06,3.29E-06,2.85E-06,2.85E-06,2.59E-06,2.59E-06,1.80E-06,1.80E-06,0.002361483,0.002361483,0.98382497,0.98382497,0.8810839,0.8810839,0.835845,0.835845,0.001505397,0.001505397,8.07E-05,8.07E-05,2.09E-05,2.09E-05,7.09E-06,7.09E-06,3.75E-06,3.75E-06,7.59E-06,7.59E-06,5.92E-05,5.92E-05,1.30E-05,1.30E-05,1.92E-05,1.92E-05,1.93E-05,1.93E-05,2.03E-05,2.03E-05,1.57E-05,1.57E-05,1.62E-05,1.62E-05,1.55E-05,1.55E-05,1.16E-05,1.16E-05,1.20E-05,1.20E-05,6.38E-05,6.38E-05,1.40E-05,1.40E-05,1.77E-05,1.77E-05,1.50E-05,1.50E-05,5.00E-06,5.00E-06,4.70E-06,4.70E-06,6.53E-06,6.53E-06,7.89E-06,7.89E-06,1.43E-05,1.43E-05,4.26E-06,4.26E-06,5.16E-05,5.16E-05,8.84E-06,8.84E-06,1.04E-05,1.04E-05,6.67E-06,6.67E-06,6.71E-06,6.71E-06,5.80E-06,5.80E-06,1.07E-05,1.07E-05,1.45E-05,1.45E-05,1.48E-05,1.48E-05,1.02E-05,1.02E-05,4.40E-05,4.40E-05,7.99E-06,7.99E-06,8.76E-06,8.76E-06,8.32E-06,8.32E-06,2.55E-05,2.55E-05,1.09E-05,1.09E-05,1
0.031966653,0.031966653,0.9967456,0.9967456,0.9745316,0.9745316,0.9743688,0.9743688,0.8841141,0.8841141,0.001212827,0.001212827,5.45E-05,5.45E-05,4.90E-05,4.90E-05,7.74E-05,7.74E-05,8.24E-05,8.24E-05,7.88E-05,7.88E-05,3.28E-05,3.28E-05,1.78E-05,1.78E-05,2.66E-06,2.66E-06,2.84E-05,2.84E-05,3.02E-06,3.02E-06,9.79E-07,9.79E-07,1.59E-06,1.59E-06,1.48E-06,1.48E-06,3.22E-06,3.22E-06,1.25E-06,1.25E-06,2.00E-06,2.00E-06,2.10E-06,2.10E-06,3.20E-06,3.20E-06,2.73E-05,2.73E-05,3.20E-06,3.20E-06,2.80E-06,2.80E-06,2.57E-06,2.57E-06,1.92E-06,1.92E-06,1.03E-06,1.03E-06,1.82E-06,1.82E-06,1.69E-06,1.69E-06,1.98E-06,1.98E-06,1.02E-06,1.02E-06,2.50E-05,2.50E-05,5.08E-06,5.08E-06,3.33E-06,3.33E-06,4.19E-06,4.19E-06,3.03E-06,3.03E-06,3.59E-06,3.59E-06,3.84E-06,3.84E-06,5.34E-06,5.34E-06,5.45E-06,5.45E-06,4.24E-06,4.24E-06,3.46E-05,3.46E-05,6.43E-06,6.43E-06,2.85E-06,2.85E-06,3.84E-06,3.84E-06,2.64E-06,2.64E-06,7.00E-06,7.00E-06,0.08820347,0.08820347,0.9842374,0.9842374,0.69303715,0.69303715,0.005640847,0.005640847,0.005037903,0.005037903,0.000172891,0.000172891,0.000258272,0.000258272,4.65E-05,4.65E-05,2.03E-05,2.03E-05,0.000119837,0.000119837,6.05E-05,6.05E-05,3.13E-05,3.13E-05,8.48E-06,8.48E-06,9.52E-06,9.52E-06,8.43E-05,8.43E-05,7.14E-06,7.14E-06,5.83E-06,5.83E-06,1.20E-05,1.20E-05,8.37E-06,8.37E-06,2.32E-06,2.32E-06,2.30E-06,2.30E-06,2.85E-06,2.85E-06,1.64E-06,1.64E-06,2.53E-06,2.53E-06,2.35E-05,2.35E-05,2.37E-06,2.37E-06,1.69E-06,1.69E-06,2.07E-06,2.07E-06,3.29E-06,3.29E-06,2.44E-06,2.44E-06,3.44E-06,3.44E-06,2.74E-06,2.74E-06,2.01E-06,2.01E-06,2.17E-06,2.17E-06,9.11E-05,9.11E-05,9.83E-06,9.83E-06,2.31E-06,2.31E-06,4.73E-06,4.73E-06,7.37E-06,7.37E-06,3.54E-06,3.54E-06,2.77E-06,2.77E-06,1.17E-05,1.17E-05,2.26E-06,2.26E-06,6.33E-06,6.33E-06,3.57E-05,3.57E-05,8.80E-06,8.80E-06,0.000938541,0.000938541,0.99408543,0.99408543,0.8037881,0.8037881,0.8608382,0.8608382,0.001751591,0.001751591,0.000287134,0.000287134,6.28E-05,6.28E-05,2.86E-05,2.86E-05,0.000132032,0.000132032,1.21E-05,1.21E-05,1.19E-05,1.19E-05,4.28E-06,4.28E-06,9.32E-06,9.32E-06,6.32E-06,6.32E-06,4.60E-06,4.60E-06,3.11E-06,3.11E-06,2.04E-06,1
5.89E-06,5.89E-06,2.02E-06,2.02E-06,1.24E-06,1.59E-06,1.59E-06,1.25E-06,1.25E-06,1.54E-06,0.007814961,0.007814961,0.25736043,0.25736043,0.67599195,0.9627312,0.9627312,0.93235636,0.93235636,0.5992458,0.6888654,0.6888654,0.66830206,0.66830206,0.74807006,0.01976028,0.01976028,2.07E-05,2.07E-05,3.01E-06,1.12E-06,1.12E-06,4.13E-05,4.13E-05,3.58E-06,2.52E-06,2.52E-06,1.44E-06,1.44E-06,1.45E-06,1.32E-06,1.32E-06,0.6701479,0.6701479,0.98537815,0.1348869,0.1348869,2.87E-05,2.87E-05,0.00012636,6.67E-06,6.67E-06,1.57E-06,1.57E-06,1.22E-06,9.99E-07,9.99E-07,9.13E-07,9.13E-07,1.08E-06,9.79E-07,9.79E-07,8.44E-07,8.44E-07,8.47E-07,2.07E-05,2.07E-05,2.69E-06,2.69E-06,1.64E-06,1.27E-06,1.27E-06,1.30E-06,1.30E-06,1.41E-06,1.69E-06,1.69E-06,0.00015703,0.00015703,0.6316892,0.002259766,0.002259766,0.000149636,0.000149636,9.82E-06,2.86E-06,2.86E-06,2.05E-06,2.05E-06,1.62E-06,1.13E-06,1.13E-06,1.19E-06,1.19E-06,0.00019275,0.114658095,0.114658095,0.001482433,0.001482433,0.000605697,2.68E-05,2.68E-05,1.17E-05,1.17E-05,4.69E-05,0.84147555,0.84147555,0.000240093,0.000240093,4.43E-05,7.73E-06,7.73E-06,1.61E-06,1.61E-06,1.16E-06,2.57E-05,2.57E-05,2.40E-06,2.40E-06,1.50E-06,9.02E-07,9.02E-07,1.23E-06,1.23E-06,9.24E-07,7.90E-07,7.90E-07,6.89E-07,6.89E-07,6.02E-07,4.72E-07,4.72E-07,1.50E-05,1.50E-05,1.16E-06,6.44E-07,6.44E-07,6.79E-07,6.79E-07,6.90E-07,7.82E-07,7.82E-07,0.041314412,0.041314412,0.73739016,0.000167681,0.000167681,1.22E-06,1.22E-06,1.84E-05,1.52E-06,1.52E-06,8.27E-07,8.27E-07,6.96E-07,7.74E-07,7.74E-07,8.48E-07,8.48E-07,7.97E-07,9.49E-07,9.49E-07,8.90E-07,8.90E-07,8.25E-07,1.71E-05,1.71E-05,0.09408351,0.09408351,0.171987,0.49959987,0.49959987,2.40E-05,2.40E-05,2.60E-06,1.63E-06,1.63E-06,1.04E-06,1.04E-06,1.05E-06,9.61E-07,9.61E-07,2.18E-05,2.18E-05,2.48E-06,1.16E-06,1.16E-06,1.32E-06,1.32E-06,0.000128783,0.8484736,0.8484736,0.00012332,0.00012332,2.63E-05,1.37E-06,1.37E-06,9.62E-07,9.62E-07,2.59E-05,3.00E-06,3.00E-06,1.22E-06,1.22E-06,9.26E-07,7.22E-07,7.22E-07,5.08E-07,5.08E-07,6.08E-07,5.09E-07,5.09E-07,6.35E-07,6.35E-07,5.84E-07,2.03E-05,2.03E-05,2.06E-06,2.06E-06,9.70E-07,1.08E-06,1.08E-06,8.27E-07,8.27E-07,7.99E-07,1
6.61E-07,6.61E-07,0.000636414,0.000636414,0.318812,0.001677894,0.001677894,3.09E-05,3.09E-05,2.42E-06,1.26E-06,1.26E-06,1.40E-06,1.40E-06,1.11E-06,1.30E-06,1.30E-06,1.04E-06,1.04E-06,8.03E-07,7.97E-07,7.97E-07,8.04E-07,8.04E-07,1.85E-05,1.49E-06,1.49E-06,8.65E-07,8.65E-07,7.53E-07,7.31E-07,7.31E-07,6.41E-07,6.41E-07,6.73E-07,7.16E-07,7.16E-07,5.08E-07,5.08E-07,4.75E-07,1.73E-05,1.73E-05,0.08329367,0.08329367,0.38608325,0.49554953,0.49554953,6.86E-05,6.86E-05,1.67E-06,1.67E-06,1.67E-06,6.90E-07,6.90E-07,5.83E-07,5.12E-07,5.12E-07,2.55E-05,2.55E-05,3.32E-06,1.48E-06,1.48E-06,1.05E-06,1.05E-06,1.12E-06,8.30E-07,8.30E-07,2.60E-06,2.60E-06,0.03869647,0.46109563,0.46109563,0.5007378,0.5007378,0.48472053,0.24029425,0.24029425,0.40318185,0.40318185,0.96705765,0.93929756,0.93929756,0.9630788,0.9630788,0.99648607,0.99415034,0.99415034,0.9883775,0.9883775,0.9953491,0.99767965,0.99767965,0.9980027,0.9980027,0.92605734,0.97943133,0.97943133,0.9159598,0.9159598,0.9165238,0.9412617,0.9412617,0.72616726,0.72616726,0.932136,0.5003752,0.5003752,0.9587647,0.9587647,0.98208123,0.9777033,0.9777033,0.95758724,0.95758724,0.9183894,0.8597409,0.8597409,0.92584187,0.92584187,0.9412146,0.8436673,0.8436673,0.8493423,0.8493423,0.971306,0.98082787,0.98082787,0.9490888,0.9490888,0.9343511,0.696396,0.696396,0.6242374,0.6242374,0.8643512,0.61817974,0.61817974,0.7853695,0.7853695,0.50872946,0.94153637,0.94153637,0.9481426,0.9481426,0.9450335,0.86185986,0.86185986,0.92505044,0.92505044,0.95740616,0.924665,0.924665,0.8862402,0.8862402,0.8244217,0.7605308,0.7605308,0.9733426,0.9733426,0.96660787,0.88211244,0.88211244,0.8079528,0.8079528,0.90901387,0.7807781,0.7807781,0.696955,0.696955,0.75708586,0.79313433,0.79313433,0.8041265,0.8041265,0.96055585,0.96574825,0.96574825,0.8915218,0.8915218,0.84874964,0.5512669,0.5512669,0.98056245,0.98056245,0.98179734,0.9201807,0.9201807,0.24886791,0.24886791,4.42E-06,9.59E-05,9.59E-05,3.38E-06,3.38E-06,1.57E-06,8.28E-07,8.28E-07,7.62E-07,7.62E-07,5.98E-07,5.14E-07,5.14E-07,4.61E-07,4.61E-07,4.25E-07,3.82E-07,3.82E-07,1.34E-05,1.34E-05,1.36E-06,7.10E-07,7.10E-07,6.55E-07,6.55E-07,6.52E-07,6.80E-07,6.80E-07,7.62E-07,7.62E-07,6.74E-07,6.21E-07,6.21E-07,6.50E-07,6.50E-07,1.51E-05,1
1.69E-06,1.69E-06,1.07E-06,1.07E-06,1.12E-06,1.04E-06,1.04E-06,9.71E-07,9.71E-07,9.41E-07,7.77E-07,7.77E-07,4.35E-06,4.35E-06,0.47946313,0.9190319,0.9190319,0.5515779,0.5515779,0.000102389,2.12E-05,2.12E-05,1.02E-05,1.02E-05,0.00098506,0.02439709,0.02439709,0.6280613,0.6280613,0.8858863,0.8172501,0.8172501,0.80989295,0.80989295,0.8686431,0.8384631,0.8384631,0.7471707,0.7471707,0.5748283,0.4587492,0.4587492,0.5602537,0.5602537,0.5901963,0.6797343,0.6797343,0.7684059,0.7684059,0.950914,0.94748074,0.94748074,0.874317,0.874317,0.8869548,0.8083528,0.8083528,0.7323525,0.7323525,0.76485866,0.7303923,0.7303923,0.7223784,0.7223784,0.7766928,0.98365813,0.98365813,0.986259,0.986259,0.9842742,0.9510384,0.9510384,0.45321012,0.45321012,4.23E-05,1.06E-06,1.06E-06,6.61E-07,6.61E-07,2.36E-07,2.65E-07,2.65E-07,2.25E-05,2.25E-05,1.73E-06,8.60E-07,8.60E-07,9.05E-07,9.05E-07,7.48E-07,7.63E-07,7.63E-07,1.94E-06,1.94E-06,3.40E-06,4.73E-05,4.73E-05,0.38328093,0.38328093,0.9779227,0.99187225,0.99187225,0.9262323,0.9262323,0.9752728,0.8327619,0.8327619,0.6768948,0.6768948,0.6877613,0.5569864,0.5569864,0.57166064,0.57166064,0.6717054,0.9694807,0.9694807,0.95157635,0.95157635,0.9183112,0.87786263,0.87786263,0.6803363,0.6803363,0.738624,0.58989775,0.58989775,0.24503604,0.24503604,0.4533782,0.4352416,0.4352416,0.9226473,0.9226473,0.9120611,0.9247701,0.9247701,0.4570584,0.4570584,0.709662,0.6121129,0.6121129,0.14962679,0.14962679,0.004546342,0.000163963,0.000163963,4.05E-06,4.05E-06,0.000288025,9.51E-05,9.51E-05,0.6321003,0.6321003,0.97438556,0.6783529,0.6783529,5.99E-06,5.99E-06,3.15E-07,2.91E-07,2.91E-07,3.39E-07,3.39E-07,3.62E-07,1.39E-05,1.39E-05,1.59E-06,1.59E-06,1.08E-06,9.96E-07,9.96E-07,7.82E-07,7.82E-07,7.75E-07,6.46E-07,6.46E-07,6.09E-07,6.09E-07,5.77E-07,5.86E-07,5.86E-07,1.18E-05,1.18E-05,1.27E-06,8.85E-07,8.85E-07,7.19E-07,7.19E-07,6.21E-07,5.63E-07,5.63E-07,4.44E-07,4.44E-07,4.70E-07,4.61E-07,4.61E-07,6.43E-07,6.43E-07,1.91E-05,2.58E-06,2.58E-06,1.46E-06,1.46E-06,4.84E-06,1.87E-05,1.87E-05,0.4923617,0.4923617,0.9944395,0.99777323,0.99777323,0.99505496,0.99505496,0.84518,0.95501584,0.95501584,0.9680806,0.9680806,0.9597587,0.9029288,0.9029288,0.9303792,0.9303792,0.76299417,1
2.23E-06,2.23E-06,1.11E-06,1.11E-06,9.72E-07,1.00E-06,1.00E-06,9.12E-07,9.12E-07,1.07E-06,9.84E-07,9.84E-07,1.18E-06,1.18E-06,1.28E-06,1.87E-05,1.87E-05,2.52E-06,2.52E-06,1.65E-06,1.28E-06,1.28E-06,1.19E-06,1.19E-06,1.03E-06,1.07E-06,1.07E-06,1.13E-06,1.13E-06,9.84E-07,9.36E-07,9.36E-07,1.66E-05,1.66E-05,3.01E-06,1.65E-06,1.65E-06,1.48E-06,1.48E-06,1.23E-06,1.07E-06,1.07E-06,1.51E-06,1.51E-06,1.30E-06,1.38E-06,1.38E-06,1.32E-06,1.32E-06,2.46E-05,3.29E-06,3.29E-06,1.83E-06,1.83E-06,1.65E-06,1.76E-06,1.76E-06,1.79E-06,1.79E-06,1.82E-06,2.03E-06,2.03E-06,2.31E-06,2.31E-06,2.61E-06,1.72E-05,1.72E-05,2.63E-06,2.63E-06,1.99E-06,1.93E-06,1.93E-06,2.45E-06,2.45E-06,2.48E-06,2.17E-06,2.17E-06,2.32E-06,2.32E-06,3.22E-06,1.91E-06,1.91E-06,1.74E-05,1.74E-05,1.96E-06,1.09E-06,1.09E-06,7.95E-07,7.95E-07,7.76E-07,7.91E-07,7.91E-07,5.74E-06,5.74E-06,0.88985217,0.84041405,0.84041405,0.29470754,0.29470754,0.45699573,3.54E-05,3.54E-05,3.86E-06,3.86E-06,2.59E-06,1.78E-06,1.78E-06,1.42E-06,1.42E-06,1.25E-06,9.76E-07,9.76E-07,9.73E-07,9.73E-07,9.17E-07,1.52E-05,1.52E-05,1.97E-06,1.97E-06,1.20E-06,9.68E-07,9.68E-07,1.23E-06,1.23E-06,9.86E-07,1.15E-06,1.15E-06,9.42E-07,9.42E-07,1.30E-06,9.42E-07,9.42E-07,1.58E-05,1.58E-05,3.17E-06,2.41E-06,2.41E-06,2.44E-06,2.44E-06,2.43E-06,2.54E-06,2.54E-06,2.36E-06,2.36E-06,2.51E-06,1.99E-06,1.99E-06,1.82E-06,1.82E-06,1.37E-05,2.18E-06,2.18E-06,1.64E-06,1.64E-06,1.35E-06,1.59E-06,1.59E-06,1.21E-06,1.21E-06,1.25E-06,1.14E-06,1.14E-06,1.39E-06,1.39E-06,1.48E-06,1.40E-05,1.40E-05,1.97E-06,1.97E-06,2.24E-06,0.005204601,0.005204601,0.99831104,0.99831104,0.049840044,0.011290194,0.011290194,2.17E-06,2.17E-06,1.64E-06,1.06E-06,1.06E-06,2.63E-05,2.63E-05,2.33E-06,1.45E-06,1.45E-06,1.50E-06,1.50E-06,1.56E-06,1.79E-06,1.79E-06,1.48E-06,1.48E-06,1.40E-06,1.68E-06,1.68E-06,1.75E-06,1.75E-06,2.15E-05,3.30E-06,3.30E-06,1.75E-06,1.75E-06,1.34E-06,8.44E-07,8.44E-07,1.24E-06,1.24E-06,1.08E-06,8.69E-07,8.69E-07,9.59E-07,9.59E-07,9.95E-07,2.04E-05,2.04E-05,3.02E-06,3.02E-06,1.74E-06,1.36E-06,1.36E-06,1.57E-06,1.57E-06,1.38E-06,1
7.69E-07,7.69E-07,1.28E-06,1.28E-06,1.46E-06,1.44E-06,1.44E-06,1.87E-05,1.87E-05,2.55E-06,1.77E-06,1.77E-06,1.67E-06,1.67E-06,1.44E-06,1.49E-06,1.49E-06,1.68E-06,1.68E-06,1.74E-06,6.22E-06,6.22E-06,9.64E-06,9.64E-06,0.9993142,0.99955016,0.99955016,0.997592,0.997592,0.000332909,1.29E-05,1.29E-05,6.23E-06,6.23E-06,7.32E-07,4.47E-07,4.47E-07,5.86E-07,5.86E-07,9.06E-07,0.02270928,0.02270928,0.002220992,0.002220992,0.62621725,0.014877012,0.014877012,1.18E-05,1.18E-05,5.12E-06,2.42E-06,2.42E-06,3.01E-06,3.01E-06,2.66E-06,3.04E-06,3.04E-06,2.78E-05,2.78E-05,5.24E-06,4.50E-06,4.50E-06,3.96E-06,3.96E-06,3.56E-06,4.33E-06,4.33E-06,3.06E-06,3.06E-06,3.06E-06,5.19E-06,5.19E-06,4.45E-06,4.45E-06,2.62E-05,4.71E-06,4.71E-06,3.14E-06,3.14E-06,2.76E-06,2.12E-06,2.12E-06,2.26E-06,2.26E-06,1.79E-06,1.63E-06,1.63E-06,2.02E-06,2.02E-06,1.51E-06,0.9987602,0.9987602,0.9986228,0.9986228,0.9994203,0.996084,0.996084,0.009206955,0.009206955,2.20E-05,2.25E-06,2.25E-06,1.79E-06,1.79E-06,1.75E-06,1.47E-06,1.47E-06,5.11E-05,5.11E-05,1.68E-05,1.99E-05,1.99E-05,1.25E-05,1.25E-05,0.003904807,0.008278939,0.008278939,0.012020148,0.012020148,0.022481624,0.012968184,0.012968184,0.000171383,0.000171383,0.072993234,0.12718846,0.12718846,0.11715929,0.11715929,0.024701113,0.88124496,0.88124496,0.92381316,0.92381316,0.91115916,0.017477233,0.017477233,0.013076409,0.013076409,0.00149041,0.20279063,0.20279063,0.12246028,0.12246028,0.3283839,0.005114744,0.005114744,0.034607366,0.034607366,0.027611427,0.041652177,0.041652177,0.03997313,0.03997313,0.006945068,0.036966443,0.036966443,0.9956376,0.9956376,0.9992872,0.9988906,0.9988906,0.99726224,0.99726224,0.9940975,0.9881329,0.9881329,0.9735536,0.9735536,0.9833355,0.9280638,0.9280638,0.95421356,0.95421356,0.9987832,0.9983271,0.9983271,0.9961216,0.9961216,0.95542055,0.84383476,0.84383476,0.832926,0.832926,0.103911504,0.80544573,0.80544573,0.8574668,0.8574668,0.74267435,0.96634275,0.96634275,0.97109807,0.97109807,0.8945,0.54945296,0.54945296,0.40077427,0.40077427,0.18417524,0.31057972,0.31057972,0.52407956,0.52407956,0.08402616,0.1630489,0.1630489,0.77927434,0.77927434,0.26993674,0.044108663,0.044108663,0.04774964,0.04774964,0.05211554,0.03839922,0.03839922,0.036517065,0.036517065,0.013380448,0.020284755,0.020284755,0.028504208,0.028504208,0.19787978,1
0.012138767,0.012138767,0.012157004,0.012157004,0.005760771,0.017055914,0.017055914,0.01335905,0.01335905,0.004540205,0.003876661,0.003876661,0.004990103,0.004990103,0.001488414,0.012106697,0.012106697,0.009789995,0.009789995,0.006435577,0.005890293,0.005890293,0.006997564,0.006997564,0.004647101,0.000224985,0.000224985,0.013200137,0.013200137,0.00013498,9.79E-05,9.79E-05,0.9978968,0.9978968,0.99930036,0.9992083,0.9992083,0.9988194,0.9988194,0.9854474,3.96E-05,3.96E-05,3.21E-07,3.21E-07,1.83E-07,1.95E-07,1.95E-07,2.92E-07,2.92E-07,3.49E-05,7.33E-06,7.33E-06,8.11E-05,8.11E-05,0.99881786,0.99985445,0.99985445,0.9997123,0.9997123,0.9992317,0.98428506,0.98428506,0.001252912,0.001252912,0.003536746,0.004453037,0.004453037,8.97E-05,8.97E-05,0.003529342,0.014183831,0.014183831,0.004000774,0.004000774,0.002851356,0.000859147,0.000859147,0.03305635,0.03305635,0.001039198,0.007899649,0.007899649,0.17735243,0.17735243,0.019390136,0.00155405,0.00155405,0.007669031,0.007669031,0.01108956,0.001807499,0.001807499,0.010500263,0.010500263,0.001065266,0.007613003,0.007613003,0.008443315,0.008443315,0.17371581,0.26690525,0.26690525,0.070353545,0.070353545,0.11294582,0.057750497,0.057750497,0.012929305,0.012929305,0.034578416,0.006083678,0.006083678,0.016098471,0.016098471,7.56E-05,0.06113142,0.06113142,0.13341475,0.13341475,0.84671956,0.6904609,0.6904609,0.62973756,0.62973756,0.63956654,0.57921326,0.57921326,0.25346598,0.25346598,0.48927644,0.6998581,0.6998581,0.97480994,0.97480994,0.94665486,0.9183531,0.9183531,0.8805283,0.8805283,0.94690233,0.99021775,0.99021775,0.9910597,0.9910597,0.99608445,0.98311067,0.98311067,0.92916024,0.92916024,0.99672526,0.9965442,0.9965442,0.99771786,0.99771786,0.99661034,0.99484235,0.99484235,0.9947508,0.9947508,0.99555826,0.98169637,0.98169637,0.009359051,0.009359051,0.000348093,0.09553323,0.09553323,0.42789775,0.42789775,0.012407905,0.01791946,0.01791946,0.026448866,0.026448866,0.00038139,0.011525407,0.011525407,0.00258666,0.00258666,0.09286658,0.037042994,0.037042994,0.4869011,0.4869011,0.44557038,0.661026,0.661026,0.2233395,0.2233395,0.6056497,0.04951287,0.04951287,0.001111355,0.001111355,0.27988023,0.001662894,0.001662894,0.004922861,0.004922861,0.038326867,0.018771822,0.018771822,0.00183032,0.00183032,0.001270866,1.42E-05,1.42E-05,1.18E-05,1.18E-05,8.17E-06,5.22E-06,5.22E-06,5.27E-06,5.27E-06,4.12E-06,0.000106154,0.000106154,1.74E-05,1.74E-05,0.000320186,0.051418,0.051418,0.99953854,0.99953854,0.9997826,1
0.08395448,0.08395448,0.000916291,0.000916291,1.49E-05,2.89E-06,2.89E-06,3.06E-06,3.06E-06,1.59E-06,1.59E-06,1.59E-06,1.15E-06,1.15E-06,1.21E-06,2.92E-05,2.92E-05,3.10E-06,3.10E-06,2.70E-06,1.99E-06,1.99E-06,1.90E-06,1.90E-06,1.63E-06,2.10E-06,2.10E-06,1.79E-06,1.79E-06,1.70E-06,1.71E-06,1.71E-06,2.40E-05,2.40E-05,2.28E-06,2.07E-06,2.07E-06,1.77E-06,1.77E-06,1.36E-06,1.36E-06,1.36E-06,1.48E-06,1.48E-06,1.67E-06,1.78E-06,1.78E-06,1.53E-06,1.53E-06,2.31E-05,3.24E-06,3.24E-06,1.56E-06,1.56E-06,1.55E-06,1.67E-06,1.67E-06,1.91E-06,1.91E-06,1.86E-06,2.19E-06,2.19E-06,1.22E-05,1.22E-05,0.8820183,0.9907861,0.9907861,0.9663747,0.9663747,0.055568956,0.000437287,0.000437287,3.85E-06,3.85E-06,4.36E-06,1.17E-06,1.17E-06,3.46E-06,3.46E-06,1.30E-06,1.09E-06,1.09E-06,3.32E-05,3.32E-05,2.64E-06,1.31E-06,1.31E-06,1.10E-06,1.10E-06,1.11E-06,1.18E-06,1.18E-06,9.02E-07,9.02E-07,9.71E-07,8.87E-07,8.87E-07,1.03E-06,1.03E-06,2.21E-05,2.82E-06,2.82E-06,1.83E-06,1.83E-06,1.62E-06,1.71E-06,1.71E-06,1.55E-06,1.55E-06,1.47E-06,1.58E-06,1.58E-06,1.46E-06,1.46E-06,1.55E-06,1.99E-05,1.99E-05,2.49E-06,2.49E-06,1.80E-06,1.57E-06,1.57E-06,1.62E-06,1.62E-06,1.56E-06,1.31E-06,1.31E-06,1.52E-06,1.52E-06,1.37E-06,1.35E-06,1.35E-06,2.13E-05,2.13E-05,3.03E-06,1.82E-06,1.82E-06,1.48E-06,1.48E-06,1.30E-06,1.56E-06,1.56E-06,1.75E-06,1.75E-06,1.83E-06,1.90E-06,1.90E-06,1.63E-06,1.63E-06,2.64E-05,2.72E-06,2.72E-06,1.75E-06,1.75E-06,1.62E-06,1.77E-06,1.77E-06,2.42E-06,2.42E-06,2.09E-06,2.98E-06,2.98E-06,1.93E-06,1.93E-06,2.94E-06,4.01E-05,4.01E-05,6.18E-06,6.18E-06,2.37E-06,1.58E-06,1.58E-06,1.46E-06,1.46E-06,1.93E-06,2.14E-06,2.14E-06,2.92E-06,2.92E-06,3.55E-06,3.86E-06,3.86E-06,2.61E-05,2.61E-05,2.75E-06,1.94E-06,1.94E-06,3.21E-06,3.21E-06,2.22E-06,2.41E-06,2.41E-06,2.00E-06,2.00E-06,2.87E-06,2.62E-06,2.62E-06,2.46E-06,2.46E-06,2.69E-05,3.90E-06,3.90E-06,1.97E-06,1.97E-06,2.73E-06,2.09E-06,2.09E-06,1.63E-06,1.63E-06,2.35E-06,2.53E-06,2.53E-06,2.59E-06,2.59E-06,2.10E-06,4.32E-05,4.32E-05,4.23E-06,4.23E-06,3.13E-06,2.71E-06,2.71E-06,2.70E-06,2.70E-06,2.37E-06,1
1.81E-06,1.81E-06,1.96E-06,1.96E-06,2.21E-06,2.11E-06,2.11E-06,2.41E-05,2.41E-05,2.73E-06,1.98E-06,1.98E-06,1.90E-06,1.90E-06,1.85E-06,1.94E-06,1.94E-06,2.59E-06,2.59E-06,2.46E-06,4.24E-06,4.24E-06,2.68E-06,2.68E-06,0.000124254,0.9750748,0.9750748,0.96100503,0.96100503,0.9306388,0.37414715,0.37414715,8.09E-05,8.09E-05,4.03E-06,9.77E-07,9.77E-07,6.27E-07,6.27E-07,7.86E-07,3.05E-05,3.05E-05,3.39E-06,3.39E-06,3.18E-06,5.70E-06,5.70E-06,2.61E-06,2.61E-06,1.88E-05,0.9840934,0.9840934,0.99771404,0.99771404,0.9870062,0.4937696,0.4937696,0.026035173,0.026035173,9.14E-05,9.96E-06,9.96E-06,1.23E-05,1.23E-05,7.44E-06,7.60E-06,7.60E-06,2.83E-05,2.83E-05,1.90E-05,9.39E-06,9.39E-06,9.99E-06,9.99E-06,0.000109534,1.88E-05,1.88E-05,5.51E-06,5.51E-06,2.79E-06,2.72E-06,2.72E-06,3.34E-06,3.34E-06,2.57E-06,2.45E-06,2.45E-06,2.37E-06,2.37E-06,2.41E-06,3.50E-05,3.50E-05,6.14E-06,6.14E-06,9.63E-06,0.3443492,0.3443492,0.6195019,0.6195019,0.028241081,0.008026781,0.008026781,0.000244877,0.000244877,3.58E-05,2.98E-06,2.98E-06,4.38E-05,4.38E-05,4.40E-06,8.43E-06,8.43E-06,9.57E-06,9.57E-06,7.23E-06,2.07E-06,2.07E-06,1.59E-06,1.59E-06,1.40E-06,1.77E-06,1.77E-06,1.90E-06,1.90E-06,2.72E-05,3.67E-06,3.67E-06,2.58E-06,2.58E-06,1.88E-06,1.76E-06,1.76E-06,1.49E-06,1.49E-06,1.52E-06,1.28E-06,1.28E-06,1.28E-06,1.28E-06,1.19E-06,1.80E-05,1.80E-05,1.57E-06,1.57E-06,1.31E-06,1.04E-06,1.04E-06,1.18E-06,1.18E-06,1.10E-06,1.24E-06,1.24E-06,2.31E-06,2.31E-06,1.62E-06,1.93E-06,1.93E-06,3.24E-05,3.24E-05,4.20E-06,4.60E-06,4.60E-06,2.46E-06,2.46E-06,2.38E-06,1.82E-06,1.82E-06,1.84E-06,1.84E-06,1.72E-06,1.68E-06,1.68E-06,2.42E-06,2.42E-06,2.91E-05,2.18E-06,2.18E-06,2.00E-06,2.00E-06,2.02E-06,1.25E-06,1.25E-06,1.29E-06,1.29E-06,1.45E-06,1.81E-06,1.81E-06,1.87E-06,1.87E-06,1.24E-06,2.72E-05,2.72E-05,2.65E-06,2.65E-06,1.74E-06,1.53E-06,1.53E-06,1.45E-06,1.45E-06,1.30E-06,1.60E-06,1.60E-06,1.70E-06,1.70E-06,2.24E-06,1.52E-06,1.52E-06,1.80E-05,1.80E-05,1.73E-06,1.10E-06,1.10E-06,1.37E-06,1.37E-06,1.15E-06,1.66E-06,1.66E-06,1.19E-06,1.19E-06,1.07E-06,1.04E-06,1.04E-06,1.12E-06,1.12E-06,1.73E-05,1
2.39E-05,2.39E-05,1.28E-05,1.28E-05,1.43E-05,7.65E-06,7.65E-06,1.20E-05,1.20E-05,9.67E-06,5.02E-06,5.02E-06,4.11E-06,4.11E-06,5.53E-06,4.04E-05,4.04E-05,1.64E-05,1.64E-05,6.24E-06,4.82E-06,4.82E-06,3.51E-06,3.51E-06,5.15E-06,5.35E-06,5.35E-06,7.85E-06,7.85E-06,7.06E-06,6.03E-06,6.03E-06,2.68E-05,2.68E-05,8.48E-06,4.67E-06,4.67E-06,4.25E-06,4.25E-06,3.22E-06,3.75E-06,3.75E-06,5.57E-06,5.57E-06,3.85E-06,2.51E-06,2.51E-06,3.50E-06,3.50E-06,2.28E-05,2.88E-06,2.88E-06,7.60E-06,7.60E-06,0.62878793,0.82232547,0.82232547,9.08E-05,9.08E-05,4.23E-06,3.32E-06,3.32E-06,1.99E-06,1.99E-06,1.97E-06,4.17E-05,4.17E-05,5.86E-06,5.86E-06,4.77E-06,0.035235703,0.035235703,0.10680006,0.10680006,0.001172055,2.20E-06,2.20E-06,2.08E-06,2.08E-06,2.86E-06,3.40E-06,3.40E-06,8.25E-05,8.25E-05,1.23E-05,4.45E-06,4.45E-06,3.33E-06,3.33E-06,2.68E-06,2.85E-06,2.85E-06,2.18E-06,2.18E-06,2.90E-06,2.52E-06,2.52E-06,3.86E-06,3.86E-06,3.30E-05,5.43E-06,5.43E-06,3.00E-06,3.00E-06,4.04E-06,4.45E-06,4.45E-06,4.11E-06,4.11E-06,5.02E-06,4.69E-06,4.69E-06,8.84E-06,8.84E-06,1.52E-05,0.04951211,0.04951211,0.019343298,0.019343298,0.001478969,6.16E-06,6.16E-06,3.12E-06,3.12E-06,1.54E-06,1.20E-06,1.20E-06,1.28E-06,1.28E-06,1.44E-06,3.69E-06,3.69E-06,5.35E-05,5.35E-05,9.30E-06,1.40E-05,1.40E-05,2.30E-05,2.30E-05,4.41E-05,4.59E-06,4.59E-06,3.73E-06,3.73E-06,2.94E-06,2.91E-06,2.91E-06,2.98E-06,2.98E-06,2.03E-05,3.97E-06,3.97E-06,1.20E-05,1.20E-05,1.07E-05,6.81E-06,6.81E-06,5.05E-06,5.05E-06,5.63E-06,1.15E-05,1.15E-05,4.67E-06,4.67E-06,3.15E-06,2.96E-05,2.96E-05,8.14E-06,8.14E-06,4.28E-06,4.28E-06,4.28E-06,7.67E-06,7.67E-06,8.20E-05,9.73E-05,9.73E-05,5.21E-05,5.21E-05,6.26E-06,0.00044966,0.00044966,0.000112464,0.000112464,5.82E-06,3.46E-06,3.46E-06,2.94E-06,2.94E-06,2.44E-06,2.67E-06,2.67E-06,2.39E-06,2.39E-06,1.72E-06,1.60E-06,1.60E-06,1.49E-06,1.49E-06,2.49E-05,2.38E-06,2.38E-06,1.28E-06,1.28E-06,9.29E-07,1.18E-06,1.18E-06,1.11E-06,1.11E-06,1.21E-06,1.92E-06,1.92E-06,2.10E-05,2.10E-05,5.21E-05,0.000247304,0.000247304,4.28E-05,4.28E-05,2.08E-06,1.59E-06,1.59E-06,1.47E-06,1.47E-06,1.63E-06,1
1.04E-06,1.04E-06,1.03E-06,1.03E-06,1.61E-06,1.63E-06,1.63E-06,0.00034485,0.00034485,0.000123224,8.31E-06,8.31E-06,1.97E-06,1.97E-06,1.13E-06,1.07E-06,1.07E-06,1.48E-06,1.48E-06,1.08E-06,1.24E-06,1.24E-06,1.53E-06,1.53E-06,1.77E-05,2.12E-06,2.12E-06,1.95E-06,1.95E-06,6.38E-05,0.000226874,0.000226874,0.000110575,0.000110575,3.63E-06,1.35E-06,1.35E-06,1.09E-06,1.09E-06,7.22E-07,1.21E-05,1.21E-05,1.74E-06,1.74E-06,1.06E-06,7.50E-07,7.50E-07,6.33E-07,6.33E-07,7.57E-07,7.44E-07,7.44E-07,9.01E-07,9.01E-07,9.88E-07,1.17E-06,1.17E-06,1.63E-05,1.63E-05,1.80E-06,1.04E-06,1.04E-06,1.03E-06,1.03E-06,9.47E-07,9.67E-07,9.67E-07,1.05E-06,1.05E-06,1.09E-06,1.15E-06,1.15E-06,1.57E-06,1.57E-06,3.85E-05,0.3757237,0.3757237,0.20673281,0.20673281,9.34E-05,1.14E-05,1.14E-05,1.48E-05,1.48E-05,4.03E-06,2.55E-06,2.55E-06,1.32E-06,1.32E-06,1.48E-06,1.76E-05,1.76E-05,2.35E-06,2.35E-06,9.99E-07,1.09E-06,1.09E-06,1.35E-06,1.35E-06,1.37E-06,1.68E-06,1.68E-06,1.70E-06,1.70E-06,1.67E-06,1.62E-06,1.62E-06,2.00E-05,2.00E-05,2.78E-06,1.73E-06,1.73E-06,1.83E-06,1.83E-06,0.001353364,0.000365054,0.000365054,0.00013731,0.00013731,0.000885263,2.52E-05,2.52E-05,9.60E-06,9.60E-06,9.59E-05,1.37E-05,1.37E-05,5.40E-06,5.40E-06,6.52E-06,3.95E-06,3.95E-06,6.18E-06,6.18E-06,4.36E-06,3.02E-06,3.02E-06,1.90E-06,1.90E-06,2.06E-06,3.07E-05,3.07E-05,2.37E-06,2.37E-06,1.46E-06,1.20E-06,1.20E-06,1.12E-06,1.12E-06,1.52E-06,1.02E-06,1.02E-06,1.02E-06,1.02E-06,1.16E-06,1.15E-06,1.15E-06,1.80E-05,1.80E-05,2.47E-06,1.22E-06,1.22E-06,1.54E-06,1.54E-06,1.21E-06,1.09E-06,1.09E-06,1.09E-06,1.09E-06,1.72E-06,1.28E-05,1.28E-05,3.90E-05,3.90E-05,0.000207692,2.54E-05,2.54E-05,6.58E-06,6.58E-06,8.11E-06,1.94E-06,1.94E-06,1.19E-06,1.19E-06,1.15E-06,1.16E-06,1.16E-06,1.30E-06,1.30E-06,1.15E-06,1.76E-05,1.76E-05,2.07E-06,2.07E-06,1.57E-06,3.06E-06,3.06E-06,5.24E-06,5.24E-06,2.17E-06,1.35E-06,1.35E-06,1.28E-06,1.28E-06,2.06E-06,0.001272909,0.001272909,5.23E-05,5.23E-05,3.47E-06,1.06E-06,1.06E-06,8.68E-07,8.68E-07,9.84E-07,9.33E-07,9.33E-07,1.35E-06,1.35E-06,9.78E-07,1.09E-06,1.09E-06,9.94E-07,9.94E-07,1.41E-05,1
2.15E-06,2.15E-06,1.19E-06,1.19E-06,1.10E-06,7.44E-07,7.44E-07,6.87E-07,6.87E-07,7.69E-07,8.39E-07,8.39E-07,6.44E-07,6.44E-07,6.70E-07,1.11E-05,1.11E-05,1.18E-06,1.18E-06,7.95E-07,7.59E-07,7.59E-07,5.71E-07,5.71E-07,1.36E-05,1.22E-05,1.22E-05,1.83E-05,1.83E-05,3.22E-06,1.22E-05,1.22E-05,0.002151587,0.002151587,0.000204137,2.68E-06,2.68E-06,1.99E-06,1.99E-06,1.94E-06,2.06E-06,2.06E-06,1.81E-06,1.81E-06,1.46E-06,1.16E-06,1.16E-06,1.16E-06,1.16E-06,2.18E-05,2.16E-06,2.16E-06,1.16E-06,1.16E-06,8.34E-07,1.01E-06,1.01E-06,1.11E-06,1.11E-06,1.10E-06,1.17E-06,1.17E-06,1.06E-06,1.06E-06,1.26E-06,2.01E-05,2.01E-05,2.60E-06,2.60E-06,1.31E-06,9.12E-07,9.12E-07,7.56E-07,7.56E-07,7.17E-07,7.24E-07,7.24E-07,1.26E-06,1.26E-06,0.20750755,0.80517256,0.80517256,0.000522451,0.000522451,5.80E-06,1.43E-06,1.43E-06,1.31E-06,1.31E-06,1.12E-06,9.00E-07,9.00E-07,8.43E-07,8.43E-07,9.92E-07,9.57E-07,9.57E-07,1.12E-06,1.12E-06,2.47E-05,2.85E-06,2.85E-06,2.73E-06,2.73E-06,2.95E-06,2.34E-06,2.34E-06,2.35E-06,2.35E-06,2.70E-06,4.26E-06,4.26E-06,6.04E-06,6.04E-06,8.05E-06,8.38E-05,8.38E-05,1.08E-05,1.08E-05,4.67E-06,4.76E-06,4.76E-06,3.45E-06,3.45E-06,2.50E-06,2.92E-06,2.92E-06,1.48E-06,1.48E-06,1.41E-06,1.21E-06,1.21E-06,2.27E-05,2.27E-05,2.77E-06,1.73E-06,1.73E-06,1.78E-06,1.78E-06,2.54E-06,2.15E-06,2.15E-06,2.52E-06,2.52E-06,2.19E-06,1.90E-06,1.90E-06,1.36E-06,1.36E-06,2.46E-05,2.42E-06,2.42E-06,1.38E-06,1.38E-06,1.03E-06,1.18E-06,1.18E-06,1.85E-06,1.85E-06,1.12E-06,1.19E-06,1.19E-06,1.52E-06,1.52E-06,1.24E-06,2.61E-05,2.61E-05,2.57E-06,2.57E-06,1.43E-06,1.38E-06,1.38E-06,1.38E-06,1.38E-06,1.39E-06,1.40E-06,1.40E-06,3.99E-06,3.99E-06,0.103250615,0.24458934,0.24458934,0.000169224,0.000169224,5.84E-06,3.03E-06,3.03E-06,3.15E-06,3.15E-06,3.03E-06,5.63E-06,5.63E-06,7.55E-06,7.55E-06,6.93E-06,1.30E-05,1.30E-05,1.35E-05,1.35E-05,8.06E-05,2.34E-05,2.34E-05,1.73E-05,1.73E-05,1.26E-05,8.51E-06,8.51E-06,1.05E-05,1.05E-05,4.73E-06,3.78E-06,3.78E-06,2.41E-06,2.41E-06,3.53E-06,0.003377023,0.003377023,0.3906104,0.3906104,8.57E-05,1.29E-05,1.29E-05,4.94E-06,4.94E-06,7.93E-06,1
1.02E-05,1.02E-05,7.40E-06,7.40E-06,0.008962512,0.9944971,0.9944971,0.78302723,0.78302723,6.16E-06,1.56E-06,1.56E-06,1.20E-06,1.20E-06,1.14E-06,2.14E-06,2.14E-06,4.27E-06,4.27E-06,7.98E-06,3.71E-06,3.71E-06,3.33E-06,3.33E-06,3.18E-05,3.43E-06,3.43E-06,2.67E-06,2.67E-06,1.96E-06,1.69E-06,1.69E-06,1.51E-06,1.51E-06,2.66E-06,3.00E-06,3.00E-06,5.74E-05,5.74E-05,0.9768093,0.00023348,0.00023348,5.98E-06,5.98E-06,2.38E-06,1.38E-06,1.38E-06,1.20E-06,1.20E-06,1.15E-06,9.26E-07,9.26E-07,6.95E-07,6.95E-07,6.69E-07,9.17E-07,9.17E-07,1.57E-05,1.57E-05,1.50E-06,1.40E-06,1.40E-06,1.62E-06,1.62E-06,2.14E-06,2.09E-06,2.09E-06,3.43E-06,3.43E-06,3.31E-06,3.51E-06,3.51E-06,4.34E-06,4.34E-06,0.005390973,0.457294,0.457294,5.43E-05,5.43E-05,9.24E-06,3.94E-06,3.94E-06,1.72E-06,1.72E-06,2.04E-06,1.53E-06,1.53E-06,1.62E-06,1.62E-06,1.29E-06,2.35E-05,2.35E-05,2.48E-06,2.48E-06,1.73E-06,1.57E-06,1.57E-06,1.17E-06,1.17E-06,1.08E-06,9.80E-07,9.80E-07,1.31E-06,1.31E-06,1.79E-06,1.17E-06,1.17E-06,1.13E-05,1.13E-05,1.53E-06,1.32E-06,1.32E-06,1.17E-06,1.17E-06,1.17E-06,1.36E-06,1.36E-06,1.62E-06,1.62E-06,1.26E-06,1.26E-06,1.26E-06,8.66E-07,8.66E-07,1.78E-05,2.03E-06,2.03E-06,1.65E-06,1.65E-06,1.39E-06,2.03E-06,2.03E-06,1.74E-06,1.74E-06,2.03E-06,2.46E-06,2.46E-06,2.19E-06,2.19E-06,2.72E-06,0.00104917,0.00104917,0.000684392,0.000684392,4.77E-06,1.32E-06,1.32E-06,1.35E-06,1.35E-06,1.45E-06,1.46E-06,1.46E-06,1.39E-06,1.39E-06,1.74E-06,1.36E-06,1.36E-06,2.63E-05,2.63E-05,5.79E-06,0.001164152,0.001164152,7.59E-05,7.59E-05,8.62E-05,0.000137586,0.000137586,4.91E-05,4.91E-05,0.00013018,0.000665403,0.000665403,8.37E-05,8.37E-05,0.001817297,8.32E-05,8.32E-05,7.99E-05,7.99E-05,0.005994583,0.000578361,0.000578361,0.019793719,0.019793719,0.000879392,0.001084364,0.001084364,0.001240367,0.001240367,0.00055845,0.000646983,0.000646983,0.000237833,0.000237833,5.69E-05,0.000533633,0.000533633,0.002751734,0.002751734,0.000250315,0.003799693,0.003799693,0.014585915,0.014585915,0.001361349,0.000389158,0.000389158,0.05033698,0.05033698,0.16603833,0.0690468,0.0690468,0.028442198,0.028442198,0.030351538,1.81E-05,1.81E-05,0.002351178,0.002351178,0.000978091,0.000292968,0.000292968,0.000150722,0.000150722,0.022285089,1
1.90E-05,1.90E-05,8.60E-06,8.60E-06,5.07E-06,5.07E-06,0.000233972,0.000233972,0.000109239,0.000109239,0.000106722,0.000106722,3.97E-05,3.97E-05,3.15E-06,3.15E-06,4.74E-06,4.74E-06,8.55E-05,8.55E-05,8.03E-06,8.03E-06,4.15E-06,4.15E-06,4.07E-06,4.07E-06,3.99E-06,3.99E-06,4.44E-06,4.44E-06,2.94E-06,2.94E-06,4.20E-06,4.20E-06,3.00E-06,3.00E-06,2.57E-06,2.57E-06,4.59E-05,4.59E-05,5.84E-06,5.84E-06,9.60E-06,9.60E-06,1.15E-05,1.15E-05,1.82E-05,1.82E-05,6.21E-05,6.21E-05,0.000177614,0.000177614,6.09E-05,6.09E-05,2.09E-05,2.09E-05,2.60E-05,2.60E-05,0.000129829,0.000129829,1.74E-05,1.74E-05,1.12E-05,1.12E-05,7.59E-06,7.59E-06,7.41E-06,7.41E-06,3.30E-06,3.30E-06,3.99E-06,3.99E-06,3.50E-06,3.50E-06,3.29E-06,3.29E-06,3.01E-06,3.01E-06,7.74E-05,7.74E-05,9.18E-06,9.18E-06,2.46E-06,2.46E-06,2.67E-06,2.67E-06,2.07E-06,2.07E-06,3.15E-06,3.15E-06,4.86E-06,4.86E-06,1.88E-06,1.88E-06,2.51E-06,2.51E-06,3.92E-06,3.92E-06,0.000109397,0.000109397,1.07E-05,1.07E-05,8.69E-06,8.69E-06,1.14E-05,1.14E-05,6.93E-06,6.93E-06,5.00E-06,5.00E-06,5.15E-06,5.15E-06,6.96E-05,6.96E-05,0.000791708,0.000791708,0.021168888,0.021168888,0.010849723,0.010849723,4.55E-05,4.55E-05,2.10E-05,2.10E-05,8.95E-06,8.95E-06,4.24E-06,4.24E-06,5.40E-06,5.40E-06,2.98E-06,2.98E-06,3.00E-06,3.00E-06,3.14E-06,3.14E-06,4.97E-06,4.97E-06,6.19E-05,6.19E-05,1.38E-05,1.38E-05,2.28E-05,2.28E-05,4.70E-06,4.70E-06,1.87E-05,1.87E-05,6.08E-05,6.08E-05,9.58E-06,9.58E-06,7.44E-06,7.44E-06,9.91E-06,9.91E-06,6.35E-06,6.35E-06,0.000115772,0.000115772,1.37E-05,1.37E-05,1.51E-05,1.51E-05,5.15E-06,5.15E-06,3.68E-06,3.68E-06,4.20E-06,4.20E-06,2.45E-06,2.45E-06,1.32E-05,1.32E-05,1.42E-05,1.42E-05,1.43E-05,1.43E-05,0.000279265,0.000279265,0.000110326,0.000110326,0.000141767,0.000141767,0.000352405,0.000352405,0.000224322,0.000224322,0.000125956,0.000125956,4.86E-05,4.86E-05,6.40E-05,6.40E-05,6.09E-06,6.09E-06,5.25E-06,5.25E-06,5.12E-05,5.12E-05,3.60E-06,3.60E-06,2.24E-06,2.24E-06,1.41E-06,1.41E-06,1.98E-06,1.98E-06,1.88E-06,1.88E-06,1.98E-06,1.98E-06,3.15E-06,3.15E-06,2.63E-06,2.63E-06,2.56E-06,2.56E-06,3.50E-05,3.50E-05,3.82E-06,3.82E-06,2.36E-06,2.36E-06,2.56E-06,1
2.56E-06,2.70E-06,2.70E-06,3.00E-06,3.00E-06,1.90E-06,1.90E-06,2.21E-06,2.21E-06,2.49E-06,2.49E-06,7.82E-06,7.82E-06,0.000622696,0.000622696,0.000198825,0.000198825,7.48E-05,7.48E-05,1.06E-05,1.06E-05,4.86E-06,4.86E-06,4.24E-06,4.24E-06,3.28E-06,3.28E-06,5.51E-06,5.51E-06,4.70E-06,4.70E-06,2.73E-06,2.73E-06,3.88E-05,3.88E-05,4.25E-06,4.25E-06,2.94E-06,2.94E-06,3.11E-06,3.11E-06,2.12E-06,2.12E-06,1.78E-06,1.78E-06,1.94E-06,1.94E-06,2.18E-06,2.18E-06,2.53E-06,2.53E-06,1.94E-06,1.94E-06,4.77E-05,4.77E-05,4.18E-06,4.18E-06,2.14E-06,2.14E-06,2.55E-06,2.55E-06,2.03E-06,2.03E-06,2.13E-06,2.13E-06,1.93E-06,1.93E-06,1.85E-06,1.85E-06,2.34E-06,2.34E-06,2.01E-06,2.01E-06,3.52E-05,3.52E-05,4.02E-06,4.02E-06,2.07E-05,2.07E-05,4.61E-06,4.61E-06,7.00E-05,7.00E-05,5.67E-06,5.67E-06,6.72E-06,6.72E-06,6.69E-06,6.69E-06,3.92E-06,3.92E-06,2.32E-06,2.32E-06,5.57E-05,5.57E-05,5.32E-06,5.32E-06,2.68E-06,2.68E-06,1.78E-06,1.78E-06,1.93E-06,1.93E-06,1.61E-06,1.61E-06,1.90E-06,1.90E-06,2.32E-06,2.32E-06,1.77E-06,1.77E-06,2.78E-06,2.78E-06,5.55E-05,5.55E-05,0.0010904,0.0010904,0.000340313,0.000340313,3.14E-05,3.14E-05,1.07E-05,1.07E-05,3.54E-06,3.54E-06,3.32E-06,3.32E-06,1.95E-06,1.95E-06,2.04E-06,2.04E-06,2.38E-06,2.38E-06,4.39E-05,4.39E-05,4.72E-06,4.72E-06,4.41E-06,4.41E-06,3.22E-06,3.22E-06,2.95E-06,2.95E-06,3.16E-06,3.16E-06,3.41E-06,3.41E-06,2.18E-06,2.18E-06,3.25E-06,3.25E-06,2.65E-06,2.65E-06,0.000116419,0.000116419,2.85E-05,2.85E-05,4.18E-05,4.18E-05,1.54E-05,1.54E-05,7.95E-06,7.95E-06,1.07E-05,1.07E-05,8.39E-06,8.39E-06,5.70E-06,5.70E-06,3.03E-06,3.03E-06,2.68E-06,2.68E-06,6.20E-05,6.20E-05,4.28E-06,4.28E-06,2.33E-06,2.33E-06,2.59E-06,2.59E-06,4.00E-06,4.00E-06,2.34E-06,2.34E-06,2.09E-06,2.09E-06,1.78E-06,1.78E-06,1.70E-06,1.70E-06,2.80E-06,2.80E-06,2.67E-05,2.67E-05,3.17E-06,3.17E-06,1.88E-06,1.88E-06,1.44E-06,1.44E-06,2.01E-06,2.01E-06,1.19E-06,1.19E-06,1.69E-06,1.69E-06,1.74E-06,1.74E-06,1.71E-06,1.71E-06,3.53E-06,3.53E-06,0.000102803,0.000102803,3.23E-05,3.23E-05,2.21E-05,2.21E-05,6.44E-06,6.44E-06,8.55E-06,8.55E-06,5.07E-06,5.07E-06,1
4.20E-06,4.20E-06,1.83E-06,1.83E-06,1.18E-06,1.22E-06,1.22E-06,1.56E-06,1.56E-06,1.54E-06,1.28E-06,1.28E-06,1.33E-06,1.33E-06,8.92E-07,3.00E-05,3.00E-05,3.58E-06,3.58E-06,2.09E-06,1.17E-06,1.17E-06,1.42E-06,1.42E-06,1.39E-06,1.36E-06,1.36E-06,1.03E-06,1.03E-06,1.43E-06,9.38E-07,9.38E-07,3.84E-05,3.84E-05,4.39E-06,2.17E-06,2.17E-06,1.56E-06,1.56E-06,1.52E-06,9.62E-07,9.62E-07,1.01E-06,1.01E-06,9.11E-07,1.09E-06,1.09E-06,9.11E-07,9.11E-07,2.95E-05,2.68E-06,2.68E-06,1.28E-06,1.28E-06,9.13E-07,9.86E-07,9.86E-07,1.12E-06,1.12E-06,8.23E-07,8.01E-07,8.01E-07,0.78617644,0.78617644,0.95324755,0.6897882,0.6897882,0.3063429,0.3063429,0.004831276,0.003547869,0.003547869,0.077230215,0.077230215,0.07720807,0.23933133,0.23933133,0.09715715,0.09715715,0.2847001,0.7141054,0.7141054,0.51452994,0.51452994,0.3233964,0.59257597,0.59257597,0.46054977,0.46054977,0.39282313,0.5988871,0.5988871,0.45253772,0.45253772,0.388034,0.6330254,0.6330254,0.22694613,0.22694613,0.7626488,0.47098225,0.47098225,0.5791971,0.5791971,0.28660443,0.28081146,0.28081146,0.2749404,0.2749404,0.16222996,0.13247354,0.13247354,0.13615496,0.13615496,0.28335163,0.7672246,0.7672246,0.74380255,0.74380255,0.5011837,0.5857467,0.5857467,0.49148136,0.49148136,0.7849733,0.7067743,0.7067743,0.88178706,0.88178706,0.67765856,0.6239118,0.6239118,0.69800806,0.69800806,0.67258257,0.4738894,0.4738894,0.17888863,0.17888863,0.35209373,0.38283667,0.38283667,0.1571136,0.1571136,0.19533664,0.5964365,0.5964365,0.5773395,0.5773395,0.9456337,0.9315441,0.9315441,0.70016414,0.70016414,0.41837472,0.80341434,0.80341434,0.8193922,0.8193922,0.402907,0.67075306,0.67075306,0.650764,0.650764,0.46927768,0.79769695,0.79769695,0.30524102,0.30524102,0.2778097,0.6412078,0.6412078,0.608633,0.608633,0.26673794,0.58547074,0.58547074,0.41050532,0.41050532,0.30386147,0.20065731,0.20065731,0.96266246,0.96266246,0.79737663,0.7998446,0.7998446,0.5284609,0.5284609,0.710694,0.29398432,0.29398432,0.7242026,0.7242026,0.6334963,0.27432555,0.27432555,0.79561603,0.79561603,0.9986903,0.9987398,0.9987398,0.99893636,0.99893636,0.89759386,0.000104471,0.000104471,2.21E-06,2.21E-06,1.18E-06,2.66E-06,2.66E-06,1.65E-06,1.65E-06,2.84E-06,0.000108195,0.000108195,1.23E-05,1.23E-05,5.17E-06,6.79E-06,6.79E-06,3.84E-06,3.84E-06,3.46E-06,1
3.72E-06,3.72E-06,2.41E-06,2.41E-06,3.09E-06,3.75E-06,3.75E-06,5.67E-05,5.67E-05,6.33E-06,3.12E-06,3.12E-06,3.41E-06,3.41E-06,2.15E-06,2.88E-06,2.88E-06,2.77E-06,2.77E-06,1.93E-06,2.05E-06,2.05E-06,1.17E-06,1.17E-06,3.10E-05,2.93E-06,2.93E-06,2.04E-06,2.04E-06,1.44E-06,9.91E-07,9.91E-07,1.01E-06,1.01E-06,7.21E-07,7.28E-07,7.28E-07,1.03E-06,1.03E-06,7.95E-07,2.97E-05,2.97E-05,2.56E-06,2.56E-06,1.39E-06,1.43E-06,1.43E-06,1.23E-06,1.23E-06,1.30E-06,1.17E-06,1.17E-06,1.05E-06,1.05E-06,9.32E-07,1.08E-06,1.08E-06,2.72E-05,2.72E-05,3.41E-06,1.62E-06,1.62E-06,1.37E-06,1.37E-06,0.998109,0.99919003,0.99919003,0.99869543,0.99869543,0.9293039,2.38E-05,2.38E-05,1.10E-06,1.10E-06,3.89E-05,3.63E-06,3.63E-06,1.70E-06,1.70E-06,1.59E-06,1.22E-06,1.22E-06,1.33E-06,1.33E-06,1.63E-06,1.66E-06,1.66E-06,1.22E-06,1.22E-06,1.93E-06,3.25E-05,3.25E-05,3.08E-06,3.08E-06,1.25E-06,1.34E-06,1.34E-06,1.01E-06,1.01E-06,1.10E-06,8.17E-07,8.17E-07,8.72E-07,8.72E-07,9.66E-07,9.65E-07,9.65E-07,2.33E-05,2.33E-05,2.62E-06,1.57E-06,1.57E-06,1.14E-06,1.14E-06,1.20E-06,8.76E-07,8.76E-07,8.73E-07,8.73E-07,1.12E-06,9.59E-07,9.59E-07,8.07E-07,8.07E-07,2.77E-05,2.99E-06,2.99E-06,1.73E-06,1.73E-06,1.17E-06,1.01E-06,1.01E-06,1.05E-06,1.05E-06,9.45E-07,1.12E-06,1.12E-06,1.22E-06,1.22E-06,1.23E-06,2.55E-05,2.55E-05,2.55E-06,2.55E-06,1.56E-06,1.30E-06,1.30E-06,9.95E-07,9.95E-07,9.97E-07,9.15E-07,9.15E-07,1.27E-06,1.27E-06,1.11E-06,1.05E-06,1.05E-06,3.50E-05,3.50E-05,3.77E-06,2.25E-06,2.25E-06,1.46E-06,1.46E-06,1.13E-06,1.20E-06,1.20E-06,9.13E-07,9.13E-07,7.90E-07,1.24E-06,1.24E-06,7.68E-07,7.68E-07,2.33E-05,2.87E-06,2.87E-06,1.75E-06,1.75E-06,1.27E-06,8.91E-07,8.91E-07,9.11E-07,9.11E-07,1.06E-06,8.70E-07,8.70E-07,7.78E-07,7.78E-07,9.05E-07,1.94E-05,1.94E-05,2.36E-06,2.36E-06,1.25E-06,7.83E-07,7.83E-07,7.85E-07,7.85E-07,8.03E-07,8.20E-07,8.20E-07,7.32E-07,7.32E-07,6.19E-07,6.23E-07,6.23E-07,1.91E-05,1.91E-05,2.94E-06,1.63E-06,1.63E-06,2.72E-05,2.72E-05,0.9971693,0.9962613,0.9962613,0.9909679,0.9909679,0.6255966,0.89666235,0.89666235,0.7529608,0.7529608,0.9305586,1
0.9250587,0.9250587,0.868954,0.868954,0.17903857,0.37434864,0.37434864,0.74649197,0.74649197,0.6563817,0.6594438,0.6594438,0.53467184,0.53467184,0.6147487,0.69950175,0.69950175,0.8600607,0.8600607,0.7667932,0.5954511,0.5954511,0.5736413,0.5736413,0.5655038,0.67837745,0.67837745,0.5839813,0.5839813,0.7275628,0.7966292,0.7966292,0.96356785,0.96356785,0.9163442,0.8933887,0.8933887,0.8812673,0.8812673,0.9949982,0.9967392,0.9967392,0.99648094,0.99648094,0.87249094,1.20E-05,1.20E-05,1.58E-06,1.58E-06,5.87E-05,6.61E-06,6.61E-06,3.98E-06,3.98E-06,3.31E-06,1.91E-06,1.91E-06,2.09E-06,2.09E-06,2.32E-06,1.81E-06,1.81E-06,1.70E-06,1.70E-06,1.71E-06,3.24E-05,3.24E-05,2.09E-06,2.09E-06,1.22E-06,1.49E-06,1.49E-06,1.54E-06,1.54E-06,1.17E-06,1.05E-06,1.05E-06,8.00E-07,8.00E-07,9.70E-07,9.07E-07,9.07E-07,2.74E-05,2.74E-05,2.38E-06,1.96E-06,1.96E-06,9.57E-07,9.57E-07,8.32E-07,7.77E-07,7.77E-07,9.08E-07,9.08E-07,6.17E-07,7.06E-07,7.06E-07,7.77E-07,7.77E-07,2.15E-05,2.16E-06,2.16E-06,1.45E-06,1.45E-06,8.37E-07,7.79E-07,7.79E-07,1.07E-06,1.07E-06,7.90E-07,9.08E-07,9.08E-07,9.51E-07,9.51E-07,6.69E-07,2.63E-05,2.63E-05,2.66E-06,2.66E-06,1.31E-06,7.98E-07,7.98E-07,9.79E-07,9.79E-07,9.39E-07,7.00E-07,7.00E-07,1.11E-06,1.11E-06,9.84E-07,1.12E-06,1.12E-06,2.67E-05,2.67E-05,2.44E-06,1.42E-06,1.42E-06,1.05E-06,1.05E-06,8.89E-07,7.36E-07,7.36E-07,9.67E-07,9.67E-07,1.32E-06,1.24E-06,1.24E-06,1.15E-06,1.15E-06,3.06E-05,4.00E-06,4.00E-06,1.85E-06,1.85E-06,2.33E-06,1.51E-06,1.51E-06,2.16E-06,2.16E-06,1.09E-06,9.02E-07,9.02E-07,9.66E-07,9.66E-07,9.63E-07,2.62E-05,2.62E-05,2.28E-06,2.28E-06,9.83E-07,6.87E-07,6.87E-07,8.16E-07,8.16E-07,7.37E-07,6.53E-07,6.53E-07,6.40E-07,6.40E-07,4.77E-07,6.47E-07,6.47E-07,2.75E-05,2.75E-05,2.63E-06,1.26E-06,1.26E-06,9.89E-07,9.89E-07,9.35E-07,1.07E-06,1.07E-06,8.62E-07,8.62E-07,1.26E-06,1.08E-06,1.08E-06,1.09E-06,1.09E-06,2.47E-05,2.08E-06,2.08E-06,1.15E-06,1.15E-06,8.93E-07,7.11E-07,7.11E-07,6.33E-07,6.33E-07,6.50E-07,7.27E-07,7.27E-07,8.06E-07,8.06E-07,6.64E-07,1.99E-05,1.99E-05,2.58E-06,2.58E-06,1.40E-06,1.01E-06,1.01E-06,1.10E-06,1.10E-06,1.03E-06,1
0.003614938,0.003614938,0.003614938,0.005844223,0.005844223,0.003597036,0.003597036,0.003288786,0.003288786,0.009449054,0.009449054,0.007554223,0.007554223,0.019068604,0.019068604,0.03295249,0.03295249,0.003069615,0.003069615,0.015458589,0.015458589,0.007884485,0.007884485,0.003069884,0.003069884,0.019009763,0.019009763,0.019009763,0.005271643,0.005271643,0.005590688,0.005590688,0.003861606,0.003861606,0.001603478,0.001603478,0.001130875,0.001130875,0.001309158,0.001309158,0.012428221,0.012428221,0.002566711,0.002566711,0.01462471,0.01462471,0.009308675,0.009308675,0.009780536,0.009780536,0.007449656,0.007449656,0.007449656,0.00225462,0.00225462,0.004916885,0.004916885,0.003094078,0.003094078,0.006458779,0.006458779,0.031369682,0.031369682,0.002652068,0.002652068,0.006148995,0.006148995,0.002253217,0.002253217,0.005760295,0.005760295,0.00276704,0.00276704,0.004742431,0.004742431,0.002447605,0.002447605,0.002447605,0.015545333,0.015545333,0.02239911,0.02239911,0.34944603,0.34944603,0.27788115,0.27788115,0.65295154,0.65295154,0.47795546,0.47795546,0.12692073,0.12692073,0.036853604,0.036853604,0.001402135,0.001402135,0.000251546,0.000251546,0.000951947,0.000951947,0.000102865,0.000102865,0.000102865,0.01296961,0.01296961,0.003357974,0.003357974,0.003312558,0.003312558,0.000402055,0.000402055,0.000223698,0.000223698,0.000323224,0.000323224,0.000423148,0.000423148,0.000259548,0.000259548,0.000450923,0.000450923,0.000386427,0.000386427,0.004774968,0.004774968,0.003223047,0.003223047,0.003223047,0.001740272,0.001740272,0.001631889,0.001631889,0.001796924,0.001796924,0.008878578,0.008878578,0.001130168,0.001130168,0.000758468,0.000758468,0.000166894,0.000166894,0.000369421,0.000369421,0.003005586,0.003005586,7.48E-05,7.48E-05,0.000326395,0.000326395,0.000904115,0.000904115,0.000904115,0.001172193,0.001172193,0.000728057,0.000728057,0.001522553,0.001522553,0.000762434,0.000762434,0.000463355,0.000463355,0.000213073,0.000213073,0.000774932,0.000774932,7.12E-05,7.12E-05,0.000684009,0.000684009,0.000261425,0.000261425,0.000129017,0.000129017,6.92E-05,6.92E-05,6.92E-05,3.98E-05,3.98E-05,0.000470094,0.000470094,0.000679226,0.000679226,0.002654614,0.002654614,0.004876771,0.004876771,0.001061862,0.001061862,0.000767576,0.000767576,0.000274004,0.000274004,0.000749801,0.000749801,0.000315635,0.000315635,0.000481014,0.000481014,0.000187734,0.000187734,0.000187734,0.000607289,0.000607289,0.000249374,0.000249374,0.004754667,0.004754667,0.000421185,0.000421185,0.00018085,0.00018085,0.000287481,0.000287481,0.001384899,0.001384899,0.019478895,0.019478895,0.014072278,0.014072278,0.027792452,0.027792452,0.014786255,0.014786255,1
0.03585789,0.03585789,0.03585789,0.04068121,0.04068121,0.012459936,0.012459936,0.025512453,0.025512453,0.0626145,0.0626145,0.010312392,0.010312392,0.016332284,0.016332284,0.020534262,0.020534262,0.008844998,0.008844998,0.30683896,0.30683896,0.3260117,0.3260117,0.36917377,0.36917377,0.062319245,0.062319245,0.062319245,0.02682378,0.02682378,0.011619881,0.011619881,0.005485675,0.005485675,0.004013774,0.004013774,0.010215051,0.010215051,0.008009803,0.008009803,0.008094814,0.008094814,0.023890097,0.023890097,0.082277626,0.082277626,0.020289894,0.020289894,0.003663045,0.003663045,0.007648056,0.007648056,0.007648056,0.009491189,0.009491189,0.01445626,0.01445626,0.010884598,0.010884598,0.020340055,0.020340055,0.017751716,0.017751716,0.014159421,0.014159421,0.022440646,0.022440646,0.01172676,0.01172676,0.008855873,0.008855873,0.012054075,0.012054075,0.039585296,0.039585296,0.006912298,0.006912298,0.006912298,0.048501205,0.048501205,0.029726274,0.029726274,0.02321968,0.02321968,0.015702426,0.015702426,0.033169553,0.033169553,0.008757351,0.008757351,0.006537184,0.006537184,0.010249057,0.010249057,0.004806958,0.004806958,0.006235903,0.006235903,0.008008515,0.008008515,0.011978733,0.011978733,0.011978733,0.018059868,0.018059868,0.015281164,0.015281164,0.039079525,0.039079525,0.012603129,0.012603129,0.012961001,0.012961001,0.006666231,0.006666231,0.03148111,0.03148111,0.01965149,0.01965149,0.008619336,0.008619336,0.0089987,0.0089987,0.00566124,0.00566124,0.000543536,0.000543536,0.000543536,0.004725146,0.004725146,0.00274766,0.00274766,0.003126587,0.003126587,0.004190064,0.004190064,0.006917943,0.006917943,0.002323179,0.002323179,0.004746893,0.004746893,0.002109134,0.002109134,0.00675891,0.00675891,0.007358285,0.007358285,0.006685057,0.006685057,0.002640985,0.002640985,0.002640985,0.003326966,0.003326966,0.004409605,0.004409605,0.005784948,0.005784948,0.009125466,0.009125466,0.002589861,0.002589861,0.007440699,0.007440699,0.004852368,0.004852368,0.000932258,0.000932258,0.003347833,0.003347833,0.001049038,0.001049038,0.001178334,0.001178334,0.002496337,0.002496337,0.002496337,0.001635775,0.001635775,0.02769236,0.02769236,0.002559634,0.002559634,0.000928063,0.000928063,0.000960206,0.000960206,0.000459083,0.000459083,0.00203991,0.00203991,0.001071007,0.001071007,0.14930204,0.14930204,0.8567598,0.8567598,0.870227,0.870227,0.95072836,0.95072836,0.95072836,0.50419104,0.50419104,0.61410207,0.61410207,0.008304877,0.008304877,0.014065107,0.014065107,0.2985623,0.2985623,0.22275333,0.22275333,0.22756924,0.22756924,0.60208064,0.60208064,0.030607436,0.030607436,0.000214118,0.000214118,0.00062346,0.00062346,1
0.000148872,0.000148872,0.000148872,0.005687069,0.005687069,0.011251523,0.011251523,0.007854388,0.007854388,0.003317686,0.003317686,0.003697277,0.003697277,0.010294756,0.010294756,0.00266289,0.00266289,0.002570158,0.002570158,0.005011906,0.005011906,0.002228888,0.002228888,0.00195255,0.00195255,0.001288189,0.001288189,0.001288189,0.021490732,0.021490732,0.006126796,0.006126796,0.17255525,0.17255525,0.9537193,0.9537193,0.3994071,0.3994071,0.10520199,0.10520199,0.019902978,0.019902978,0.01929898,0.01929898,0.004525254,0.004525254,0.013688485,0.013688485,0.10165871,0.10165871,0.006982557,0.006982557,0.006982557,0.018894281,0.018894281,0.002419325,0.002419325,0.001540842,0.001540842,0.000978111,0.000978111,0.001187196,0.001187196,0.000461654,0.000461654,0.001399388,0.001399388,0.001286406,0.001286406,0.008840434,0.008840434,0.000790893,0.000790893,0.001668241,0.001668241,0.002002406,0.002002406,0.002002406,0.001689469,0.001689469,0.002795295,0.002795295,0.001665934,0.001665934,0.002226736,0.002226736,0.002332995,0.002332995,0.011237968,0.011237968,0.015623931,0.015623931,0.002031936,0.002031936,0.002524174,0.002524174,0.004556776,0.004556776,0.38822764,0.38822764,0.8384753,0.8384753,0.8384753,0.48925743,0.48925743,0.031300683,0.031300683,0.009573949,0.009573949,0.004934479,0.004934479,0.011163652,0.011163652,0.003072897,0.003072897,0.001348736,0.001348736,0.000346748,0.000346748,0.000108086,0.000108086,0.000239156,0.000239156,0.000287492,0.000287492,0.000151666,0.000151666,0.000151666,0.000276827,0.000276827,0.000445772,0.000445772,0.001715543,0.001715543,0.000540292,0.000540292,0.000234966,0.000234966,0.001552942,0.001552942,0.000224511,0.000224511,0.000308536,0.000308536,0.000599546,0.000599546,0.001157911,0.001157911,0.000403169,0.000403169,0.000309057,0.000309057,0.000309057,0.000199643,0.000199643,5.99E-05,5.99E-05,2.71E-05,2.71E-05,0.00012767,0.00012767,0.000113799,0.000113799,0.000451298,0.000451298,0.000377456,0.000377456,0.002896021,0.002896021,0.000701632,0.000701632,0.000184287,0.000184287,0.000400366,0.000400366,0.000188296,0.000188296,0.000188296,0.000103911,0.000103911,7.19E-05,7.19E-05,0.000127072,0.000127072,3.02E-05,3.02E-05,3.02E-05,3.02E-05,4.54E-05,4.54E-05,6.43E-05,6.43E-05,1.83E-05,1.83E-05,0.000187461,0.000187461,3.54E-05,3.54E-05,4.35E-05,4.35E-05,3.33E-05,3.33E-05,3.33E-05,1.96E-05,1.96E-05,5.15E-05,5.15E-05,4.15E-05,4.15E-05,6.67E-05,6.67E-05,3.50E-05,3.50E-05,7.99E-05,7.99E-05,0.000838521,0.000838521,0.00024676,0.00024676,4.48E-05,4.48E-05,3.33E-05,3.33E-05,3.15E-05,3.15E-05,1
3.13E-05,3.13E-05,3.13E-05,4.43E-05,4.43E-05,1.65E-05,1.65E-05,2.95E-05,2.95E-05,1.67E-05,1.67E-05,0.000827471,0.000827471,0.000163155,0.000163155,0.000494178,0.000494178,0.000166681,0.000166681,0.000274752,0.000274752,9.35E-05,9.35E-05,0.000195817,0.000195817,0.000118265,0.000118265,0.000118265,7.72E-05,7.72E-05,6.95E-05,6.95E-05,0.000591107,0.000591107,0.000412385,0.000412385,0.000195007,0.000195007,8.97E-05,8.97E-05,0.000114415,0.000114415,9.71E-05,9.71E-05,0.000142294,0.000142294,6.16E-05,6.16E-05,4.25E-05,4.25E-05,6.45E-05,6.45E-05,6.45E-05,0.000640164,0.000640164,6.37E-05,6.37E-05,0.000115759,0.000115759,0.000250461,0.000250461,0.011791202,0.011791202,0.7492077,0.7492077,0.87465876,0.87465876,0.21189338,0.21189338,0.03520934,0.03520934,0.075012036,0.075012036,0.009163997,0.009163997,0.004501563,0.004501563,0.004501563,0.001864085,0.001864085,0.002882657,0.002882657,0.003066742,0.003066742,0.001330828,0.001330828,0.002337489,0.002337489,0.002829907,0.002829907,0.005523347,0.005523347,0.00052162,0.00052162,0.000545558,0.000545558,0.000400806,0.000400806,0.000395048,0.000395048,0.000417384,0.000417384,0.000417384,0.000469869,0.000469869,0.000340963,0.000340963,0.000110163,0.000110163,0.000127978,0.000127978,0.000316212,0.000316212,0.001147376,0.001147376,0.002634993,0.002634993,0.0016633,0.0016633,0.17521049,0.17521049,0.8147032,0.8147032,0.637427,0.637427,0.28890473,0.28890473,0.28890473,0.35789588,0.35789588,0.013594613,0.013594613,0.001441155,0.001441155,0.003100923,0.003100923,0.006492314,0.006492314,0.00116128,0.00116128,0.000947499,0.000947499,0.000718841,0.000718841,0.00036792,0.00036792,0.000302996,0.000302996,0.000592901,0.000592901,0.00022124,0.00022124,0.00022124,0.000279459,0.000279459,0.000431204,0.000431204,0.001242376,0.001242376,0.00225007,0.00225007,0.000205551,0.000205551,0.000109839,0.000109839,9.07E-05,9.07E-05,3.03E-05,3.03E-05,3.34E-05,3.34E-05,0.000235348,0.000235348,0.000459909,0.000459909,0.000464272,0.000464272,0.000464272,0.001151962,0.001151962,0.000282924,0.000282924,0.07137501,0.07137501,0.8938822,0.8938822,0.84688485,0.84688485,0.6910947,0.6910947,0.12917842,0.12917842,0.058490228,0.058490228,0.013946711,0.013946711,0.001838588,0.001838588,0.004266494,0.004266494,0.000916539,0.000916539,0.000916539,0.000897637,0.000897637,8.85E-05,8.85E-05,0.000148345,0.000148345,6.11E-05,6.11E-05,0.000105505,0.000105505,0.000101489,0.000101489,0.000231443,0.000231443,0.00014328,0.00014328,0.000696635,0.000696635,0.000217893,0.000217893,0.000187884,0.000187884,1
8.56E-05,8.56E-05,8.56E-05,7.66E-05,7.66E-05,6.07E-05,6.07E-05,0.000222053,0.000222053,0.00019106,0.00019106,0.000193952,0.000193952,0.00036644,0.00036644,0.00076441,0.00076441,0.000158236,0.000158236,0.000208183,0.000208183,0.00014479,0.00014479,0.000131962,0.000131962,0.000178604,0.000178604,0.000178604,0.000117996,0.000117996,7.59E-05,7.59E-05,0.000188138,0.000188138,6.16E-05,6.16E-05,0.000519139,0.000519139,0.000101322,0.000101322,5.04E-05,5.04E-05,4.01E-05,4.01E-05,2.07E-05,2.07E-05,1.51E-05,1.51E-05,1.60E-05,1.60E-05,8.33E-06,8.33E-06,8.33E-06,1.49E-05,1.49E-05,1.96E-05,1.96E-05,0.001094733,0.001094733,0.034260962,0.034260962,0.45789465,0.45789465,0.64361787,0.64361787,0.020382851,0.020382851,0.006598949,0.006598949,0.000865887,0.000865887,0.000638587,0.000638587,0.00018495,0.00018495,0.000202023,0.000202023,0.000202023,0.000353557,0.000353557,0.000120587,0.000120587,0.000102222,0.000102222,0.000149762,0.000149762,8.04E-05,8.04E-05,9.30E-05,9.30E-05,0.000103182,0.000103182,0.000120757,0.000120757,9.76E-05,9.76E-05,4.79E-05,4.79E-05,0.00010354,0.00010354,1.68E-05,1.68E-05,1.68E-05,6.39E-05,6.39E-05,0.000423717,0.000423717,0.000267072,0.000267072,5.47E-05,5.47E-05,0.000109538,0.000109538,5.60E-05,5.60E-05,3.14E-05,3.14E-05,5.43E-05,5.43E-05,0.000193129,0.000193129,4.70E-05,4.70E-05,2.64E-05,2.64E-05,2.77E-05,2.77E-05,2.77E-05,4.09E-05,4.09E-05,8.87E-05,8.87E-05,4.76E-05,4.76E-05,5.81E-05,5.81E-05,7.74E-05,7.74E-05,0.000226894,0.000226894,0.002217605,0.002217605,0.000523894,0.000523894,0.000577295,0.000577295,0.000273389,0.000273389,0.00022383,0.00022383,0.000695055,0.000695055,0.000695055,0.00260542,0.00260542,0.000307061,0.000307061,0.00023249,0.00023249,0.000365337,0.000365337,0.000884466,0.000884466,0.000645118,0.000645118,0.00174472,0.00174472,0.000243552,0.000243552,0.000743743,0.000743743,0.003789268,0.003789268,0.001255393,0.001255393,0.00053888,0.00053888,0.00053888,0.000797261,0.000797261,0.000157412,0.000157412,0.000437577,0.000437577,0.000188958,0.000188958,0.001083049,0.001083049,0.001564852,0.001564852,0.000159207,0.000159207,0.000165427,0.000165427,0.000113897,0.000113897,0.000420554,0.000420554,0.000385601,0.000385601,0.000155529,0.000155529,0.000155529,0.000488382,0.000488382,0.000104391,0.000104391,9.99E-05,9.99E-05,7.41E-05,7.41E-05,3.64E-05,3.64E-05,2.66E-05,2.66E-05,1.80E-05,1.80E-05,1.15E-05,1.15E-05,2.31E-05,2.31E-05,2.67E-05,2.67E-05,0.00037009,0.00037009,1
9.49E-05,9.49E-05,9.49E-05,6.24E-05,6.24E-05,6.44E-05,6.44E-05,0.000111386,0.000111386,0.000138578,0.000138578,0.00021301,0.00021301,0.000373948,0.000373948,0.000810686,0.000810686,0.000497415,0.000497415,0.004549575,0.004549575,0.000440626,0.000440626,0.000781771,0.000781771,0.000693651,0.000693651,0.000693651,0.002250913,0.002250913,0.001219456,0.001219456,0.001134141,0.001134141,0.002028272,0.002028272,0.001049757,0.001049757,0.00342436,0.00342436,0.006717145,0.006717145,0.005250178,0.005250178,0.026730172,0.026730172,0.3603167,0.3603167,0.26310414,0.26310414,0.0315177,0.0315177,0.0315177,0.14753823,0.14753823,0.020203626,0.020203626,0.000101162,0.000101162,8.79E-05,8.79E-05,0.00173771,0.00173771,0.000237437,0.000237437,0.000154731,0.000154731,0.000273534,0.000273534,0.000951744,0.000951744,0.0012482,0.0012482,0.00041713,0.00041713,0.000814682,0.000814682,0.000814682,0.002979752,0.002979752,0.001539602,0.001539602,0.00748948,0.00748948,0.001705627,0.001705627,0.000240446,0.000240446,0.000142426,0.000142426,0.000150124,0.000150124,0.000829161,0.000829161,0.001694049,0.001694049,0.000411632,0.000411632,0.000361751,0.000361751,0.000217453,0.000217453,0.000217453,0.003562712,0.003562712,0.000808857,0.000808857,0.000134576,0.000134576,0.000370554,0.000370554,0.000591791,0.000591791,0.002824946,0.002824946,0.00119372,0.00119372,0.002347004,0.002347004,0.000956745,0.000956745,0.001214231,0.001214231,0.001801904,0.001801904,0.000436892,0.000436892,0.000436892,0.001361458,0.001361458,0.004994708,0.004994708,0.001587165,0.001587165,0.002432068,0.002432068,0.002152772,0.002152772,0.001426324,0.001426324,0.000910823,0.000910823,0.000972594,0.000972594,0.004111066,0.004111066,0.001827166,0.001827166,0.001068935,0.001068935,0.000371435,0.000371435,0.000371435,0.000339481,0.000339481,0.001028255,0.001028255,0.000128546,0.000128546,8.74E-05,8.74E-05,9.20E-05,9.20E-05,0.000174803,0.000174803,0.001663579,0.001663579,0.000723834,0.000723834,0.00290309,0.00290309,0.001200356,0.001200356,0.000687802,0.000687802,0.000130578,0.000130578,0.000130578,0.000107657,0.000107657,0.000150384,0.000150384,0.003536592,0.003536592,0.77101094,0.77101094,0.85736907,0.85736907,0.84868157,0.84868157,0.023061799,0.023061799,0.014728296,0.014728296,0.006325076,0.006325076,0.000732832,0.000732832,0.000426575,0.000426575,0.000140946,0.000140946,0.000140946,0.000227874,0.000227874,0.000566901,0.000566901,0.00323358,0.00323358,0.000699103,0.000699103,0.001035761,0.001035761,0.000988524,0.000988524,0.001002221,0.001002221,0.000410514,0.000410514,0.001288514,0.001288514,0.002198179,0.002198179,0.004791748,0.004791748,1
0.005085317,0.005085317,0.005085317,0.00143612,0.00143612,0.000242861,0.000242861,0.000153521,0.000153521,0.000138328,0.000138328,0.000143655,0.000143655,0.000382178,0.000382178,0.000257964,0.000257964,0.000223724,0.000223724,0.000402415,0.000402415,0.000177944,0.000177944,0.000418437,0.000418437,4.79E-05,4.79E-05,4.79E-05,4.89E-05,4.89E-05,3.16E-05,3.16E-05,9.21E-05,9.21E-05,0.000666742,0.000666742,0.000185154,0.000185154,8.09E-05,8.09E-05,0.000122794,0.000122794,0.000148566,0.000148566,0.001185715,0.001185715,0.000116023,0.000116023,6.19E-05,6.19E-05,6.60E-05,6.60E-05,6.60E-05,0.000120018,0.000120018,0.000842358,0.000842358,0.000502639,0.000502639,0.000880973,0.000880973,0.002688353,0.002688353,0.002079719,0.002079719,0.012500056,0.012500056,0.00160171,0.00160171,0.000281936,0.000281936,0.020679567,0.020679567,0.01192553,0.01192553,0.37546226,0.37546226,0.37546226,0.48492968,0.48492968,0.8733368,0.8733368,0.08727853,0.08727853,0.016016737,0.016016737,0.008577842,0.008577842,0.002139605,0.002139605,0.000274112,0.000274112,7.13E-05,7.13E-05,9.07E-05,9.07E-05,0.000202545,0.000202545,6.64E-05,6.64E-05,0.000119553,0.000119553,0.000119553,0.000169537,0.000169537,3.73E-05,3.73E-05,0.000222658,0.000222658,5.79E-05,5.79E-05,7.31E-05,7.31E-05,8.59E-05,8.59E-05,0.000207251,0.000207251,3.58E-05,3.58E-05,2.72E-05,2.72E-05,2.86E-05,2.86E-05,6.52E-05,6.52E-05,8.85E-05,8.85E-05,8.85E-05,0.001034328,0.001034328,0.000396996,0.000396996,0.005056988,0.005056988,0.63000125,0.63000125,0.680338,0.680338,0.79771984,0.79771984,0.967191,0.967191,0.40020326,0.40020326,0.06930147,0.06930147,0.00121234,0.00121234,0.01279965,0.01279965,0.001900652,0.001900652,0.001900652,0.00121046,0.00121046,0.00133825,0.00133825,0.002909637,0.002909637,0.001553843,0.001553843,0.000506898,0.000506898,0.000911142,0.000911142,0.00020856,0.00020856,0.00011928,0.00011928,0.002046246,0.002046246,0.000443951,0.000443951,0.00011986,0.00011986,0.000165494,0.000165494,0.000165494,0.001870572,0.001870572,0.00027335,0.00027335,0.000191472,0.000191472,0.000143392,0.000143392,0.000149054,0.000149054,0.000240338,0.000240338,0.001119312,0.001119312,0.000273992,0.000273992,0.000198227,0.000198227,0.000167623,0.000167623,1.00E-04,1.00E-04,5.53E-05,5.53E-05,5.53E-05,0.000146424,0.000146424,0.000265341,0.000265341,9.16E-05,9.16E-05,0.00019105,0.00019105,0.000952565,0.000952565,0.000758523,0.000758523,0.004953001,0.004953001,0.005784547,0.005784547,0.001350557,0.001350557,0.001096424,0.001096424,0.001463394,0.001463394,1
0.000644257,0.000644257,0.000644257,0.003492094,0.003492094,0.00133378,0.00133378,0.001804275,0.001804275,0.000531903,0.000531903,0.000695838,0.000695838,0.42240807,0.42240807,0.8933469,0.8933469,0.20463927,0.20463927,0.008115434,0.008115434,0.000745607,0.000745607,0.000136144,0.000136144,0.000131778,0.000131778,0.000131778,0.00069353,0.00069353,0.000255551,0.000255551,0.000140386,0.000140386,0.00013249,0.00013249,0.000156575,0.000156575,9.56E-05,9.56E-05,0.000112999,0.000112999,0.000182465,0.000182465,5.52E-05,5.52E-05,0.000118427,0.000118427,0.00133086,0.00133086,0.001690215,0.001690215,0.001690215,0.00144575,0.00144575,0.000656669,0.000656669,0.000375546,0.000375546,0.002595077,0.002595077,0.0004668,0.0004668,0.00071874,0.00071874,0.000584774,0.000584774,0.000255659,0.000255659,0.000548835,0.000548835,5.06E-05,5.06E-05,2.94E-05,2.94E-05,4.48E-05,4.48E-05,4.48E-05,3.13E-05,3.13E-05,3.68E-05,3.68E-05,4.08E-05,4.08E-05,5.37E-05,5.37E-05,4.50E-05,4.50E-05,3.57E-05,3.57E-05,0.000401845,0.000401845,8.03E-05,8.03E-05,0.000119173,0.000119173,7.70E-05,7.70E-05,0.000232866,0.000232866,0.00014342,0.00014342,0.00014342,0.000117633,0.000117633,8.22E-05,8.22E-05,0.000117271,0.000117271,4.92E-05,4.92E-05,0.000298297,0.000298297,9.92E-05,9.92E-05,2.65E-05,2.65E-05,0.000484808,0.000484808,0.38926348,0.38926348,0.66684663,0.66684663,0.022803528,0.022803528,0.015031202,0.015031202,0.015031202,0.000223449,0.000223449,0.000753383,0.000753383,0.001151055,0.001151055,0.000181735,0.000181735,0.000102987,0.000102987,0.000219562,0.000219562,0.001828098,0.001828098,0.001323857,0.001323857,0.001564002,0.001564002,0.001906129,0.001906129,0.00031013,0.00031013,0.000212024,0.000212024,0.000212024,0.00142558,0.00142558,0.001093848,0.001093848,0.000618829,0.000618829,0.000940468,0.000940468,0.000463926,0.000463926,0.000264284,0.000264284,0.005090961,0.005090961,0.003104547,0.003104547,0.007049642,0.007049642,0.000470627,0.000470627,0.001466153,0.001466153,0.000486338,0.000486338,0.000486338,0.000313664,0.000313664,0.000795259,0.000795259,0.001454877,0.001454877,0.002300701,0.002300701,0.097784586,0.097784586,0.67918766,0.67918766,0.9486364,0.9486364,0.7932209,0.7932209,0.4177902,0.4177902,0.019355876,0.019355876,0.002779341,0.002779341,0.001217186,0.001217186,0.001217186,0.001063623,0.001063623,0.000672251,0.000672251,0.000864555,0.000864555,0.00022518,0.00022518,0.00070781,0.00070781,0.000770772,0.000770772,0.006172667,0.006172667,0.004327597,0.004327597,0.0033937,0.0033937,0.000810496,0.000810496,0.002618894,0.002618894,1
0.003415117,0.003415117,0.003415117,0.00235268,0.00235268,0.002784492,0.002784492,0.005679532,0.005679532,0.014544653,0.014544653,0.034138616,0.034138616,0.03906089,0.03906089,0.024362385,0.024362385,0.007797374,0.007797374,0.029788498,0.029788498,0.005539419,0.005539419,0.001597804,0.001597804,0.003856781,0.003856781,0.003856781,0.028653685,0.028653685,0.38587728,0.38587728,0.6742538,0.6742538,0.4002042,0.4002042,0.019716058,0.019716058,0.007702853,0.007702853,0.001996814,0.001996814,0.016350647,0.016350647,0.008322749,0.008322749,0.052901316,0.052901316,0.06481222,0.06481222,0.023950674,0.023950674,0.023950674,0.06131862,0.06131862,0.010712802,0.010712802,0.006012515,0.006012515,0.051702797,0.051702797,0.50927365,0.50927365,0.58566064,0.58566064,0.45683378,0.45683378,0.7174419,0.7174419,0.61160195,0.61160195,0.41557297,0.41557297,0.7344186,0.7344186,0.5768725,0.5768725,0.5768725,0.69929755,0.69929755,0.73608315,0.73608315,0.20561993,0.20561993,0.002629501,0.002629501,0.003186706,0.003186706,0.00062631,0.00062631,0.000633804,0.000633804,0.000674412,0.000674412,0.00611056,0.00611056,0.000772848,0.000772848,0.001316911,0.001316911,0.000224745,0.000224745,0.000224745,0.001265749,0.001265749,0.003082518,0.003082518,0.003565937,0.003565937,0.001549285,0.001549285,0.001151645,0.001151645,0.000335294,0.000335294,0.007990345,0.007990345,0.003300499,0.003300499,0.004680796,0.004680796,0.000632154,0.000632154,0.004660318,0.004660318,0.00164073,0.00164073,0.00164073,0.001837553,0.001837553,0.000342403,0.000342403,0.00026757,0.00026757,0.002312701,0.002312701,0.005094909,0.005094909,8.40E-05,8.40E-05,0.000234398,0.000234398,0.000177978,0.000177978,0.000263681,0.000263681,0.000758964,0.000758964,0.002910623,0.002910623,0.001040977,0.001040977,0.001040977,0.000503891,0.000503891,0.001375585,0.001375585,0.011415655,0.011415655,0.020683883,0.020683883,0.41254744,0.41254744,0.4999651,0.4999651,0.6162568,0.6162568,0.25741184,0.25741184,0.030659867,0.030659867,0.007824413,0.007824413,0.012407824,0.012407824,0.003829143,0.003829143,0.003829143,0.06775355,0.06775355,0.004168263,0.004168263,0.000637782,0.000637782,0.005112545,0.005112545,0.009263745,0.009263745,0.002586493,0.002586493,0.005404872,0.005404872,0.006887358,0.006887358,0.005304094,0.005304094,0.0031408,0.0031408,0.00734838,0.00734838,0.006997666,0.006997666,0.006997666,0.00469945,0.00469945,0.005520179,0.005520179,0.002781808,0.002781808,0.003687722,0.003687722,0.003835587,0.003835587,0.010947602,0.010947602,0.011354492,0.011354492,0.002281901,0.002281901,0.000960148,0.000960148,0.000424863,0.000424863,0.000715247,0.000715247,1
0.00372542,0.00372542,0.00372542,0.014282296,0.014282296,0.017022626,0.017022626,0.002491826,0.002491826,0.000471095,0.000471095,0.001383865,0.001383865,0.001377833,0.001377833,0.003365419,0.003365419,0.000385867,0.000385867,0.000307343,0.000307343,0.000515317,0.000515317,0.000718987,0.000718987,0.00220491,0.00220491,0.00220491,0.000171437,0.000171437,0.000407954,0.000407954,0.000319837,0.000319837,0.000990556,0.000990556,0.004534298,0.004534298,0.002272332,0.002272332,0.000790544,0.000790544,0.000793003,0.000793003,0.000582805,0.000582805,0.00538312,0.00538312,0.001204197,0.001204197,0.000446857,0.000446857,0.000446857,0.000907265,0.000907265,0.000508272,0.000508272,0.010027619,0.010027619,0.00439223,0.00439223,0.00373591,0.00373591,0.004433449,0.004433449,0.001630673,0.001630673,0.001098907,0.001098907,0.0942578,0.0942578,0.73995656,0.73995656,0.8965648,0.8965648,0.13184935,0.13184935,0.13184935,0.005720049,0.005720049,0.000851014,0.000851014,0.000278021,0.000278021,0.000177213,0.000177213,0.000407917,0.000407917,0.001411468,0.001411468,0.003636707,0.003636707,0.000103532,0.000103532,0.000194204,0.000194204,0.000425101,0.000425101,0.001419601,0.001419601,0.000241251,0.000241251,0.000241251,0.001599072,0.001599072,0.001461179,0.001461179,0.000366688,0.000366688,0.000767343,0.000767343,0.000660986,0.000660986,0.000691779,0.000691779,7.26E-05,7.26E-05,2.78E-05,2.78E-05,0.000219849,0.000219849,8.21E-05,8.21E-05,2.41E-05,2.41E-05,1.41E-05,1.41E-05,1.41E-05,2.58E-05,2.58E-05,3.66E-05,3.66E-05,2.61E-05,2.61E-05,2.09E-05,2.09E-05,7.31E-05,7.31E-05,4.25E-05,4.25E-05,0.000512486,0.000512486,0.000192394,0.000192394,0.000187333,0.000187333,0.000122257,0.000122257,7.17E-05,7.17E-05,6.43E-05,6.43E-05,6.43E-05,0.000647778,0.000647778,0.000299324,0.000299324,0.000781284,0.000781284,0.000257183,0.000257183,0.00346583,0.00346583,0.000473632,0.000473632,8.24E-05,8.24E-05,4.88E-05,4.88E-05,0.000179022,0.000179022,0.000147553,0.000147553,0.000399889,0.000399889,0.001513058,0.001513058,0.001513058,0.001689595,0.001689595,0.000358652,0.000358652,0.001785037,0.001785037,0.001475447,0.001475447,0.00093368,0.00093368,0.001033103,0.001033103,0.00111669,0.00111669,0.000692699,0.000692699,0.003950721,0.003950721,0.000285404,0.000285404,0.002513897,0.002513897,0.002091982,0.002091982,0.002091982,0.007616837,0.007616837,0.002671461,0.002671461,0.00034297,0.00034297,0.001280166,0.001280166,0.001412703,0.001412703,0.002606266,0.002606266,0.00102246,0.00102246,0.004647686,0.004647686,0.00561562,0.00561562,0.007842735,0.007842735,0.06744524,0.06744524,1
0.000132467,0.000132467,6.19E-05,6.19E-05,9.56E-05,9.56E-05,0.005688293,0.005688293,0.012638962,0.012638962,0.005609959,0.005609959,0.008811783,0.008811783,0.008743615,0.008743615,0.007270538,0.007270538,0.020899028,0.020899028,0.004941975,0.004941975,0.004375078,0.004375078,0.002374642,0.002374642,0.001071245,0.001071245,0.000469653,0.000469653,0.000554026,0.000554026,0.000270043,0.000270043,0.000253782,0.000253782,0.000194163,0.000194163,0.000827262,0.000827262,0.000102719,0.000102719,5.05E-05,5.05E-05,1.91E-05,1.91E-05,1.61E-05,1.61E-05,2.07E-05,2.07E-05,3.63E-05,3.63E-05,3.60E-05,3.60E-05,2.90E-05,2.90E-05,1.68E-05,1.68E-05,0.000565724,0.000565724,3.10E-05,3.10E-05,2.05E-05,2.05E-05,1.61E-05,1.61E-05,1.63E-05,1.63E-05,7.11E-05,7.11E-05,5.26E-05,5.26E-05,7.48E-05,7.48E-05,7.07E-05,7.07E-05,9.93E-05,9.93E-05,0.000672454,0.000672454,0.000219123,0.000219123,6.51E-05,6.51E-05,8.09E-05,8.09E-05,8.99E-05,8.99E-05,7.67E-05,7.67E-05,9.72E-05,9.72E-05,2.50E-05,2.50E-05,7.45E-05,7.45E-05,4.49E-05,4.49E-05,0.000757045,0.000757045,7.53E-05,7.53E-05,4.80E-05,4.80E-05,1.96E-05,1.96E-05,3.27E-05,3.27E-05,1.80E-05,1.80E-05,7.75E-05,7.75E-05,0.012342365,0.012342365,0.07500663,0.07500663,0.113065004,0.113065004,0.043616418,0.043616418,0.001545789,0.001545789,0.00160507,0.00160507,0.000369057,0.000369057,0.000415153,0.000415153,8.87E-05,8.87E-05,3.32E-05,3.32E-05,4.90E-05,4.90E-05,5.47E-05,5.47E-05,2.48E-05,2.48E-05,0.000316841,0.000316841,4.65E-05,4.65E-05,3.60E-05,3.60E-05,2.75E-05,2.75E-05,2.57E-05,2.57E-05,2.14E-05,2.14E-05,1.68E-05,1.68E-05,1.51E-05,1.51E-05,1.78E-05,1.78E-05,1.73E-05,1.73E-05,0.000428005,0.000428005,2.73E-05,2.73E-05,1.45E-05,1.45E-05,2.51E-05,2.51E-05,2.45E-05,2.45E-05,3.20E-05,3.20E-05,1.54E-05,1.54E-05,2.16E-05,2.16E-05,2.04E-05,2.04E-05,2.51E-05,2.51E-05,0.000426143,0.000426143,5.65E-05,5.65E-05,3.56E-05,3.56E-05,1.76E-05,1.76E-05,1.75E-05,1.75E-05,2.34E-05,2.34E-05,1.72E-05,1.72E-05,2.04E-05,2.04E-05,2.18E-05,2.18E-05,1.90E-05,1.90E-05,0.00022085,0.00022085,0.000134237,0.000134237,8.09E-05,8.09E-05,4.65E-05,4.65E-05,2.51E-05,2.51E-05,2.01E-05,2.01E-05,1.81E-05,1.81E-05,2.19E-05,2.19E-05,2.50E-05,2.50E-05,9.28E-05,9.28E-05,0.000849824,0.000849824,4.96E-05,4.96E-05,9.02E-05,9.02E-05,9.35E-05,1
9.35E-05,0.000203351,0.000203351,0.000908524,0.000908524,0.002527661,0.002527661,0.002274112,0.002274112,0.000913136,0.000913136,0.001589904,0.001589904,0.00416699,0.00416699,0.002654978,0.002654978,0.00505692,0.00505692,0.004847351,0.004847351,0.001799058,0.001799058,0.003482107,0.003482107,0.005653646,0.005653646,0.006512372,0.006512372,0.008193155,0.008193155,0.009510782,0.009510782,0.02052393,0.02052393,0.001650584,0.001650584,0.000913447,0.000913447,0.000855428,0.000855428,0.001751438,0.001751438,0.000758627,0.000758627,0.002166439,0.002166439,0.001034644,0.001034644,0.001155013,0.001155013,0.000850838,0.000850838,0.00940348,0.00940348,0.000591777,0.000591777,0.001551083,0.001551083,0.000373889,0.000373889,0.000224026,0.000224026,5.32E-05,5.32E-05,3.60E-05,3.60E-05,2.32E-05,2.32E-05,1.80E-05,1.80E-05,1.52E-05,1.52E-05,0.000434836,0.000434836,2.38E-05,2.38E-05,1.62E-05,1.62E-05,3.54E-05,3.54E-05,1.37E-05,1.37E-05,1.49E-05,1.49E-05,1.75E-05,1.75E-05,6.47E-05,6.47E-05,1.55E-05,1.55E-05,1.87E-05,1.87E-05,0.000276857,0.000276857,3.66E-05,3.66E-05,2.59E-05,2.59E-05,3.08E-05,3.08E-05,2.48E-05,2.48E-05,4.71E-05,4.71E-05,4.38E-05,4.38E-05,4.18E-05,4.18E-05,5.98E-05,5.98E-05,2.10E-05,2.10E-05,0.00032534,0.00032534,0.010863184,0.010863184,0.007475375,0.007475375,0.001631186,0.001631186,0.000181009,0.000181009,7.25E-05,7.25E-05,2.87E-05,2.87E-05,3.32E-05,3.32E-05,3.39E-05,3.39E-05,2.11E-05,2.11E-05,0.000279907,0.000279907,3.67E-05,3.67E-05,4.20E-05,4.20E-05,2.38E-05,2.38E-05,5.90E-05,5.90E-05,3.42E-05,3.42E-05,3.58E-05,3.58E-05,2.35E-05,2.35E-05,3.48E-05,3.48E-05,5.07E-05,5.07E-05,0.00031798,0.00031798,8.86E-05,8.86E-05,7.66E-05,7.66E-05,4.92E-05,4.92E-05,4.13E-05,4.13E-05,5.62E-05,5.62E-05,0.000102692,0.000102692,5.83E-05,5.83E-05,7.42E-05,7.42E-05,6.88E-05,6.88E-05,0.000655202,0.000655202,8.20E-05,8.20E-05,3.37E-05,3.37E-05,3.33E-05,3.33E-05,4.58E-05,4.58E-05,1.92E-05,1.92E-05,2.65E-05,2.65E-05,3.60E-05,3.60E-05,2.08E-05,2.08E-05,3.14E-05,3.14E-05,0.000350679,0.000350679,3.64E-05,3.64E-05,4.13E-05,4.13E-05,4.95E-05,4.95E-05,3.96E-05,3.96E-05,8.52E-05,8.52E-05,4.27E-05,4.27E-05,3.25E-05,3.25E-05,3.60E-05,3.60E-05,2.54E-05,2.54E-05,0.00046671,0.00046671,5.54E-05,5.54E-05,2.16E-05,2.16E-05,3.16E-05,3.16E-05,2.97E-05,2.97E-05,3.33E-05,3.33E-05,1
0.000369169,0.000369169,2.68E-05,2.68E-05,1.53E-05,4.23E-06,4.23E-06,2.09E-06,2.09E-06,2.38E-06,1.37E-06,1.37E-06,1.27E-06,1.27E-06,1.40E-06,2.49E-05,2.49E-05,3.95E-06,3.95E-06,2.56E-06,2.20E-06,2.20E-06,3.39E-06,3.39E-06,3.13E-06,3.13E-06,3.13E-06,3.68E-06,3.68E-06,5.03E-06,4.79E-06,4.79E-06,4.92E-05,4.92E-05,6.81E-06,2.92E-06,2.92E-06,2.52E-06,2.52E-06,1.82E-06,1.50E-06,1.50E-06,1.44E-06,1.44E-06,9.85E-07,9.30E-07,9.30E-07,7.02E-07,7.02E-07,1.56E-05,2.17E-06,2.17E-06,1.51E-06,1.51E-06,2.07E-05,0.000107961,0.000107961,5.80E-06,5.80E-06,2.31E-06,2.14E-06,2.14E-06,1.75E-06,1.75E-06,1.92E-06,1.66E-05,1.66E-05,2.45E-06,2.45E-06,1.70E-06,0.5981712,0.5981712,0.79477227,0.79477227,0.08855179,7.88E-06,7.88E-06,1.88E-06,1.88E-06,6.09E-06,9.92E-06,9.92E-06,0.006318321,0.006318321,0.000501174,1.13E-05,1.13E-05,3.63E-06,3.63E-06,1.78E-06,1.51E-06,1.51E-06,1.37E-06,1.37E-06,1.35E-06,1.39E-06,1.39E-06,1.16E-06,1.16E-06,1.75E-05,2.67E-06,2.67E-06,1.92E-06,1.92E-06,1.92E-06,1.96E-06,1.96E-06,1.77E-06,1.77E-06,1.98E-06,2.02E-06,2.02E-06,1.81E-06,1.81E-06,2.19E-06,0.001162049,0.001162049,0.002412491,0.002412491,1.63E-05,1.53E-06,1.53E-06,1.10E-06,1.10E-06,9.53E-07,1.06E-06,1.06E-06,1.10E-06,1.10E-06,1.30E-06,1.32E-06,1.32E-06,1.45E-05,1.45E-05,2.08E-06,1.61E-06,1.61E-06,1.12E-06,1.12E-06,9.88E-07,8.82E-07,8.82E-07,7.51E-07,7.51E-07,7.85E-07,7.76E-07,7.76E-07,7.18E-07,7.18E-07,9.89E-06,1.18E-06,1.18E-06,7.81E-07,7.81E-07,7.75E-07,7.83E-07,7.83E-07,8.86E-07,8.86E-07,9.78E-07,1.14E-06,1.14E-06,1.13E-06,1.13E-06,1.15E-06,1.38E-05,1.38E-05,1.98E-06,1.98E-06,1.45E-06,1.20E-06,1.20E-06,1.21E-06,1.21E-06,1.34E-06,1.22E-06,1.22E-06,1.29E-06,1.29E-06,2.86E-06,9.10E-05,9.10E-05,0.000108692,0.000108692,3.25E-06,1.48E-06,1.48E-06,9.52E-07,9.52E-07,1.09E-06,1.23E-06,1.23E-06,1.10E-06,1.10E-06,1.21E-06,1.31E-06,1.31E-06,1.36E-06,1.36E-06,1.13E-05,1.32E-06,1.32E-06,8.56E-07,8.56E-07,7.63E-07,6.81E-07,6.81E-07,6.63E-07,6.63E-07,6.25E-07,5.65E-07,5.65E-07,7.77E-07,7.77E-07,6.03E-07,9.60E-06,9.60E-06,1.25E-06,1.25E-06,5.25E-07,5.60E-07,5.60E-07,5.42E-07,5.42E-07,5.05E-07,1
4.94E-07,4.94E-07,5.76E-07,5.76E-07,5.32E-07,5.91E-07,5.91E-07,0.00208076,0.00208076,0.018755168,1.65E-05,1.65E-05,1.43E-06,1.43E-06,7.92E-07,8.55E-07,8.55E-07,7.13E-07,7.13E-07,6.72E-07,8.27E-07,8.27E-07,8.23E-07,8.23E-07,1.06E-05,1.53E-06,1.53E-06,1.09E-06,1.09E-06,9.39E-07,9.55E-07,9.55E-07,1.19E-06,1.19E-06,1.15E-06,1.24E-06,1.24E-06,1.11E-06,1.11E-06,1.23E-06,1.45E-05,1.45E-05,1.56E-06,1.56E-06,1.07E-06,8.74E-07,8.74E-07,9.80E-07,9.80E-07,1.09E-06,1.19E-06,1.19E-06,1.17E-06,1.17E-06,1.24E-06,1.26E-06,1.26E-06,1.19E-05,1.19E-05,1.37E-06,1.01E-06,1.01E-06,6.30E-07,6.30E-07,6.51E-07,8.21E-07,8.21E-07,5.08E-07,5.08E-07,5.47E-07,6.90E-07,6.90E-07,8.20E-07,8.20E-07,1.42E-05,1.27E-06,1.27E-06,1.21E-06,1.21E-06,1.43E-06,0.06988075,0.06988075,0.002367812,0.002367812,2.07E-05,6.06E-06,6.06E-06,1.44E-06,1.44E-06,1.13E-06,1.80E-05,1.80E-05,1.57E-06,1.57E-06,9.78E-07,7.40E-07,7.40E-07,8.39E-07,8.39E-07,1.01E-06,1.06E-06,1.06E-06,8.67E-07,8.67E-07,6.62E-07,6.87E-07,6.87E-07,1.19E-05,1.19E-05,1.67E-06,1.10E-06,1.10E-06,1.05E-06,1.05E-06,1.29E-06,2.48E-06,2.48E-06,2.68E-06,2.68E-06,1.70E-06,1.63E-06,1.63E-06,1.64E-06,1.64E-06,2.06E-05,3.48E-06,3.48E-06,1.99E-06,1.99E-06,1.85E-06,1.86E-06,1.86E-06,1.98E-06,1.98E-06,1.76E-06,1.47E-06,1.47E-06,1.50E-06,1.50E-06,1.25E-06,1.50E-05,1.50E-05,1.53E-06,1.53E-06,1.00E-06,8.35E-07,8.35E-07,8.32E-07,8.32E-07,7.56E-07,7.39E-07,7.39E-07,7.12E-07,7.12E-07,6.54E-07,6.86E-07,6.86E-07,1.15E-05,1.15E-05,1.45E-06,7.71E-07,7.71E-07,6.75E-07,6.75E-07,6.84E-07,7.40E-07,7.40E-07,7.92E-07,7.92E-07,7.44E-07,7.59E-07,7.59E-07,8.30E-07,8.30E-07,1.37E-05,8.38E-06,8.38E-06,0.009581366,0.009581366,0.03430252,2.64E-05,2.64E-05,2.64E-06,2.64E-06,1.94E-06,1.27E-06,1.27E-06,8.45E-07,8.45E-07,6.00E-07,1.93E-05,1.93E-05,2.35E-06,2.35E-06,1.30E-06,0.6156389,0.6156389,0.7518457,0.7518457,0.000105343,2.86E-06,2.86E-06,2.20E-06,2.20E-06,9.55E-07,8.31E-07,8.31E-07,2.15E-05,2.15E-05,2.03E-06,1.07E-06,1.07E-06,1.13E-06,1.13E-06,1.04E-06,9.37E-07,9.37E-07,8.09E-07,8.09E-07,6.38E-07,5.62E-07,5.62E-07,5.77E-07,5.77E-07,1.64E-05,1
2.23E-06,2.23E-06,1.77E-06,1.77E-06,1.89E-06,2.03E-06,2.03E-06,1.62E-06,1.62E-06,1.66E-06,1.42E-06,1.42E-06,1.67E-06,1.67E-06,1.74E-06,1.45E-05,1.45E-05,2.12E-06,2.12E-06,1.81E-06,1.55E-06,1.55E-06,1.60E-06,1.60E-06,1.69E-06,1.56E-06,1.56E-06,1.85E-06,1.85E-06,2.31E-06,0.005650695,0.005650695,0.73230076,0.73230076,0.7422807,7.49E-06,7.49E-06,1.23E-06,1.23E-06,6.89E-07,7.11E-07,7.11E-07,7.34E-07,7.34E-07,6.33E-07,6.31E-07,6.31E-07,7.21E-07,7.21E-07,1.13E-05,1.46E-06,1.46E-06,1.25E-06,1.25E-06,1.07E-06,8.45E-07,8.45E-07,9.25E-07,9.25E-07,1.06E-06,1.02E-06,1.02E-06,1.18E-06,1.18E-06,1.09E-06,1.35E-05,1.35E-05,1.41E-06,1.41E-06,1.12E-06,1.01E-06,1.01E-06,1.01E-06,1.01E-06,1.27E-06,1.07E-06,1.07E-06,9.76E-07,9.76E-07,0.00051412,0.32727805,0.32727805,0.000112224,0.000112224,3.44E-06,1.21E-06,1.21E-06,1.34E-06,1.34E-06,1.03E-06,1.03E-06,1.03E-06,9.86E-07,9.86E-07,9.85E-07,1.07E-06,1.07E-06,9.05E-07,9.05E-07,1.50E-05,2.13E-06,2.13E-06,1.05E-06,1.05E-06,7.43E-07,5.75E-07,5.75E-07,5.20E-07,5.20E-07,5.21E-07,5.77E-07,5.77E-07,5.37E-07,5.37E-07,4.64E-07,1.27E-05,1.27E-05,1.60E-06,1.60E-06,9.93E-07,4.99E-07,4.99E-07,5.19E-07,5.19E-07,5.23E-07,5.23E-07,5.23E-07,4.98E-07,4.98E-07,5.56E-07,6.25E-07,6.25E-07,9.24E-06,9.24E-06,1.11E-06,8.23E-07,8.23E-07,8.40E-07,8.40E-07,9.87E-07,8.69E-07,8.69E-07,8.83E-07,8.83E-07,9.30E-07,8.73E-07,8.73E-07,9.36E-07,9.36E-07,1.21E-05,1.43E-06,1.43E-06,1.00E-06,1.00E-06,7.54E-07,6.75E-07,6.75E-07,7.30E-07,7.30E-07,7.05E-07,6.53E-07,6.53E-07,7.31E-07,7.31E-07,7.85E-07,1.40E-05,1.40E-05,1.43E-06,1.43E-06,8.39E-07,8.43E-07,8.43E-07,9.75E-07,9.75E-07,8.61E-07,8.45E-07,8.45E-07,1.18E-06,1.18E-06,0.3274002,0.12565716,0.12565716,2.45E-05,2.45E-05,2.52E-06,1.46E-06,1.46E-06,1.31E-06,1.31E-06,1.33E-06,1.00E-06,1.00E-06,1.19E-06,1.19E-06,1.04E-06,8.86E-07,8.86E-07,9.76E-07,9.76E-07,1.76E-05,2.48E-06,2.48E-06,1.43E-06,1.43E-06,1.19E-06,1.45E-06,1.45E-06,1.18E-06,1.18E-06,1.30E-06,9.50E-07,9.50E-07,1.03E-06,1.03E-06,8.59E-07,5.41E-05,5.41E-05,0.68671405,0.68671405,2.45E-05,1.85E-06,1.85E-06,1.11E-06,1.11E-06,1.01E-06,1
8.98E-07,8.98E-07,9.26E-07,9.26E-07,0.000116312,0.9380546,0.9380546,0.84019285,0.84019285,0.001362606,8.33E-06,8.33E-06,1.71E-06,1.71E-06,1.95E-06,9.88E-07,9.88E-07,1.15E-06,1.15E-06,1.74E-06,8.00E-07,8.00E-07,7.85E-07,7.85E-07,1.54E-05,1.90E-06,1.90E-06,1.10E-06,1.10E-06,1.08E-06,1.36E-06,1.36E-06,1.22E-06,1.22E-06,1.20E-06,1.42E-06,1.42E-06,1.72E-05,1.72E-05,0.16995047,0.003514084,0.003514084,1.61E-05,1.61E-05,4.09E-06,2.15E-06,2.15E-06,1.73E-06,1.73E-06,1.76E-06,1.13E-06,1.13E-06,1.00E-06,1.00E-06,8.81E-07,1.27E-06,1.27E-06,2.35E-05,2.35E-05,2.26E-06,1.64E-06,1.64E-06,1.19E-06,1.19E-06,1.12E-06,7.79E-07,7.79E-07,7.39E-07,7.39E-07,7.27E-07,6.30E-07,6.30E-07,1.61E-06,1.61E-06,0.00083574,0.001743194,0.001743194,0.000526703,0.000526703,9.01E-06,2.06E-06,2.06E-06,1.33E-06,1.33E-06,9.24E-07,8.81E-07,8.81E-07,7.94E-07,7.94E-07,7.41E-07,9.34E-06,9.34E-06,1.33E-06,1.33E-06,8.71E-07,7.06E-07,7.06E-07,5.68E-07,5.68E-07,7.11E-07,5.16E-07,5.16E-07,5.87E-07,5.87E-07,5.09E-07,5.91E-07,5.91E-07,1.04E-05,1.04E-05,9.90E-07,9.00E-07,9.00E-07,5.14E-07,5.14E-07,5.80E-07,6.63E-07,6.63E-07,6.02E-07,6.02E-07,5.80E-07,7.74E-07,7.74E-07,5.61E-07,5.61E-07,1.42E-05,1.09E-06,1.09E-06,1.05E-06,1.05E-06,7.61E-07,6.75E-07,6.75E-07,6.11E-07,6.11E-07,5.86E-07,6.05E-07,6.05E-07,4.93E-07,4.93E-07,6.94E-07,0.63541013,0.63541013,0.5000508,0.5000508,0.002369664,5.19E-06,5.19E-06,3.23E-06,3.23E-06,2.69E-06,2.31E-06,2.31E-06,1.76E-06,1.76E-06,1.64E-06,1.90E-06,1.90E-06,2.57E-05,2.57E-05,2.64E-06,2.28E-06,2.28E-06,1.35E-06,1.35E-06,1.94E-06,1.34E-06,1.34E-06,1.09E-06,1.09E-06,1.10E-06,1.02E-06,1.02E-06,9.61E-07,9.61E-07,1.42E-05,1.80E-06,1.80E-06,1.36E-06,1.36E-06,9.45E-07,9.86E-07,9.86E-07,8.89E-07,8.89E-07,9.10E-07,8.49E-07,8.49E-07,8.97E-07,8.97E-07,1.31E-06,1.35E-05,1.35E-05,1.53E-06,1.53E-06,1.43E-06,1.48E-06,1.48E-06,1.29E-06,1.29E-06,1.25E-06,9.77E-07,9.77E-07,1.22E-06,1.22E-06,1.53E-06,1.19E-06,1.19E-06,2.65E-05,2.65E-05,2.18E-06,2.85E-06,2.85E-06,0.001912373,0.001912373,0.02582577,0.002266635,0.002266635,4.76E-05,4.76E-05,0.000345204,2.52E-05,2.52E-05,4.29E-06,4.29E-06,6.27E-05,1
7.60E-06,7.60E-06,1.48E-05,1.48E-05,1.31E-05,1.31E-05,8.89E-06,8.89E-06,7.28E-06,7.28E-06,7.11E-06,7.11E-06,5.83E-06,5.83E-06,6.30E-06,6.30E-06,7.79E-06,7.79E-06,7.59E-05,7.59E-05,9.73E-06,9.73E-06,3.91E-06,3.91E-06,4.11E-06,4.11E-06,7.59E-06,7.59E-06,5.15E-06,5.15E-06,4.34E-06,4.34E-06,6.41E-06,6.41E-06,5.07E-06,5.07E-06,5.06E-06,5.06E-06,5.34E-05,5.34E-05,7.28E-06,7.28E-06,3.55E-06,3.55E-06,2.63E-06,2.63E-06,1.10E-05,1.10E-05,1.43E-05,1.43E-05,6.91E-06,6.91E-06,1.78E-05,1.78E-05,4.55E-05,4.55E-05,1.18E-05,1.18E-05,0.000261956,0.000261956,1.07E-05,1.07E-05,9.49E-06,9.49E-06,4.44E-06,4.44E-06,6.27E-06,6.27E-06,8.76E-06,8.76E-06,1.50E-05,1.50E-05,1.88E-05,1.88E-05,2.21E-05,2.21E-05,2.09E-05,2.09E-05,0.000371059,0.000371059,3.43E-05,3.43E-05,1.34E-05,1.34E-05,4.31E-06,4.31E-06,1.29E-05,1.29E-05,4.93E-06,4.93E-06,4.72E-06,4.72E-06,3.61E-06,3.61E-06,4.58E-06,4.58E-06,4.37E-06,4.37E-06,0.000102324,0.000102324,1.01E-05,1.01E-05,6.35E-06,6.35E-06,4.97E-06,4.97E-06,4.29E-06,4.29E-06,4.45E-06,4.45E-06,3.63E-06,3.63E-06,4.95E-06,4.95E-06,7.68E-06,7.68E-06,1.54E-05,1.54E-05,0.000159648,0.000159648,2.19E-05,2.19E-05,9.42E-06,9.42E-06,9.02E-06,9.02E-06,4.24E-06,4.24E-06,5.19E-06,5.19E-06,3.69E-06,3.69E-06,4.50E-06,4.50E-06,1.01E-05,1.01E-05,1.21E-05,1.21E-05,0.00014579,0.00014579,1.60E-05,1.60E-05,9.45E-06,9.45E-06,1.41E-05,1.41E-05,1.37E-05,1.37E-05,1.46E-05,1.46E-05,1.53E-05,1.53E-05,8.30E-06,8.30E-06,1.67E-05,1.67E-05,1.16E-05,1.16E-05,0.000331305,0.000331305,3.21E-05,3.21E-05,1.98E-05,1.98E-05,9.90E-06,9.90E-06,6.49E-06,6.49E-06,7.55E-06,7.55E-06,1.48E-05,1.48E-05,1.31E-05,1.31E-05,1.02E-05,1.02E-05,6.64E-06,6.64E-06,9.57E-05,9.57E-05,1.14E-05,1.14E-05,5.61E-06,5.61E-06,4.87E-06,4.87E-06,5.88E-06,5.88E-06,4.69E-06,4.69E-06,7.16E-06,7.16E-06,1.60E-05,1.60E-05,3.39E-05,3.39E-05,2.25E-05,2.25E-05,0.000362756,0.000362756,4.64E-05,4.64E-05,2.15E-05,2.15E-05,4.32E-06,4.32E-06,2.14E-05,2.14E-05,4.82E-06,4.82E-06,7.19E-06,7.19E-06,5.65E-06,5.65E-06,4.76E-06,4.76E-06,3.50E-05,3.50E-05,0.000143102,0.000143102,1.80E-05,1.80E-05,2.42E-05,2.42E-05,0.23566175,1
0.23566175,0.87568885,0.87568885,0.09058823,0.09058823,0.000391501,0.000391501,3.14E-05,3.14E-05,3.97E-05,3.97E-05,3.28E-05,3.28E-05,0.000309154,0.000309154,4.24E-05,4.24E-05,2.26E-05,2.26E-05,5.72E-05,5.72E-05,4.49E-06,4.49E-06,7.68E-06,7.68E-06,9.73E-06,9.73E-06,1.77E-05,1.77E-05,6.40E-06,6.40E-06,1.85E-05,1.85E-05,0.00068263,0.00068263,4.98E-05,4.98E-05,6.45E-05,6.45E-05,1.63E-05,1.63E-05,0.000309801,0.000309801,5.77E-05,5.77E-05,5.77E-05,5.77E-05,5.61E-05,5.61E-05,7.57E-05,7.57E-05,9.48E-06,9.48E-06,0.000180291,0.000180291,9.18E-05,9.18E-05,9.02E-05,9.02E-05,1.19E-05,1.19E-05,1.22E-05,1.22E-05,6.47E-06,6.47E-06,1.37E-05,1.37E-05,7.85E-06,7.85E-06,9.81E-06,9.81E-06,7.01E-06,7.01E-06,0.000182026,0.000182026,1.35E-05,1.35E-05,7.11E-06,7.11E-06,9.09E-06,9.09E-06,8.06E-06,8.06E-06,1.44E-05,1.44E-05,8.10E-06,8.10E-06,8.63E-06,8.63E-06,1.40E-05,1.40E-05,6.37E-06,6.37E-06,9.30E-05,9.30E-05,1.08E-05,1.08E-05,9.27E-06,9.27E-06,3.26E-06,3.26E-06,5.35E-06,5.35E-06,3.50E-06,3.50E-06,1.32E-05,1.32E-05,6.93E-06,6.93E-06,1.17E-05,1.17E-05,6.13E-06,6.13E-06,0.000214053,0.000214053,9.39E-06,9.39E-06,6.57E-06,6.57E-06,1.45E-05,1.45E-05,4.86E-06,4.86E-06,6.73E-06,6.73E-06,6.96E-06,6.96E-06,1.36E-05,1.36E-05,7.92E-06,7.92E-06,4.95E-06,4.95E-06,0.000105247,0.000105247,1.03E-05,1.03E-05,7.22E-06,7.22E-06,5.66E-06,5.66E-06,1.74E-05,1.74E-05,1.98E-05,1.98E-05,4.64E-06,4.64E-06,6.25E-06,6.25E-06,1.25E-05,1.25E-05,5.65E-06,5.65E-06,0.000135284,0.000135284,2.00E-05,2.00E-05,1.53E-05,1.53E-05,1.59E-05,1.59E-05,1.21E-05,1.21E-05,5.82E-06,5.82E-06,1.58E-05,1.58E-05,3.81E-06,3.81E-06,2.11E-06,2.11E-06,6.79E-06,6.79E-06,4.79E-05,4.79E-05,1.25E-05,1.25E-05,6.58E-06,6.58E-06,6.86E-06,6.86E-06,4.67E-06,4.67E-06,4.38E-06,4.38E-06,2.43E-06,2.43E-06,3.91E-06,3.91E-06,3.01E-06,3.01E-06,4.28E-06,4.28E-06,5.51E-05,5.51E-05,8.40E-06,8.40E-06,2.69E-06,2.69E-06,4.74E-06,4.74E-06,5.75E-06,5.75E-06,3.12E-06,3.12E-06,5.70E-06,5.70E-06,4.34E-06,4.34E-06,3.61E-06,3.61E-06,4.40E-06,4.40E-06,6.07E-05,6.07E-05,6.01E-06,6.01E-06,7.45E-06,7.45E-06,6.82E-06,6.82E-06,4.22E-06,4.22E-06,4.99E-06,4.99E-06,1
6.02E-06,6.02E-06,7.25E-06,7.25E-06,7.62E-06,7.62E-06,1.05E-05,1.05E-05,7.33E-05,7.33E-05,8.90E-06,8.90E-06,5.62E-06,5.62E-06,4.42E-06,4.42E-06,4.48E-06,4.48E-06,3.62E-06,3.62E-06,7.41E-06,7.41E-06,6.80E-06,6.80E-06,5.68E-06,5.68E-06,1.23E-05,1.23E-05,5.24E-05,5.24E-05,7.65E-06,7.65E-06,6.04E-06,6.04E-06,3.90E-06,3.90E-06,6.47E-06,6.47E-06,3.16E-06,3.16E-06,5.97E-06,5.97E-06,4.61E-06,4.61E-06,4.37E-06,4.37E-06,2.65E-06,2.65E-06,3.93E-05,3.93E-05,3.28E-06,3.28E-06,2.84E-06,2.84E-06,2.47E-06,2.47E-06,2.09E-06,2.09E-06,1.69E-06,1.69E-06,2.18E-06,2.18E-06,3.51E-06,3.51E-06,3.76E-06,3.76E-06,7.47E-06,7.47E-06,0.000112811,0.000112811,1.27E-05,1.27E-05,8.55E-06,8.55E-06,9.11E-06,9.11E-06,7.56E-06,7.56E-06,6.14E-06,6.14E-06,8.29E-06,8.29E-06,8.81E-06,8.81E-06,6.83E-06,6.83E-06,9.14E-06,9.14E-06,0.000110588,0.000110588,1.55E-05,1.55E-05,1.26E-05,1.26E-05,8.13E-06,8.13E-06,8.93E-06,8.93E-06,1.30E-05,1.30E-05,1.74E-05,1.74E-05,3.61E-05,3.61E-05,4.20E-05,4.20E-05,2.92E-05,2.92E-05,8.58E-05,8.58E-05,6.20E-06,6.20E-06,3.67E-06,3.67E-06,9.52E-06,9.52E-06,6.33E-06,6.33E-06,0.035035446,0.035035446,0.11637368,0.11637368,0.012939857,0.012939857,0.001814858,0.001814858,1.13E-05,1.13E-05,0.000138197,0.000138197,1.21E-05,1.21E-05,9.30E-06,9.30E-06,9.00E-06,9.00E-06,5.58E-06,5.58E-06,3.32E-06,3.32E-06,5.85E-06,5.85E-06,3.94E-06,3.94E-06,6.13E-06,6.13E-06,4.36E-06,4.36E-06,0.00010272,0.00010272,6.32E-06,6.32E-06,6.06E-06,6.06E-06,3.60E-06,3.60E-06,5.11E-06,5.11E-06,4.89E-05,4.89E-05,7.43E-05,7.43E-05,1.23E-05,1.23E-05,1.58E-05,1.58E-05,5.31E-06,5.31E-06,7.28E-05,7.28E-05,1.07E-05,1.07E-05,3.07E-05,3.07E-05,3.98E-05,3.98E-05,2.21E-05,2.21E-05,1.78E-05,1.78E-05,5.17E-06,5.17E-06,4.89E-05,4.89E-05,0.78838754,0.78838754,0.965496,0.965496,0.82205504,0.82205504,0.046686083,0.046686083,0.000891662,0.000891662,0.001201828,0.001201828,0.003136587,0.003136587,3.38E-05,3.38E-05,0.000218546,0.000218546,0.000102737,0.000102737,5.27E-05,5.27E-05,0.000293737,0.000293737,0.000507526,0.000507526,5.06E-05,5.06E-05,8.68E-06,8.68E-06,8.62E-06,8.62E-06,1.16E-05,1.16E-05,1.14E-05,1.14E-05,5.52E-06,5.52E-06,5.95E-06,5.95E-06,3.31E-06,1
3.31E-06,2.57E-06,2.57E-06,6.74E-05,6.74E-05,7.44E-06,7.44E-06,4.28E-06,4.28E-06,4.49E-06,4.49E-06,4.82E-06,4.82E-06,4.26E-06,4.26E-06,6.37E-06,6.37E-06,3.88E-05,3.88E-05,9.65E-06,9.65E-06,7.93E-06,7.93E-06,0.000195038,0.000195038,1.45E-05,1.45E-05,4.65E-06,4.65E-06,3.41E-06,3.41E-06,5.78E-06,5.78E-06,6.33E-06,6.33E-06,3.66E-06,3.66E-06,3.17E-06,3.17E-06,3.82E-06,3.82E-06,3.75E-06,3.75E-06,0.000107283,0.000107283,1.46E-05,1.46E-05,1.51E-05,1.51E-05,1.47E-05,1.47E-05,8.19E-06,8.19E-06,8.38E-06,8.38E-06,8.63E-06,8.63E-06,0.108049855,0.108049855,0.15899947,0.15899947,0.10599808,0.10599808,0.089813456,0.089813456,0.022715127,0.022715127,0.006984108,0.006984108,0.000142293,0.000142293,3.14E-05,3.14E-05,4.63E-05,4.63E-05,0.000333733,0.000333733,7.68E-05,7.68E-05,5.05E-05,5.05E-05,4.27E-05,4.27E-05,0.000775508,0.000775508,0.00020494,0.00020494,5.70E-05,5.70E-05,7.05E-05,7.05E-05,2.28E-05,2.28E-05,1.47E-05,1.47E-05,1.27E-05,1.27E-05,6.75E-06,6.75E-06,6.11E-06,6.11E-06,1.00E-05,1.00E-05,0.000212622,0.000212622,1.64E-05,1.64E-05,1.48E-05,1.48E-05,7.88E-06,7.88E-06,5.44E-06,5.44E-06,6.31E-06,6.31E-06,6.36E-06,6.36E-06,5.63E-06,5.63E-06,7.09E-06,7.09E-06,9.39E-06,9.39E-06,0.000124808,0.000124808,1.82E-05,1.82E-05,8.70E-06,8.70E-06,1.07E-05,1.07E-05,1.21E-05,1.21E-05,9.77E-06,9.77E-06,9.19E-06,9.19E-06,9.46E-06,9.46E-06,1.12E-05,1.12E-05,1.10E-05,1.10E-05,0.00019225,0.00019225,1.71E-05,1.71E-05,1.14E-05,1.14E-05,1.34E-05,1.34E-05,1.30E-05,1.30E-05,2.87E-05,2.87E-05,1.79E-05,1.79E-05,2.83E-05,2.83E-05,3.88E-05,3.88E-05,2.79E-05,2.79E-05,0.000496818,0.000496818,6.39E-05,6.39E-05,4.82E-05,4.82E-05,2.95E-05,2.95E-05,1.03E-05,1.03E-05,8.62E-06,8.62E-06,7.78E-06,7.78E-06,5.10E-06,5.10E-06,5.90E-06,5.90E-06,5.03E-06,5.03E-06,0.000120237,0.000120237,1.06E-05,1.06E-05,7.16E-06,7.16E-06,6.99E-06,6.99E-06,7.61E-06,7.61E-06,8.39E-06,8.39E-06,1.80E-05,1.80E-05,1.40E-05,1.40E-05,3.81E-05,3.81E-05,2.99E-05,2.99E-05,0.000505233,0.000505233,5.26E-05,5.26E-05,2.61E-05,2.61E-05,2.65E-05,2.65E-05,0.000159839,0.000159839,1.25E-05,1.25E-05,2.10E-05,2.10E-05,9.23E-05,9.23E-05,2.14E-05,2.14E-05,3.75E-05,3.75E-05,0.000895233,0.000895233,1
0.0001085,0.0001085,1.40E-05,1.40E-05,0.030311199,0.030311199,0.8044886,0.8044886,0.768644,0.768644,0.76118493,0.76118493,0.7890131,0.7890131,0.06999693,0.06999693,0.67469484,0.67469484,0.45568302,0.45568302,0.32784864,0.32784864,0.6630513,0.6630513,0.8858331,0.8858331,0.87109643,0.87109643,0.94849205,0.94849205,0.9392358,0.9392358,0.96648073,0.96648073,0.858629,0.858629,0.60011303,0.60011303,0.8608449,0.8608449,0.86303544,0.86303544,0.9336432,0.9336432,0.7524448,0.7524448,0.3555167,0.3555167,0.25814265,0.25814265,0.22693399,0.22693399,0.2884684,0.2884684,0.49771592,0.49771592,0.30260155,0.30260155,0.77495706,0.77495706,0.8794141,0.8794141,0.50705606,0.50705606,0.8219606,0.8219606,0.8028235,0.8028235,0.7326748,0.7326748,0.9425139,0.9425139,0.6541441,0.6541441,0.8110571,0.8110571,0.61156636,0.61156636,0.9000158,0.9000158,0.84090817,0.84090817,0.61229116,0.61229116,0.0725647,0.0725647,0.42552724,0.42552724,0.36608163,0.36608163,0.49895486,0.49895486,0.52388364,0.52388364,0.15609968,0.15609968,0.2009904,0.2009904,0.06655085,0.06655085,0.002019056,0.002019056,7.19E-05,7.19E-05,2.14E-05,2.14E-05,1.86E-05,1.86E-05,1.56E-05,1.56E-05,2.13E-05,2.13E-05,9.40E-06,9.40E-06,9.17E-06,9.17E-06,3.24E-05,3.24E-05,0.000182453,0.000182453,0.000116977,0.000116977,1.83E-05,1.83E-05,3.07E-05,3.07E-05,1.10E-05,1.10E-05,9.22E-06,9.22E-06,2.65E-05,2.65E-05,3.76E-05,3.76E-05,2.54E-05,2.54E-05,0.000495868,0.000495868,0.000315036,0.000315036,2.15E-05,2.15E-05,2.15E-05,2.15E-05,8.07E-06,8.07E-06,8.09E-06,8.09E-06,6.33E-06,6.33E-06,6.80E-06,6.80E-06,5.10E-06,5.10E-06,9.11E-06,9.11E-06,1.45E-05,1.45E-05,0.000278707,0.000278707,3.86E-05,3.86E-05,1.96E-05,1.96E-05,8.45E-06,8.45E-06,2.95E-05,2.95E-05,1.78E-05,1.78E-05,1.97E-05,1.97E-05,9.67E-06,9.67E-06,8.98E-06,8.98E-06,9.83E-06,9.83E-06,0.000172676,0.000172676,1.28E-05,1.28E-05,8.37E-06,8.37E-06,7.89E-06,7.89E-06,7.47E-06,7.47E-06,8.99E-06,8.99E-06,8.90E-06,8.90E-06,1.31E-05,1.31E-05,1.31E-05,1.31E-05,1.11E-05,1.11E-05,0.000137126,0.000137126,1.15E-05,1.15E-05,8.19E-06,8.19E-06,8.28E-06,8.28E-06,7.40E-06,7.40E-06,7.68E-06,7.68E-06,1.06E-05,1.06E-05,9.29E-06,9.29E-06,9.19E-06,9.19E-06,1.07E-05,1.07E-05,0.000129898,0.000129898,1.48E-05,1.48E-05,7.53E-06,7.53E-06,7.27E-06,1
7.27E-06,6.17E-06,6.17E-06,6.58E-06,6.58E-06,8.45E-06,8.45E-06,1.23E-05,1.23E-05,1.22E-05,1.22E-05,1.03E-05,1.03E-05,0.00028424,0.00028424,4.84E-05,4.84E-05,2.64E-05,2.64E-05,3.15E-05,3.15E-05,2.72E-05,2.72E-05,2.80E-05,2.80E-05,3.38E-05,3.38E-05,0.000125867,0.000125867,0.000211075,0.000211075,3.68E-05,3.68E-05,0.000495165,0.000495165,0.002285837,0.002285837,0.003143083,0.003143083,0.02001814,0.02001814,0.1621216,0.1621216,0.16454446,0.16454446,0.21636318,0.21636318,1.40E-05,1.40E-05,7.59E-06,7.59E-06,8.14E-06,8.14E-06,0.000164101,0.000164101,2.40E-05,2.40E-05,1.85E-05,1.85E-05,4.52E-06,4.52E-06,4.18E-06,4.18E-06,4.07E-06,4.07E-06,4.95E-05,4.95E-05,5.56E-06,5.56E-06,1.36E-05,1.36E-05,1.04E-05,1.04E-05,0.000157467,0.000157467,3.62E-05,3.62E-05,4.94E-05,4.94E-05,2.14E-05,2.14E-05,4.52E-05,4.52E-05,1.49E-05,1.49E-05,8.84E-06,8.84E-06,8.01E-06,8.01E-06,9.26E-06,9.26E-06,7.59E-06,7.59E-06,0.000151607,0.000151607,1.88E-05,1.88E-05,8.98E-06,8.98E-06,6.53E-06,6.53E-06,9.14E-06,9.14E-06,4.26E-06,4.26E-06,3.42E-06,3.42E-06,4.05E-06,4.05E-06,6.55E-06,6.55E-06,9.20E-06,9.20E-06,0.0002407,0.0002407,1.46E-05,1.46E-05,1.56E-05,1.56E-05,1.49E-05,1.49E-05,1.15E-05,1.15E-05,6.64E-06,6.64E-06,2.76E-05,2.76E-05,1.70E-05,1.70E-05,7.88E-05,7.88E-05,0.000684118,0.000684118,0.001488102,0.001488102,0.001589725,0.001589725,0.003968515,0.003968515,0.79498726,0.79498726,0.9728219,0.9728219,0.8352159,0.8352159,1.06E-05,1.06E-05,6.84E-06,6.84E-06,3.30E-06,3.30E-06,5.76E-06,5.76E-06,0.000106486,0.000106486,2.82E-05,2.82E-05,7.66E-06,7.66E-06,4.11E-06,4.11E-06,3.93E-06,3.93E-06,8.74E-06,8.74E-06,3.56E-06,3.56E-06,5.40E-06,5.40E-06,4.51E-06,4.51E-06,3.12E-06,3.12E-06,7.25E-05,7.25E-05,5.40E-06,5.40E-06,3.08E-06,3.08E-06,5.82E-06,5.82E-06,2.18E-06,2.18E-06,3.69E-06,3.69E-06,2.25E-06,2.25E-06,1.77E-06,1.77E-06,2.00E-06,2.00E-06,2.38E-06,2.38E-06,0.000131666,0.000131666,1.26E-05,1.26E-05,3.53E-06,3.53E-06,3.23E-06,3.23E-06,3.68E-06,3.68E-06,9.69E-05,9.69E-05,0.001306771,0.001306771,0.067354076,0.067354076,0.3374122,0.3374122,7.30E-06,7.30E-06,0.000141715,0.000141715,1.37E-05,1.37E-05,3.11E-06,3.11E-06,4.46E-06,4.46E-06,1.83E-05,1.83E-05,6.23E-05,6.23E-05,1
8.92E-06,8.92E-06,1.00E-05,1.00E-05,9.15E-06,9.15E-06,8.60E-06,8.60E-06,0.000111184,0.000111184,2.35E-05,2.35E-05,1.14E-05,1.14E-05,8.44E-06,8.44E-06,8.20E-06,8.20E-06,3.90E-06,3.90E-06,5.13E-06,5.13E-06,1.06E-05,1.06E-05,4.98E-06,4.98E-06,5.89E-06,5.89E-06,8.70E-05,8.70E-05,1.03E-05,1.03E-05,6.99E-06,6.99E-06,6.46E-06,6.46E-06,5.62E-06,5.62E-06,5.46E-06,5.46E-06,4.42E-06,4.42E-06,2.98E-06,2.98E-06,1.95E-06,1.95E-06,2.10E-06,2.10E-06,3.94E-05,3.94E-05,3.68E-06,3.68E-06,2.01E-06,2.01E-06,1.58E-06,1.58E-06,1.50E-06,1.50E-06,1.94E-06,1.94E-06,3.21E-06,3.21E-06,4.86E-06,4.86E-06,3.02E-06,3.02E-06,5.36E-06,5.36E-06,8.09E-05,8.09E-05,8.54E-06,8.54E-06,4.86E-06,4.86E-06,2.80E-06,2.80E-06,3.86E-06,3.86E-06,4.22E-06,4.22E-06,6.84E-06,6.84E-06,9.97E-06,9.97E-06,3.88E-06,3.88E-06,4.66E-06,4.66E-06,6.16E-05,6.16E-05,1.02E-05,1.02E-05,5.73E-06,5.73E-06,3.90E-06,3.90E-06,7.05E-06,7.05E-06,9.09E-06,9.09E-06,6.02E-06,6.02E-06,6.25E-06,6.25E-06,6.87E-06,6.87E-06,4.18E-06,4.18E-06,7.43E-05,7.43E-05,9.89E-06,9.89E-06,7.30E-06,7.30E-06,5.02E-06,5.02E-06,4.38E-06,4.38E-06,4.67E-06,4.67E-06,3.89E-06,3.89E-06,4.39E-06,4.39E-06,3.23E-06,3.23E-06,3.86E-06,3.86E-06,5.34E-05,5.34E-05,4.73E-06,4.73E-06,4.26E-06,4.26E-06,2.35E-06,2.35E-06,3.68E-06,3.68E-06,2.25E-06,2.25E-06,4.81E-06,4.81E-06,4.89E-06,4.89E-06,6.32E-06,6.32E-06,3.91E-06,3.91E-06,0.000184506,0.000184506,1.23E-05,1.23E-05,8.94E-06,8.94E-06,4.15E-06,4.15E-06,9.67E-06,9.67E-06,5.39E-06,5.39E-06,4.73E-06,4.73E-06,2.33E-05,2.33E-05,7.91E-06,7.91E-06,1.43E-05,1.43E-05,0.000234384,0.000234384,1.49E-05,1.49E-05,1.03E-05,1.03E-05,6.74E-06,6.74E-06,6.16E-06,6.16E-06,8.98E-06,8.98E-06,4.84E-06,4.84E-06,5.80E-06,5.80E-06,5.44E-06,5.44E-06,5.85E-06,5.85E-06,0.00017669,0.00017669,2.26E-05,2.26E-05,6.95E-06,6.95E-06,8.13E-06,8.13E-06,1.06E-05,1.06E-05,2.63E-05,2.63E-05,9.19E-06,9.19E-06,5.55E-06,5.55E-06,4.05E-06,4.05E-06,4.47E-06,4.47E-06,0.000169112,0.000169112,9.35E-06,9.35E-06,1.25E-05,1.25E-05,8.07E-06,8.07E-06,1.94E-05,1.94E-05,7.64E-06,7.64E-06,5.37E-06,5.37E-06,4.84E-06,4.84E-06,2.51E-06,1
1.47E-05,1.47E-05,9.35E-06,9.35E-06,1.99E-06,1.99E-06,1.21E-06,1.21E-06,1.59E-06,1.59E-06,1.17E-06,1.17E-06,1.75E-06,1.75E-06,1.70E-06,1.70E-06,1.74E-06,1.74E-06,4.12E-05,4.12E-05,3.08E-06,3.08E-06,2.47E-06,2.47E-06,2.78E-06,2.78E-06,2.08E-06,2.08E-06,2.05E-06,2.05E-06,3.42E-06,3.42E-06,1.80E-06,1.80E-06,3.07E-06,3.07E-06,1.77E-06,1.77E-06,4.43E-05,4.43E-05,3.07E-06,3.07E-06,3.17E-06,3.17E-06,2.22E-06,2.22E-06,2.27E-06,2.27E-06,3.32E-06,3.32E-06,3.70E-06,3.70E-06,8.22E-06,8.22E-06,9.46E-06,9.46E-06,3.45E-06,3.45E-06,0.000562899,0.000562899,0.019884415,0.019884415,0.98675364,0.98675364,0.4441434,0.4441434,0.000130946,0.000130946,2.58E-05,2.58E-05,0.001368148,0.001368148,8.99E-06,8.99E-06,1.01E-05,1.01E-05,0.000139451,0.000139451,0.000786289,0.000786289,9.90E-05,9.90E-05,1.54E-05,1.54E-05,1.50E-05,1.50E-05,1.80E-05,1.80E-05,1.31E-05,1.31E-05,2.27E-05,2.27E-05,6.98E-05,6.98E-05,5.88E-05,5.88E-05,3.27E-05,3.27E-05,0.000860664,0.000860664,1.89E-05,1.89E-05,1.01E-05,1.01E-05,0.000233907,0.000233907,1.49E-05,1.49E-05,0.000139413,0.000139413,3.68E-05,3.68E-05,1.73E-05,1.73E-05,0.000227739,0.000227739,5.47E-05,5.47E-05,0.008851253,0.008851253,1.17E-05,1.17E-05,3.38E-05,3.38E-05,7.22E-05,7.22E-05,7.48E-05,7.48E-05,0.00044747,0.00044747,0.000157167,0.000157167,0.000207461,0.000207461,1.87E-05,1.87E-05,8.56E-05,8.56E-05,9.94E-05,9.94E-05,0.000210563,0.000210563,0.000298911,0.000298911,5.82E-05,5.82E-05,8.47E-05,8.47E-05,5.08E-05,5.08E-05,6.63E-05,6.63E-05,2.53E-05,2.53E-05,6.77E-05,6.77E-05,2.32E-05,2.32E-05,0.000481987,0.000481987,1.56E-05,1.56E-05,6.11E-05,6.11E-05,9.09E-06,9.09E-06,3.63E-05,3.63E-05,1.95E-05,1.95E-05,3.88E-05,3.88E-05,3.51E-05,3.51E-05,1.69E-05,1.69E-05,1.84E-05,1.84E-05,0.000142728,0.000142728,2.30E-05,2.30E-05,9.52E-06,9.52E-06,1.31E-05,1.31E-05,2.96E-05,2.96E-05,1.30E-05,1.30E-05,3.21E-05,3.21E-05,1.80E-05,1.80E-05,8.20E-06,8.20E-06,2.57E-05,2.57E-05,0.000813244,0.000813244,0.008076503,0.008076503,0.8671269,0.8671269,0.19809349,0.19809349,0.3353867,0.3353867,0.003322062,0.003322062,0.016322004,0.016322004,0.002491642,0.002491642,0.0023246,0.0023246,0.000189307,0.000189307,0.014596495,0.014596495,0.005443809,0.005443809,0.002456853,0.002456853,0.000751911,1
0.000751911,0.08950268,0.08950268,0.001227289,0.001227289,0.02318809,0.02318809,0.002774342,0.002774342,0.006454163,0.006454163,0.009218094,0.009218094,0.001036158,0.001036158,0.009934871,0.009934871,0.001192686,0.001192686,0.01120258,0.01120258,4.69E-05,4.69E-05,1.67E-05,1.67E-05,0.000761245,0.000761245,0.001505024,0.001505024,1.73E-05,1.73E-05,1.31E-05,1.31E-05,0.002878657,0.002878657,0.000168465,0.000168465,8.49E-05,8.49E-05,3.80E-05,3.80E-05,0.000265684,0.000265684,3.82E-05,3.82E-05,1.03E-05,1.03E-05,0.00026738,0.00026738,0.000135561,0.000135561,3.51E-05,3.51E-05,0.000217113,0.000217113,0.000792946,0.000792946,0.000350765,0.000350765,0.6538174,0.6538174,0.042356666,0.042356666,0.000243856,0.000243856,0.00256678,0.00256678,0.000174674,0.000174674,3.27E-05,3.27E-05,3.67E-05,3.67E-05,0.000392791,0.000392791,0.000141712,0.000141712,3.04E-05,3.04E-05,8.85E-06,8.85E-06,1.95E-05,1.95E-05,3.34E-05,3.34E-05,5.14E-05,5.14E-05,4.37E-05,4.37E-05,2.03E-05,2.03E-05,0.000283122,0.000283122,0.000182977,0.000182977,4.16E-05,4.16E-05,3.40E-05,3.40E-05,0.000727698,0.000727698,4.40E-05,4.40E-05,4.43E-06,4.43E-06,2.08E-05,2.08E-05,1.38E-05,1.38E-05,7.31E-06,7.31E-06,3.68E-05,3.68E-05,0.000289579,0.000289579,3.91E-05,3.91E-05,6.17E-06,6.17E-06,1.98E-05,1.98E-05,5.16E-06,5.16E-06,1.51E-06,1.51E-06,1.91E-05,1.91E-05,1.49E-05,1.49E-05,1.14E-05,1.14E-05,2.83E-05,2.83E-05,0.000117575,0.000117575,1.96E-05,1.96E-05,2.47E-05,2.47E-05,7.40E-06,7.40E-06,6.35E-06,6.35E-06,2.72E-06,2.72E-06,7.78E-06,7.78E-06,5.70E-06,5.70E-06,4.74E-06,4.74E-06,5.36E-06,5.36E-06,0.000223642,0.000223642,2.44E-05,2.44E-05,1.26E-05,1.26E-05,2.54E-06,2.54E-06,4.92E-06,4.92E-06,1.55E-05,1.55E-05,1.78E-05,1.78E-05,6.93E-06,6.93E-06,2.18E-06,2.18E-06,1.65E-06,1.65E-06,3.60E-05,3.60E-05,5.00E-06,5.00E-06,8.09E-06,8.09E-06,5.16E-06,5.16E-06,2.75E-06,2.75E-06,1.95E-06,1.95E-06,2.07E-06,2.07E-06,3.62E-06,3.62E-06,2.59E-05,2.59E-05,2.67E-06,2.67E-06,0.000140578,0.000140578,7.12E-06,7.12E-06,1.52E-05,1.52E-05,1.19E-05,1.19E-05,3.30E-05,3.30E-05,5.85E-06,5.85E-06,7.50E-05,7.50E-05,1.24E-05,1.24E-05,2.54E-05,2.54E-05,3.80E-06,3.80E-06,7.14E-05,7.14E-05,1.52E-05,1.52E-05,8.95E-06,8.95E-06,4.20E-06,4.20E-06,5.48E-06,5.48E-06,0.8888533,0.8888533,1
0.034746066,0.034746066,0.10107996,0.10107996,7.91E-05,7.91E-05,4.90E-06,4.90E-06,0.000512241,0.000512241,2.58E-05,2.58E-05,3.85E-05,3.85E-05,1.15E-05,1.15E-05,1.53E-05,1.53E-05,1.62E-05,1.62E-05,4.89E-05,4.89E-05,8.86E-06,8.86E-06,2.99E-05,2.99E-05,5.05E-05,5.05E-05,9.14E-05,9.14E-05,0.000120331,0.000120331,6.65E-06,6.65E-06,5.99E-06,5.99E-06,3.53E-06,3.53E-06,2.26E-05,2.26E-05,6.93E-06,6.93E-06,3.54E-06,3.54E-06,1.75E-05,1.75E-05,4.11E-06,4.11E-06,5.58E-05,5.58E-05,1.75E-05,1.75E-05,8.14E-06,8.14E-06,1.25E-06,1.25E-06,1.69E-06,1.69E-06,7.95E-06,7.95E-06,3.23E-06,3.23E-06,5.30E-06,5.30E-06,4.63E-06,4.63E-06,8.30E-06,8.30E-06,7.32E-05,7.32E-05,4.77E-05,4.77E-05,2.27E-06,2.27E-06,1.77E-06,1.77E-06,3.81E-06,3.81E-06,1.83E-06,1.83E-06,2.78E-06,2.78E-06,4.47E-06,4.47E-06,3.85E-06,3.85E-06,7.75E-06,7.75E-06,0.000132495,0.000132495,6.89E-06,6.89E-06,5.88E-06,5.88E-06,3.52E-06,3.52E-06,7.12E-06,7.12E-06,5.17E-06,5.17E-06,7.17E-06,7.17E-06,1.30E-05,1.30E-05,4.46E-06,4.46E-06,5.92E-06,5.92E-06,0.00013042,0.00013042,1.18E-05,1.18E-05,7.97E-06,7.97E-06,5.95E-05,5.95E-05,2.12E-05,2.12E-05,7.76E-06,7.76E-06,7.63E-06,7.63E-06,1.54E-05,1.54E-05,1.54E-05,1.54E-05,3.38E-05,3.38E-05,0.00014287,0.00014287,8.63E-06,8.63E-06,7.34E-06,7.34E-06,9.48E-06,9.48E-06,4.65E-06,4.65E-06,1.68E-05,1.68E-05,4.31E-06,4.31E-06,1.98E-06,1.98E-06,2.90E-06,2.90E-06,5.08E-06,5.08E-06,4.94E-05,4.94E-05,2.97E-06,2.97E-06,5.91E-06,5.91E-06,2.06E-06,2.06E-06,4.73E-06,4.73E-06,1.28E-05,1.28E-05,6.19E-06,6.19E-06,7.80E-06,7.80E-06,5.65E-06,5.65E-06,1.19E-05,1.19E-05,0.000125865,0.000125865,9.70E-06,9.70E-06,7.31E-06,7.31E-06,7.57E-06,7.57E-06,8.06E-06,8.06E-06,1.13E-05,1.13E-05,3.13E-06,3.13E-06,9.25E-06,9.25E-06,5.20E-06,5.20E-06,1.85E-05,1.85E-05,0.00014222,0.00014222,8.52E-06,8.52E-06,4.04E-06,4.04E-06,3.32E-05,3.32E-05,3.16E-06,3.16E-06,4.68E-06,4.68E-06,6.98E-06,6.98E-06,1.29E-06,1.29E-06,5.99E-06,5.99E-06,6.76E-06,6.76E-06,0.18046439,0.18046439,0.04772549,0.04772549,0.001214226,0.001214226,0.000421098,0.000421098,0.027842505,0.027842505,0.018484304,0.018484304,0.06546605,0.06546605,0.000608166,0.000608166,0.00050256,1
0.00050256,0.004399697,0.004399697,0.008518928,0.008518928,0.007725337,0.007725337,2.32E-05,2.32E-05,0.026554009,0.026554009,0.00308249,0.00308249,0.009500236,0.009500236,0.06221836,0.06221836,0.000134564,0.000134564,0.001846492,0.001846492,0.007883007,0.007883007,0.013101688,0.013101688,0.011441108,0.011441108,4.92E-05,4.92E-05,3.86E-05,3.86E-05,2.25E-05,2.25E-05,3.48E-05,3.48E-05,0.000263646,0.000263646,9.39E-06,9.39E-06,3.29E-05,3.29E-05,1.01E-05,1.01E-05,0.000404766,0.000404766,7.17E-05,7.17E-05,0.001950268,0.001950268,0.00051088,0.00051088,0.000160475,0.000160475,4.23E-05,4.23E-05,1.56E-05,1.56E-05,0.000239649,0.000239649,1.68E-05,1.68E-05,1.86E-05,1.86E-05,0.000213292,0.000213292,0.000165033,0.000165033,0.000179494,0.000179494,7.93E-05,7.93E-05,7.66E-05,7.66E-05,6.36E-05,6.36E-05,1.05E-05,1.05E-05,2.12E-05,2.12E-05,1.15E-05,1.15E-05,1.27E-05,1.27E-05,0.000102224,0.000102224,2.41E-05,2.41E-05,6.00E-06,6.00E-06,1.35E-05,1.35E-05,7.46E-06,7.46E-06,2.16E-06,2.16E-06,5.07E-06,5.07E-06,7.04E-06,7.04E-06,5.87E-06,5.87E-06,1.45E-05,1.45E-05,0.000108638,0.000108638,8.64E-06,8.64E-06,3.56E-06,3.56E-06,2.75E-06,2.75E-06,6.35E-05,6.35E-05,8.79E-06,8.79E-06,3.66E-06,3.66E-06,8.75E-05,8.75E-05,4.00E-06,4.00E-06,1.99E-05,1.99E-05,4.70E-05,4.70E-05,8.56E-06,8.56E-06,3.17E-06,3.17E-06,2.28E-06,2.28E-06,3.32E-06,3.32E-06,3.11E-06,3.11E-06,2.04E-06,2.04E-06,2.00E-06,2.00E-06,2.85E-06,2.85E-06,1.68E-05,1.68E-05,0.00021941,0.00021941,1.61E-05,1.61E-05,1.97E-06,1.97E-06,1.27E-06,1.27E-06,1.27E-06,1.27E-06,1.16E-06,1.16E-06,1.97E-06,1.97E-06,1.27E-06,1.27E-06,1.89E-05,1.89E-05,1.80E-06,1.80E-06,4.23E-05,4.23E-05,7.14E-06,7.14E-06,2.79E-06,2.79E-06,1.78E-05,1.78E-05,2.56E-06,2.56E-06,9.74E-06,9.74E-06,5.35E-05,5.35E-05,0.06805261,0.06805261,0.011588845,0.011588845,6.27E-05,6.27E-05,0.000231089,0.000231089,3.77E-05,3.77E-05,2.03E-05,2.03E-05,1.04E-05,1.04E-05,5.30E-05,5.30E-05,5.16E-06,5.16E-06,8.27E-06,8.27E-06,9.48E-06,9.48E-06,1.77E-05,1.77E-05,2.23E-05,2.23E-05,0.000389577,0.000389577,0.000409256,0.000409256,5.02E-05,5.02E-05,4.83E-05,4.83E-05,1.85E-05,1.85E-05,4.62E-05,4.62E-05,8.58E-05,8.58E-05,0.000100992,0.000100992,0.006375857,0.006375857,0.000110836,0.000110836,0.002725067,0.002725067,1
1.64E-06,1.64E-06,1.64E-06,9.94E-07,9.94E-07,9.67E-07,9.67E-07,9.16E-07,9.16E-07,9.88E-07,9.88E-07,9.44E-07,9.44E-07,1.05E-06,1.05E-06,1.01E-06,1.01E-06,1.18E-06,1.18E-06,1.35E-05,1.35E-05,1.76E-06,1.76E-06,1.32E-06,1.32E-06,1.07E-06,1.07E-06,1.07E-06,1.33E-06,1.33E-06,1.26E-06,1.26E-06,1.30E-06,1.30E-06,1.23E-06,1.23E-06,1.24E-06,1.24E-06,1.36E-06,1.36E-06,1.28E-05,1.28E-05,1.66E-06,1.66E-06,1.09E-06,1.09E-06,1.05E-06,1.05E-06,9.12E-07,9.12E-07,7.37E-07,7.37E-07,7.37E-07,8.58E-07,8.58E-07,9.29E-07,9.29E-07,1.06E-06,1.06E-06,1.11E-06,1.11E-06,1.51E-05,1.51E-05,1.62E-05,1.62E-05,1.25E-05,1.25E-05,1.54E-06,1.54E-06,8.52E-07,8.52E-07,6.97E-07,6.97E-07,7.70E-07,7.70E-07,7.72E-07,7.72E-07,7.72E-07,9.25E-07,9.25E-07,8.95E-07,8.95E-07,1.82E-05,1.82E-05,2.46E-06,2.46E-06,1.37E-06,1.37E-06,8.31E-07,8.31E-07,6.86E-07,6.86E-07,6.69E-07,6.69E-07,6.44E-07,6.44E-07,6.16E-07,6.16E-07,7.74E-07,7.74E-07,8.24E-07,8.24E-07,8.24E-07,1.67E-05,1.67E-05,9.62E-06,9.62E-06,4.41E-06,4.41E-06,1.26E-06,1.26E-06,8.02E-07,8.02E-07,7.39E-07,7.39E-07,5.80E-07,5.80E-07,5.56E-07,5.56E-07,6.63E-07,6.63E-07,7.28E-07,7.28E-07,1.60E-05,1.60E-05,1.70E-06,1.70E-06,1.70E-06,1.13E-06,1.13E-06,9.53E-07,9.53E-07,9.09E-07,9.09E-07,9.14E-07,9.14E-07,1.04E-06,1.04E-06,9.07E-07,9.07E-07,7.89E-07,7.89E-07,8.49E-07,8.49E-07,1.22E-05,1.22E-05,1.72E-06,1.72E-06,1.23E-06,1.23E-06,8.41E-07,8.41E-07,8.41E-07,7.47E-07,7.47E-07,1.27E-06,1.27E-06,4.28E-05,4.28E-05,3.47E-05,3.47E-05,5.26E-06,5.26E-06,8.86E-07,8.86E-07,1.40E-05,1.40E-05,1.09E-06,1.09E-06,7.55E-07,7.55E-07,7.72E-07,7.72E-07,6.06E-07,6.06E-07,6.69E-07,6.69E-07,6.69E-07,7.75E-07,7.75E-07,8.11E-07,8.11E-07,8.60E-07,8.60E-07,8.48E-07,8.48E-07,1.31E-05,1.31E-05,1.15E-06,1.15E-06,7.58E-07,7.58E-07,7.80E-07,7.80E-07,8.33E-07,8.33E-07,7.77E-07,7.77E-07,1.01E-06,1.01E-06,1.04E-06,1.04E-06,1.04E-06,9.80E-07,9.80E-07,1.39E-05,1.39E-05,0.000229688,0.000229688,9.32E-06,9.32E-06,1.27E-06,1.27E-06,6.71E-07,6.71E-07,7.54E-07,7.54E-07,8.31E-07,8.31E-07,9.84E-07,9.84E-07,1.08E-06,1.08E-06,1.05E-06,1.05E-06,1
1.29E-06,1.29E-06,1.29E-06,1.85E-05,1.85E-05,1.99E-06,1.99E-06,1.25E-06,1.25E-06,1.21E-06,1.21E-06,1.23E-06,1.23E-06,9.31E-07,9.31E-07,1.29E-06,1.29E-06,1.15E-06,1.15E-06,9.89E-07,9.89E-07,1.14E-06,1.14E-06,1.47E-05,1.47E-05,1.73E-06,1.73E-06,1.73E-06,1.14E-06,1.14E-06,9.74E-07,9.74E-07,9.36E-07,9.36E-07,1.07E-06,1.07E-06,9.31E-07,9.31E-07,7.95E-07,7.95E-07,9.73E-07,9.73E-07,7.81E-06,7.81E-06,7.03E-05,7.03E-05,2.44E-06,2.44E-06,6.31E-07,6.31E-07,6.87E-07,6.87E-07,6.87E-07,7.04E-07,7.04E-07,6.12E-07,6.12E-07,6.05E-07,6.05E-07,6.11E-07,6.11E-07,5.73E-07,5.73E-07,6.63E-07,6.63E-07,1.50E-05,1.50E-05,1.63E-06,1.63E-06,8.87E-07,8.87E-07,7.48E-07,7.48E-07,6.45E-07,6.45E-07,6.57E-07,6.57E-07,6.57E-07,1.01E-06,1.01E-06,4.36E-06,4.36E-06,4.38E-06,4.38E-06,1.05E-06,1.05E-06,1.92E-05,1.92E-05,2.28E-06,2.28E-06,1.26E-06,1.26E-06,9.72E-07,9.72E-07,1.15E-06,1.15E-06,1.20E-06,1.20E-06,9.77E-07,9.77E-07,1.04E-06,1.04E-06,1.04E-06,9.11E-07,9.11E-07,8.99E-07,8.99E-07,1.43E-05,1.43E-05,1.78E-06,1.78E-06,8.85E-07,8.85E-07,1.03E-06,1.03E-06,1.08E-06,1.08E-06,1.07E-06,1.07E-06,1.34E-06,1.34E-06,1.05E-06,1.05E-06,1.14E-06,1.14E-06,1.45E-06,1.45E-06,1.45E-06,1.34E-05,1.34E-05,1.44E-06,1.44E-06,8.41E-07,8.41E-07,2.38E-05,2.38E-05,1.63E-05,1.63E-05,5.11E-06,5.11E-06,2.56E-06,2.56E-06,1.26E-06,1.26E-06,6.84E-07,6.84E-07,6.08E-07,6.08E-07,1.70E-05,1.70E-05,1.66E-06,1.66E-06,1.66E-06,1.12E-06,1.12E-06,9.90E-07,9.90E-07,1.04E-06,1.04E-06,9.31E-07,9.31E-07,8.60E-07,8.60E-07,7.68E-07,7.68E-07,8.22E-07,8.22E-07,9.09E-07,9.09E-07,1.67E-05,1.67E-05,1.69E-06,1.69E-06,1.34E-06,1.34E-06,8.43E-07,8.43E-07,8.43E-07,8.00E-07,8.00E-07,6.73E-07,6.73E-07,6.42E-07,6.42E-07,5.71E-07,5.71E-07,5.51E-07,5.51E-07,5.68E-07,5.68E-07,1.17E-05,1.17E-05,1.42E-06,1.42E-06,7.16E-07,7.16E-07,6.56E-07,6.56E-07,6.20E-07,6.20E-07,7.17E-07,7.17E-07,7.17E-07,6.30E-07,6.30E-07,7.37E-07,7.37E-07,6.53E-07,6.53E-07,6.79E-07,6.79E-07,1.25E-05,1.25E-05,1.37E-06,1.37E-06,9.77E-07,9.77E-07,7.12E-07,7.12E-07,8.77E-07,8.77E-07,1.00E-06,1.00E-06,9.93E-07,9.93E-07,1
1.05E-06,1.05E-06,1.05E-06,1.17E-06,1.17E-06,8.99E-07,8.99E-07,1.55E-05,1.55E-05,1.54E-06,1.54E-06,1.26E-06,1.26E-06,1.19E-06,1.19E-06,1.13E-06,1.13E-06,1.10E-06,1.10E-06,1.23E-06,1.23E-06,1.09E-06,1.09E-06,1.01E-06,1.01E-06,1.04E-06,1.04E-06,1.04E-06,1.65E-05,1.65E-05,2.17E-06,2.17E-06,1.12E-05,1.12E-05,1.24E-05,1.24E-05,3.59E-06,3.59E-06,7.95E-07,7.95E-07,7.11E-07,7.11E-07,8.10E-07,8.10E-07,6.80E-07,6.80E-07,7.87E-07,7.87E-07,1.35E-05,1.35E-05,1.29E-06,1.29E-06,1.29E-06,7.22E-07,7.22E-07,6.62E-07,6.62E-07,7.39E-07,7.39E-07,8.79E-07,8.79E-07,7.88E-07,7.88E-07,1.06E-06,1.06E-06,8.23E-07,8.23E-07,7.96E-07,7.96E-07,2.06E-05,2.06E-05,2.22E-06,2.22E-06,1.55E-06,1.55E-06,1.23E-06,1.23E-06,1.23E-06,1.12E-06,1.12E-06,1.08E-06,1.08E-06,1.03E-06,1.03E-06,1.04E-06,1.04E-06,1.13E-06,1.13E-06,1.10E-06,1.10E-06,1.79E-05,1.79E-05,2.14E-06,2.14E-06,1.41E-06,1.41E-06,1.26E-06,1.26E-06,1.51E-06,1.51E-06,1.62E-06,1.62E-06,1.62E-06,1.62E-06,1.62E-06,1.64E-06,1.64E-06,1.85E-06,1.85E-06,2.15E-06,2.15E-06,2.46E-05,2.46E-05,3.04E-06,3.04E-06,2.00E-06,2.00E-06,1.46E-06,1.46E-06,1.62E-06,1.62E-06,1.43E-06,1.43E-06,1.45E-06,1.45E-06,1.25E-06,1.25E-06,1.25E-06,1.50E-06,1.50E-06,1.52E-06,1.52E-06,1.47E-05,1.47E-05,1.62E-06,1.62E-06,1.12E-06,1.12E-06,1.07E-06,1.07E-06,1.08E-06,1.08E-06,9.75E-07,9.75E-07,1.14E-06,1.14E-06,9.44E-07,9.44E-07,1.06E-06,1.06E-06,1.02E-06,1.02E-06,1.02E-06,0.000847092,0.000847092,1.49E-05,1.49E-05,2.09E-06,2.09E-06,1.19E-06,1.19E-06,1.04E-06,1.04E-06,8.56E-07,8.56E-07,9.69E-07,9.69E-07,1.18E-06,1.18E-06,1.20E-06,1.20E-06,1.16E-06,1.16E-06,1.91E-05,1.91E-05,2.24E-06,2.24E-06,2.24E-06,1.67E-06,1.67E-06,1.19E-06,1.19E-06,1.14E-06,1.14E-06,1.04E-06,1.04E-06,9.87E-07,9.87E-07,8.42E-07,8.42E-07,1.03E-06,1.03E-06,1.30E-06,1.30E-06,1.30E-05,1.30E-05,1.75E-06,1.75E-06,1.01E-06,1.01E-06,1.52E-06,1.52E-06,1.52E-06,2.10E-05,2.10E-05,2.55E-05,2.55E-05,6.42E-06,6.42E-06,1.32E-06,1.32E-06,9.33E-07,9.33E-07,9.50E-07,9.50E-07,1.62E-05,1.62E-05,1.73E-06,1.73E-06,1.06E-06,1.06E-06,9.91E-07,9.91E-07,9.68E-07,9.68E-07,1
1.13E-06,1.13E-06,1.13E-06,9.15E-07,9.15E-07,1.20E-06,1.20E-06,9.56E-07,9.56E-07,9.50E-07,9.50E-07,1.99E-05,1.99E-05,2.19E-06,2.19E-06,1.28E-06,1.28E-06,1.04E-06,1.04E-06,1.04E-06,1.04E-06,8.61E-07,8.61E-07,8.04E-07,8.04E-07,8.24E-07,8.24E-07,8.24E-07,8.43E-07,8.43E-07,8.71E-07,8.71E-07,1.77E-05,1.77E-05,1.94E-06,1.94E-06,9.27E-07,9.27E-07,7.28E-07,7.28E-07,7.37E-07,7.37E-07,6.62E-07,6.62E-07,7.43E-07,7.43E-07,7.21E-07,7.21E-07,8.09E-07,8.09E-07,1.02E-06,1.02E-06,1.02E-06,1.13E-05,1.13E-05,1.96E-06,1.96E-06,1.54E-06,1.54E-06,4.70E-05,4.70E-05,1.51E-05,1.51E-05,1.94E-06,1.94E-06,8.33E-07,8.33E-07,6.33E-07,6.33E-07,5.79E-07,5.79E-07,6.34E-07,6.34E-07,1.62E-05,1.62E-05,1.63E-06,1.63E-06,1.63E-06,1.11E-06,1.11E-06,8.58E-07,8.58E-07,8.43E-07,8.43E-07,7.49E-07,7.49E-07,7.31E-07,7.31E-07,7.61E-07,7.61E-07,8.71E-07,8.71E-07,8.04E-07,8.04E-07,1.17E-05,1.17E-05,1.19E-06,1.19E-06,6.41E-07,6.41E-07,5.17E-07,5.17E-07,5.17E-07,5.28E-07,5.28E-07,4.85E-07,4.85E-07,5.24E-07,5.24E-07,6.00E-07,6.00E-07,1.89E-05,1.89E-05,2.04E-05,2.04E-05,4.74E-05,4.74E-05,2.03E-06,2.03E-06,8.24E-07,8.24E-07,7.63E-07,7.63E-07,7.13E-07,7.13E-07,7.00E-07,7.00E-07,7.00E-07,6.95E-07,6.95E-07,7.43E-07,7.43E-07,7.45E-07,7.45E-07,7.25E-07,7.25E-07,1.42E-05,1.42E-05,1.45E-06,1.45E-06,9.20E-07,9.20E-07,8.64E-07,8.64E-07,7.30E-07,7.30E-07,7.72E-07,7.72E-07,8.21E-07,8.21E-07,7.38E-07,7.38E-07,7.38E-07,8.11E-07,8.11E-07,1.02E-06,1.02E-06,1.60E-05,1.60E-05,1.66E-06,1.66E-06,1.49E-06,1.49E-06,1.29E-06,1.29E-06,7.73E-07,7.73E-07,8.54E-07,8.54E-07,7.98E-07,7.98E-07,6.69E-06,6.69E-06,2.25E-05,2.25E-05,1.60E-06,1.60E-06,1.60E-06,1.75E-05,1.75E-05,1.52E-06,1.52E-06,1.15E-06,1.15E-06,1.44E-06,1.44E-06,8.69E-07,8.69E-07,7.59E-07,7.59E-07,8.22E-07,8.22E-07,7.20E-07,7.20E-07,6.96E-07,6.96E-07,6.37E-07,6.37E-07,1.12E-05,1.12E-05,1.19E-06,1.19E-06,1.19E-06,7.86E-07,7.86E-07,8.38E-07,8.38E-07,8.85E-07,8.85E-07,7.70E-07,7.70E-07,9.70E-07,9.70E-07,1.03E-06,1.03E-06,5.91E-07,5.91E-07,6.05E-07,6.05E-07,1.16E-05,1.16E-05,1.45E-06,1.45E-06,8.29E-07,8.29E-07,1
7.78E-07,7.78E-07,7.78E-07,7.08E-07,7.08E-07,6.19E-07,6.19E-07,6.92E-07,6.92E-07,8.98E-07,8.98E-07,8.13E-07,8.13E-07,8.37E-07,8.37E-07,1.17E-05,1.17E-05,1.35E-06,1.35E-06,8.43E-07,8.43E-07,6.19E-07,6.19E-07,5.46E-07,5.46E-07,5.76E-07,5.76E-07,5.76E-07,5.05E-07,5.05E-07,7.37E-07,7.37E-07,5.37E-07,5.37E-07,5.12E-07,5.12E-07,1.42E-05,1.42E-05,1.95E-06,1.95E-06,1.26E-06,1.26E-06,1.19E-06,1.19E-06,1.33E-06,1.33E-06,1.14E-06,1.14E-06,1.10E-06,1.10E-06,1.18E-06,1.18E-06,1.18E-06,1.13E-06,1.13E-06,1.09E-06,1.09E-06,1.44E-05,1.44E-05,1.50E-06,1.50E-06,8.63E-07,8.63E-07,6.46E-07,6.46E-07,5.61E-07,5.61E-07,5.87E-07,5.87E-07,6.90E-07,6.90E-07,8.63E-07,8.63E-07,8.01E-07,8.01E-07,8.39E-07,8.39E-07,8.39E-07,2.03E-05,2.03E-05,1.68E-06,1.68E-06,7.73E-07,7.73E-07,6.71E-07,6.71E-07,5.51E-07,5.51E-07,5.99E-07,5.99E-07,6.63E-07,6.63E-07,6.11E-07,6.11E-07,5.71E-07,5.71E-07,5.77E-07,5.77E-07,1.63E-05,1.63E-05,1.42E-06,1.42E-06,1.42E-06,9.32E-07,9.32E-07,7.97E-07,7.97E-07,6.40E-07,6.40E-07,7.33E-07,7.33E-07,6.81E-07,6.81E-07,7.46E-07,7.46E-07,7.01E-07,7.01E-07,6.70E-07,6.70E-07,1.28E-05,1.28E-05,1.31E-06,1.31E-06,9.33E-07,9.33E-07,1.04E-06,1.04E-06,1.04E-06,1.23E-06,1.23E-06,1.35E-06,1.35E-06,1.65E-06,1.65E-06,1.84E-06,1.84E-06,1.23E-06,1.23E-06,8.18E-07,8.18E-07,1.96E-05,1.96E-05,2.49E-06,2.49E-06,1.65E-06,1.65E-06,1.55E-06,1.55E-06,1.41E-06,1.41E-06,1.47E-06,1.47E-06,1.47E-06,1.09E-06,1.09E-06,1.08E-06,1.08E-06,5.17E-06,5.17E-06,0.000131946,0.000131946,0.000180483,0.000180483,7.13E-06,7.13E-06,1.09E-06,1.09E-06,8.22E-07,8.22E-07,7.52E-07,7.52E-07,8.59E-07,8.59E-07,9.31E-07,9.31E-07,1.04E-06,1.04E-06,1.04E-06,1.04E-06,1.04E-06,1.00E-06,1.00E-06,1.35E-05,1.35E-05,1.87E-06,1.87E-06,1.44E-06,1.44E-06,1.43E-06,1.43E-06,1.26E-06,1.26E-06,1.63E-06,1.63E-06,1.33E-06,1.33E-06,1.05E-06,1.05E-06,8.42E-07,8.42E-07,9.97E-07,9.97E-07,9.97E-07,1.38E-05,1.38E-05,1.17E-06,1.17E-06,6.42E-07,6.42E-07,5.06E-07,5.06E-07,5.62E-07,5.62E-07,6.06E-07,6.06E-07,7.92E-07,7.92E-07,1.02E-06,1.02E-06,8.89E-07,8.89E-07,8.26E-07,8.26E-07,1.23E-05,1.23E-05,1
1.45E-06,1.45E-06,1.45E-06,7.56E-07,7.56E-07,8.04E-07,8.04E-07,9.29E-07,9.29E-07,8.47E-07,8.47E-07,6.05E-07,6.05E-07,8.46E-07,8.46E-07,1.01E-06,1.01E-06,7.36E-07,7.36E-07,1.26E-05,1.26E-05,1.21E-06,1.21E-06,7.99E-07,7.99E-07,8.27E-07,8.27E-07,8.27E-07,7.35E-07,7.35E-07,7.71E-07,7.71E-07,7.64E-07,7.64E-07,8.24E-07,8.24E-07,8.25E-07,8.25E-07,7.32E-07,7.32E-07,1.55E-05,1.55E-05,1.36E-05,1.36E-05,4.81E-05,4.81E-05,7.81E-06,7.81E-06,2.03E-06,2.03E-06,1.10E-06,1.10E-06,1.10E-06,9.51E-07,9.51E-07,7.59E-07,7.59E-07,7.19E-07,7.19E-07,7.11E-07,7.11E-07,1.41E-05,1.41E-05,1.61E-06,1.61E-06,1.52E-06,1.52E-06,1.32E-06,1.32E-06,1.08E-06,1.08E-06,1.16E-06,1.16E-06,9.81E-07,9.81E-07,1.04E-06,1.04E-06,1.04E-06,8.88E-07,8.88E-07,8.68E-07,8.68E-07,1.82E-05,1.82E-05,2.64E-06,2.64E-06,1.33E-06,1.33E-06,1.72E-06,1.72E-06,1.41E-06,1.41E-06,1.34E-06,1.34E-06,1.14E-06,1.14E-06,1.07E-06,1.07E-06,1.04E-06,1.04E-06,1.02E-06,1.02E-06,1.02E-06,1.55E-05,1.55E-05,1.86E-06,1.86E-06,1.05E-06,1.05E-06,9.08E-07,9.08E-07,1.15E-06,1.15E-06,1.03E-06,1.03E-06,9.94E-07,9.94E-07,9.79E-07,9.79E-07,1.03E-06,1.03E-06,1.16E-06,1.16E-06,1.43E-05,1.43E-05,1.84E-06,1.84E-06,1.84E-06,1.09E-06,1.09E-06,1.36E-06,1.36E-06,1.19E-06,1.19E-06,1.13E-06,1.13E-06,1.30E-06,1.30E-06,1.09E-06,1.09E-06,1.36E-06,1.36E-06,1.20E-06,1.20E-06,1.57E-05,1.57E-05,2.04E-06,2.04E-06,1.39E-06,1.39E-06,1.43E-06,1.43E-06,1.43E-06,9.69E-07,9.69E-07,9.09E-07,9.09E-07,8.59E-07,8.59E-07,1.08E-06,1.08E-06,1.13E-06,1.13E-06,1.05E-06,1.05E-06,1.54E-05,1.54E-05,1.99E-06,1.99E-06,1.31E-06,1.31E-06,3.08E-06,3.08E-06,3.27E-05,3.27E-05,6.81E-06,6.81E-06,6.81E-06,2.04E-06,2.04E-06,1.25E-06,1.25E-06,1.48E-06,1.48E-06,1.05E-06,1.05E-06,2.72E-05,2.72E-05,3.55E-06,3.55E-06,1.60E-06,1.60E-06,1.73E-06,1.73E-06,1.59E-06,1.59E-06,1.43E-06,1.43E-06,1.46E-06,1.46E-06,1.24E-06,1.24E-06,1.24E-06,1.23E-06,1.23E-06,1.13E-06,1.13E-06,2.23E-05,2.23E-05,2.25E-06,2.25E-06,1.20E-06,1.20E-06,1.08E-06,1.08E-06,1.14E-06,1.14E-06,1.10E-06,1.10E-06,1.46E-06,1.46E-06,1.10E-06,1.10E-06,1.29E-06,1.29E-06,1
1.36E-06,1.36E-06,1.36E-06,1.67E-05,1.67E-05,1.66E-06,1.66E-06,1.29E-06,1.29E-06,1.18E-06,1.18E-06,1.09E-06,1.09E-06,1.36E-06,1.36E-06,1.24E-06,1.24E-06,1.45E-06,1.45E-06,1.25E-06,1.25E-06,1.36E-06,1.36E-06,1.63E-05,1.63E-05,1.81E-06,1.81E-06,1.81E-06,1.36E-06,1.36E-06,1.23E-06,1.23E-06,8.94E-07,8.94E-07,8.98E-07,8.98E-07,9.74E-07,9.74E-07,9.11E-07,9.11E-07,1.08E-06,1.08E-06,1.71E-05,1.71E-05,0.000219017,0.000219017,3.52E-06,3.52E-06,9.71E-07,9.71E-07,6.99E-07,6.99E-07,6.99E-07,6.30E-07,6.30E-07,7.40E-07,7.40E-07,8.35E-07,8.35E-07,8.90E-07,8.90E-07,8.65E-07,8.65E-07,1.03E-06,1.03E-06,1.96E-05,1.96E-05,2.57E-06,2.57E-06,1.74E-06,1.74E-06,1.58E-06,1.58E-06,1.37E-06,1.37E-06,1.14E-06,1.14E-06,1.14E-06,1.03E-06,1.03E-06,1.07E-06,1.07E-06,9.97E-07,9.97E-07,1.08E-06,1.08E-06,1.83E-05,1.83E-05,2.07E-06,2.07E-06,1.60E-06,1.60E-06,1.35E-06,1.35E-06,1.17E-06,1.17E-06,1.40E-06,1.40E-06,1.49E-06,1.49E-06,1.50E-06,1.50E-06,1.50E-06,5.09E-06,5.09E-06,3.80E-05,3.80E-05,0.000184416,0.000184416,5.69E-06,5.69E-06,1.47E-06,1.47E-06,6.21E-07,6.21E-07,5.15E-07,5.15E-07,5.49E-07,5.49E-07,6.04E-07,6.04E-07,6.01E-07,6.01E-07,6.32E-07,6.32E-07,7.25E-07,7.25E-07,7.25E-07,1.68E-05,1.68E-05,2.35E-06,2.35E-06,1.64E-06,1.64E-06,1.56E-06,1.56E-06,1.28E-06,1.28E-06,1.05E-06,1.05E-06,1.12E-06,1.12E-06,1.01E-06,1.01E-06,1.31E-06,1.31E-06,1.47E-06,1.47E-06,1.37E-05,1.37E-05,1.74E-06,1.74E-06,1.74E-06,1.31E-06,1.31E-06,1.11E-06,1.11E-06,7.68E-07,7.68E-07,8.28E-07,8.28E-07,9.30E-07,9.30E-07,9.58E-07,9.58E-07,8.37E-07,8.37E-07,8.85E-07,8.85E-07,1.56E-05,1.56E-05,1.94E-06,1.94E-06,1.27E-06,1.27E-06,1.19E-06,1.19E-06,1.19E-06,1.33E-06,1.33E-06,1.57E-06,1.57E-06,1.68E-06,1.68E-06,1.41E-06,1.41E-06,1.79E-06,1.79E-06,1.54E-06,1.54E-06,1.42E-05,1.42E-05,1.73E-06,1.73E-06,1.13E-06,1.13E-06,1.17E-06,1.17E-06,1.10E-06,1.10E-06,1.03E-06,1.03E-06,1.03E-06,1.01E-06,1.01E-06,1.02E-06,1.02E-06,1.15E-06,1.15E-06,1.23E-06,1.23E-06,1.35E-05,1.35E-05,1.64E-06,1.64E-06,9.29E-07,9.29E-07,1.00E-06,1.00E-06,1.14E-06,1.14E-06,1.18E-06,1.18E-06,1.16E-06,1.16E-06,1
0.11958546,0.11958546,0.11958546,0.5526347,0.5526347,0.25069273,0.25069273,0.33929995,0.33929995,0.051133726,0.051133726,0.17465416,0.17465416,0.004659929,0.004659929,0.007592826,0.007592826,0.41885504,0.41885504,0.6031464,0.6031464,0.6214062,0.6214062,0.4913924,0.4913924,0.28255397,0.28255397,0.28255397,0.000135709,0.000135709,1.42E-05,1.42E-05,5.01E-05,5.01E-05,5.34E-05,5.34E-05,4.35E-05,4.35E-05,7.24E-05,7.24E-05,0.000197466,0.000197466,0.000255727,0.000255727,0.000626831,0.000626831,0.000444897,0.000444897,0.001136757,0.001136757,0.002256579,0.002256579,0.002256579,0.003650826,0.003650826,0.004405035,0.004405035,0.020623714,0.020623714,0.01096873,0.01096873,0.008202406,0.008202406,0.018347252,0.018347252,0.022237895,0.022237895,0.005423619,0.005423619,0.054000303,0.054000303,0.008144122,0.008144122,0.00090743,0.00090743,0.002433081,0.002433081,0.002433081,0.004595937,0.004595937,0.004228375,0.004228375,0.006594402,0.006594402,0.001982185,0.001982185,0.004693213,0.004693213,0.00126062,0.00126062,0.006128267,0.006128267,0.12536408,0.12536408,0.41049665,0.41049665,0.9043784,0.9043784,0.6838475,0.6838475,0.23819284,0.23819284,0.23819284,0.5786885,0.5786885,0.37839028,0.37839028,0.005121503,0.005121503,0.000302977,0.000302977,8.94E-05,8.94E-05,4.29E-05,4.29E-05,2.24E-05,2.24E-05,4.20E-05,4.20E-05,2.53E-05,2.53E-05,1.32E-05,1.32E-05,0.000145288,0.000145288,2.21E-05,2.21E-05,2.21E-05,2.00E-05,2.00E-05,2.93E-05,2.93E-05,1.70E-05,1.70E-05,2.18E-05,2.18E-05,3.08E-05,3.08E-05,1.34E-05,1.34E-05,2.12E-05,2.12E-05,2.62E-05,2.62E-05,0.000114617,0.000114617,2.47E-05,2.47E-05,2.00E-05,2.00E-05,1.07E-05,1.07E-05,1.07E-05,1.52E-05,1.52E-05,2.22E-05,2.22E-05,9.33E-06,9.33E-06,9.81E-06,9.81E-06,2.75E-05,2.75E-05,3.45E-05,3.45E-05,0.000136663,0.000136663,3.38E-05,3.38E-05,1.55E-05,1.55E-05,1.42E-05,1.42E-05,1.50E-05,1.50E-05,1.32E-05,1.32E-05,1.32E-05,3.03E-05,3.03E-05,1.57E-05,1.57E-05,1.15E-05,1.15E-05,2.74E-05,2.74E-05,0.000143705,0.000143705,2.57E-05,2.57E-05,9.90E-06,9.90E-06,1.24E-05,1.24E-05,1.72E-05,1.72E-05,1.88E-05,1.88E-05,2.05E-05,2.05E-05,1.02E-05,1.02E-05,1.02E-05,1.36E-05,1.36E-05,3.18E-05,3.18E-05,0.000177655,0.000177655,1.55E-05,1.55E-05,1.46E-05,1.46E-05,2.43E-05,2.43E-05,2.29E-05,2.29E-05,3.10E-05,3.10E-05,1.70E-05,1.70E-05,9.54E-06,9.54E-06,1.09E-05,1.09E-05,1
1.03E-05,1.03E-05,1.03E-05,0.00011675,0.00011675,2.67E-05,2.67E-05,1.64E-05,1.64E-05,2.37E-05,2.37E-05,2.85E-05,2.85E-05,1.39E-05,1.39E-05,4.81E-05,4.81E-05,7.35E-05,7.35E-05,4.06E-05,4.06E-05,3.77E-05,3.77E-05,0.000236897,0.000236897,2.95E-05,2.95E-05,2.95E-05,1.63E-05,1.63E-05,1.50E-05,1.50E-05,1.66E-05,1.66E-05,1.65E-05,1.65E-05,2.57E-05,2.57E-05,2.69E-05,2.69E-05,0.0001401,0.0001401,4.55E-05,4.55E-05,0.000155728,0.000155728,2.21E-05,2.21E-05,2.11E-05,2.11E-05,2.47E-05,2.47E-05,2.47E-05,2.46E-05,2.46E-05,1.71E-05,1.71E-05,4.23E-05,4.23E-05,3.22E-05,3.22E-05,1.47E-05,1.47E-05,1.80E-05,1.80E-05,0.000118584,0.000118584,2.98E-05,2.98E-05,2.10E-05,2.10E-05,1.93E-05,1.93E-05,2.56E-05,2.56E-05,3.19E-05,3.19E-05,3.19E-05,1.58E-05,1.58E-05,2.44E-05,2.44E-05,2.36E-05,2.36E-05,6.06E-05,6.06E-05,0.000105541,0.000105541,2.84E-05,2.84E-05,1.35E-05,1.35E-05,1.09E-05,1.09E-05,5.74E-05,5.74E-05,2.18E-05,2.18E-05,1.78E-05,1.78E-05,3.16E-05,3.16E-05,3.16E-05,1.33E-05,1.33E-05,4.34E-05,4.34E-05,0.000179434,0.000179434,4.61E-05,4.61E-05,1.33E-05,1.33E-05,2.55E-05,2.55E-05,8.95E-06,8.95E-06,9.33E-06,9.33E-06,1.56E-05,1.56E-05,1.37E-05,1.37E-05,3.24E-05,3.24E-05,2.86E-05,2.86E-05,2.86E-05,0.000213117,0.000213117,4.96E-05,4.96E-05,1.89E-05,1.89E-05,3.21E-05,3.21E-05,1.01E-05,1.01E-05,3.23E-05,3.23E-05,2.33E-05,2.33E-05,1.57E-05,1.57E-05,1.60E-05,1.60E-05,2.04E-05,2.04E-05,9.65E-05,9.65E-05,2.36E-05,2.36E-05,2.36E-05,3.38E-05,3.38E-05,3.11E-05,3.11E-05,4.87E-05,4.87E-05,4.21E-05,4.21E-05,2.83E-05,2.83E-05,7.35E-05,7.35E-05,4.16E-05,4.16E-05,5.98E-05,5.98E-05,0.000171084,0.000171084,3.72E-05,3.72E-05,5.64E-05,5.64E-05,3.29E-05,3.29E-05,3.29E-05,3.21E-05,3.21E-05,4.14E-05,4.14E-05,0.000117985,0.000117985,0.000135725,0.000135725,8.43E-05,8.43E-05,0.000150181,0.000150181,0.000433554,0.000433554,7.17E-05,7.17E-05,0.000109328,0.000109328,0.000101385,0.000101385,3.07E-05,3.07E-05,7.49E-05,7.49E-05,7.49E-05,3.12E-05,3.12E-05,3.07E-05,3.07E-05,3.72E-05,3.72E-05,2.07E-05,2.07E-05,0.00042326,0.00042326,8.12E-05,8.12E-05,0.000115062,0.000115062,5.81E-05,5.81E-05,2.19E-05,2.19E-05,4.06E-05,4.06E-05,3.65E-05,3.65E-05,1
4.03E-05,4.03E-05,4.03E-05,3.14E-05,3.14E-05,4.95E-05,4.95E-05,0.000507873,0.000507873,0.000197308,0.000197308,4.81E-05,4.81E-05,0.00010719,0.00010719,8.60E-05,8.60E-05,0.000152512,0.000152512,0.000226266,0.000226266,0.000471776,0.000471776,0.000468871,0.000468871,0.00010379,0.00010379,0.00010379,0.000409575,0.000409575,0.000500041,0.000500041,0.000158666,0.000158666,0.000150426,0.000150426,0.000134633,0.000134633,0.000259599,0.000259599,0.000188641,0.000188641,0.000146854,0.000146854,9.94E-05,9.94E-05,0.000312911,0.000312911,0.000742207,0.000742207,0.000199575,0.000199575,0.000199575,0.000173259,0.000173259,0.000224889,0.000224889,0.000261846,0.000261846,0.000140138,0.000140138,0.000109281,0.000109281,7.97E-05,7.97E-05,5.36E-05,5.36E-05,0.000131444,0.000131444,0.000360563,0.000360563,0.000132429,0.000132429,7.66E-05,7.66E-05,4.52E-05,4.52E-05,4.52E-05,2.71E-05,2.71E-05,9.98E-05,9.98E-05,0.000113627,0.000113627,9.96E-05,9.96E-05,0.000157839,0.000157839,0.000104685,0.000104685,0.00084817,0.00084817,0.000124618,0.000124618,4.99E-05,4.99E-05,0.000122088,0.000122088,5.02E-05,5.02E-05,0.000111478,0.000111478,0.000111478,6.35E-05,6.35E-05,0.000127391,0.000127391,8.61E-05,8.61E-05,0.000141518,0.000141518,0.000562679,0.000562679,6.55E-05,6.55E-05,0.000174903,0.000174903,8.30E-05,8.30E-05,5.69E-05,5.69E-05,5.82E-05,5.82E-05,9.86E-05,9.86E-05,5.70E-05,5.70E-05,5.70E-05,6.06E-05,6.06E-05,3.85E-05,3.85E-05,0.000229811,0.000229811,4.29E-05,4.29E-05,2.55E-05,2.55E-05,3.87E-05,3.87E-05,2.50E-05,2.50E-05,4.82E-05,4.82E-05,6.77E-05,6.77E-05,5.41E-05,5.41E-05,6.36E-05,6.36E-05,5.52E-05,5.52E-05,5.52E-05,0.000294589,0.000294589,3.05E-05,3.05E-05,2.85E-05,2.85E-05,3.86E-05,3.86E-05,3.82E-05,3.82E-05,4.41E-05,4.41E-05,6.35E-05,6.35E-05,8.04E-05,8.04E-05,4.67E-05,4.67E-05,7.43E-05,7.43E-05,0.001338913,0.001338913,0.000367136,0.000367136,0.000367136,0.000364305,0.000364305,0.00035879,0.00035879,0.000282268,0.000282268,0.000657225,0.000657225,0.000334379,0.000334379,0.001190753,0.001190753,0.000622935,0.000622935,0.000947334,0.000947334,0.004769488,0.004769488,0.001105843,0.001105843,0.000759004,0.000759004,0.000225217,0.000225217,0.000225217,0.000922988,0.000922988,0.000985811,0.000985811,0.000154432,0.000154432,0.00034425,0.00034425,0.000426161,0.000426161,0.000271722,0.000271722,0.000536284,0.000536284,0.000161061,0.000161061,0.000197201,0.000197201,0.000375113,0.000375113,0.000345862,0.000345862,1
0.00056874,0.00056874,0.00056874,0.000741853,0.000741853,7.82E-05,7.82E-05,6.45E-05,6.45E-05,0.000457252,0.000457252,0.00092312,0.00092312,0.000204007,0.000204007,0.002915861,0.002915861,0.001332409,0.001332409,0.000755977,0.000755977,0.001075137,0.001075137,0.000861267,0.000861267,0.000872785,0.000872785,0.000872785,0.000512832,0.000512832,0.001087958,0.001087958,0.0018062,0.0018062,0.002583107,0.002583107,0.004064799,0.004064799,0.002959878,0.002959878,0.008365829,0.008365829,0.001056538,0.001056538,0.000464769,0.000464769,0.002466835,0.002466835,0.000694992,0.000694992,0.000520516,0.000520516,0.000520516,0.002664419,0.002664419,0.00048497,0.00048497,0.000252746,0.000252746,0.000488149,0.000488149,0.00045452,0.00045452,0.000396418,0.000396418,0.000493438,0.000493438,0.00048494,0.00048494,0.000426748,0.000426748,0.000125473,0.000125473,0.001029396,0.001029396,0.001147365,0.001147365,0.001147365,0.000952165,0.000952165,0.001334716,0.001334716,0.000225987,0.000225987,0.000504769,0.000504769,0.000599948,0.000599948,0.000872877,0.000872877,0.001564104,0.001564104,0.000481034,0.000481034,0.001749889,0.001749889,0.000186734,0.000186734,0.000446038,0.000446038,0.000562503,0.000562503,0.000562503,0.000409134,0.000409134,0.000401348,0.000401348,0.000587029,0.000587029,0.00127758,0.00127758,0.000462972,0.000462972,0.000974085,0.000974085,0.001965779,0.001965779,0.001388231,0.001388231,0.000672273,0.000672273,0.001782363,0.001782363,0.000595386,0.000595386,0.000153911,0.000153911,0.000153911,0.000336106,0.000336106,0.000222336,0.000222336,0.000649942,0.000649942,0.000170327,0.000170327,0.001845704,0.001845704,0.000319968,0.000319968,0.000296442,0.000296442,0.000239684,0.000239684,0.000416359,0.000416359,0.002689205,0.002689205,0.000570646,0.000570646,0.000169117,0.000169117,0.000169117,0.00046353,0.00046353,0.000224491,0.000224491,0.001542001,0.001542001,0.000732196,0.000732196,0.000836901,0.000836901,0.001829161,0.001829161,0.000595611,0.000595611,0.00071513,0.00071513,0.000412387,0.000412387,0.000895089,0.000895089,0.000568042,0.000568042,0.001217158,0.001217158,0.001217158,0.001201461,0.001201461,0.00066375,0.00066375,0.000916771,0.000916771,0.00053974,0.00053974,0.000703518,0.000703518,0.000591908,0.000591908,0.000827861,0.000827861,0.000413896,0.000413896,0.00081545,0.00081545,0.000363678,0.000363678,0.00057867,0.00057867,8.44E-05,8.44E-05,8.44E-05,0.000204343,0.000204343,0.000558663,0.000558663,6.57E-05,6.57E-05,0.000377878,0.000377878,0.000499077,0.000499077,0.000438551,0.000438551,0.000218557,0.000218557,0.000441156,0.000441156,0.002255003,0.002255003,0.000544079,0.000544079,0.000760501,0.000760501,1
0.001160732,0.001160732,0.001160732,0.003583291,0.003583291,0.000709986,0.000709986,0.000673922,0.000673922,0.001712778,0.001712778,0.000594343,0.000594343,0.000187804,0.000187804,0.003757652,0.003757652,0.000776852,0.000776852,0.000687769,0.000687769,0.000620909,0.000620909,0.000288407,0.000288407,0.000501958,0.000501958,0.000501958,0.000456306,0.000456306,0.000758595,0.000758595,0.000215422,0.000215422,0.00093051,0.00093051,0.001065668,0.001065668,0.000304614,0.000304614,0.000463178,0.000463178,0.000189203,0.000189203,0.000374624,0.000374624,0.000435999,0.000435999,0.000363026,0.000363026,0.000548297,0.000548297,0.000548297,0.002260578,0.002260578,0.002239969,0.002239969,0.003012664,0.003012664,0.004285986,0.004285986,0.000955968,0.000955968,0.002957203,0.002957203,0.00465129,0.00465129,0.016637651,0.016637651,0.003079153,0.003079153,0.00046275,0.00046275,0.000704318,0.000704318,0.002142829,0.002142829,0.002142829,0.003791605,0.003791605,0.000465437,0.000465437,0.000658239,0.000658239,0.000803402,0.000803402,0.001269146,0.001269146,0.000457186,0.000457186,0.000584037,0.000584037,0.001069668,0.001069668,0.002584874,0.002584874,0.000669841,0.000669841,0.002382415,0.002382415,0.000713187,0.000713187,0.000713187,0.0005432,0.0005432,0.000447635,0.000447635,0.001263575,0.001263575,0.001624267,0.001624267,0.000841404,0.000841404,0.000322749,0.000322749,0.000407535,0.000407535,0.000233955,0.000233955,0.002013352,0.002013352,0.000673019,0.000673019,0.000775658,0.000775658,0.000857398,0.000857398,0.000857398,0.000477602,0.000477602,0.0007733,0.0007733,0.000796859,0.000796859,0.000523996,0.000523996,0.0004166,0.0004166,0.000366331,0.000366331,0.000998581,0.000998581,0.00339735,0.00339735,0.000659205,0.000659205,0.000939396,0.000939396,0.000579682,0.000579682,0.000653483,0.000653483,0.000653483,0.000568116,0.000568116,0.000647292,0.000647292,0.001549462,0.001549462,0.002557029,0.002557029,0.003798385,0.003798385,0.003825532,0.003825532,0.001480263,0.001480263,0.000567516,0.000567516,0.000602381,0.000602381,0.00050715,0.00050715,0.001132183,0.001132183,0.000388177,0.000388177,0.000388177,0.000226389,0.000226389,0.000119577,0.000119577,0.000734392,0.000734392,0.000243457,0.000243457,0.000181217,0.000181217,0.000112239,0.000112239,0.000470525,0.000470525,0.000125094,0.000125094,0.000187821,0.000187821,0.000319935,0.000319935,0.000415846,0.000415846,0.000622212,0.000622212,0.000622212,0.001316091,0.001316091,0.000640302,0.000640302,0.000228578,0.000228578,0.000296184,0.000296184,0.000298788,0.000298788,0.000374372,0.000374372,0.000203593,0.000203593,0.00017281,0.00017281,0.000132299,0.000132299,0.000205072,0.000205072,0.000355035,0.000355035,1
0.000233666,0.000233666,0.000233666,0.000200826,0.000200826,7.62E-05,7.62E-05,0.000481849,0.000481849,0.000244676,0.000244676,0.000187058,0.000187058,0.000109971,0.000109971,9.48E-05,9.48E-05,9.72E-05,9.72E-05,0.000553651,0.000553651,0.000263075,0.000263075,0.000737608,0.000737608,0.000755482,0.000755482,0.000755482,0.00178565,0.00178565,0.001259802,0.001259802,0.001239776,0.001239776,0.000586321,0.000586321,0.005846607,0.005846607,0.000975427,0.000975427,0.002939951,0.002939951,0.001059005,0.001059005,0.001721532,0.001721532,0.003161208,0.003161208,0.002667157,0.002667157,0.001017179,0.001017179,0.001017179,0.001468903,0.001468903,0.0011535,0.0011535,0.002726978,0.002726978,0.000954453,0.000954453,0.008019635,0.008019635,0.001534006,0.001534006,0.000635383,0.000635383,0.000903406,0.000903406,0.000849859,0.000849859,0.000824182,0.000824182,0.000259667,0.000259667,0.001106743,0.001106743,0.001106743,0.000310064,0.000310064,0.00082673,0.00082673,0.002339148,0.002339148,0.000191046,0.000191046,0.001054573,0.001054573,0.000324387,0.000324387,0.000594016,0.000594016,0.017469374,0.017469374,0.001768002,0.001768002,0.00117767,0.00117767,0.001251846,0.001251846,0.001756915,0.001756915,0.001756915,0.013077012,0.013077012,0.011596766,0.011596766,0.005311666,0.005311666,0.006053831,0.006053831,0.003766362,0.003766362,0.009209565,0.009209565,0.004103309,0.004103309,0.009177914,0.009177914,0.009234557,0.009234557,0.003064087,0.003064087,0.005696258,0.005696258,0.002232918,0.002232918,0.002232918,0.000968951,0.000968951,0.000329011,0.000329011,0.000264741,0.000264741,0.000218981,0.000218981,0.000734969,0.000734969,0.000499814,0.000499814,0.000411925,0.000411925,0.000674312,0.000674312,0.000905859,0.000905859,0.000313901,0.000313901,0.000662271,0.000662271,0.000281186,0.000281186,0.000281186,0.000580654,0.000580654,0.001938584,0.001938584,0.001980315,0.001980315,0.000816555,0.000816555,0.000799942,0.000799942,0.001661443,0.001661443,0.006897067,0.006897067,0.001337612,0.001337612,0.006285722,0.006285722,0.00575714,0.00575714,0.002716171,0.002716171,0.000722901,0.000722901,0.000722901,0.000852808,0.000852808,0.000748221,0.000748221,0.00059243,0.00059243,0.00037552,0.00037552,0.002783909,0.002783909,0.001196266,0.001196266,0.001138723,0.001138723,0.001033884,0.001033884,0.000794192,0.000794192,0.001046941,0.001046941,0.001727276,0.001727276,0.003225705,0.003225705,0.003225705,0.001098038,0.001098038,0.001568448,0.001568448,0.00728168,0.00728168,0.001091176,0.001091176,0.000441386,0.000441386,0.000825226,0.000825226,0.000670388,0.000670388,0.000350941,0.000350941,0.000534353,0.000534353,0.000246601,0.000246601,0.00040381,0.00040381,1
2.76E-06,2.76E-06,2.44E-06,2.44E-06,1.80E-06,1.80E-06,1.79E-06,1.79E-06,1.36E-06,1.36E-06,1.96E-06,1.96E-06,2.32E-06,2.32E-06,2.14E-06,2.14E-06,2.36E-06,2.36E-06,2.12E-05,2.12E-05,2.95E-06,2.95E-06,2.18E-06,2.18E-06,2.13E-06,2.13E-06,2.66E-06,2.66E-06,2.05E-06,2.05E-06,2.23E-06,2.23E-06,1.87E-06,1.87E-06,1.56E-06,1.56E-06,1.65E-06,1.65E-06,2.04E-05,2.04E-05,2.69E-06,2.69E-06,1.92E-06,1.92E-06,1.75E-06,1.75E-06,2.53E-06,2.53E-06,3.59E-06,3.59E-06,2.11E-06,2.11E-06,2.80E-06,2.80E-06,1.83E-06,1.83E-06,6.10E-06,6.10E-06,2.76E-05,2.76E-05,6.61E-06,6.61E-06,3.94E-06,3.94E-06,2.08E-06,2.08E-06,2.00E-06,2.00E-06,2.80E-06,2.80E-06,2.03E-06,2.03E-06,2.28E-06,2.28E-06,3.07E-06,3.07E-06,0.002319525,0.002319525,0.017111244,0.017111244,0.001909503,0.001909503,0.000116638,0.000116638,9.62E-06,9.62E-06,5.03E-06,5.03E-06,1.85E-06,1.85E-06,1.81E-06,1.81E-06,1.51E-06,1.51E-06,1.47E-06,1.47E-06,2.15E-06,2.15E-06,1.97E-05,1.97E-05,2.18E-06,2.18E-06,3.39E-06,3.39E-06,1.55E-06,1.55E-06,1.99E-06,1.99E-06,0.000291488,0.000291488,2.88E-05,2.88E-05,1.19E-05,1.19E-05,1.04E-05,1.04E-05,5.71E-06,5.71E-06,5.75E-05,5.75E-05,4.24E-06,4.24E-06,3.14E-06,3.14E-06,3.76E-06,3.76E-06,2.97E-06,2.97E-06,2.27E-06,2.27E-06,2.60E-06,2.60E-06,2.36E-06,2.36E-06,2.94E-06,2.94E-06,2.91E-06,2.91E-06,2.82E-05,2.82E-05,4.33E-06,4.33E-06,3.39E-06,3.39E-06,2.38E-06,2.38E-06,1.60E-06,1.60E-06,1.31E-06,1.31E-06,1.37E-06,1.37E-06,1.96E-06,1.96E-06,2.72E-06,2.72E-06,0.000479081,0.000479081,0.000743585,0.000743585,1.13E-05,1.13E-05,2.33E-06,2.33E-06,1.74E-06,1.74E-06,2.05E-06,2.05E-06,2.15E-06,2.15E-06,1.74E-06,1.74E-06,1.74E-06,1.74E-06,1.82E-06,1.82E-06,2.44E-06,2.44E-06,2.48E-05,2.48E-05,2.66E-06,2.66E-06,2.95E-06,2.95E-06,2.00E-06,2.00E-06,3.24E-06,3.24E-06,1.96E-06,1.96E-06,2.25E-06,2.25E-06,4.07E-05,4.07E-05,0.000214687,0.000214687,3.90E-05,3.90E-05,3.69E-05,3.69E-05,5.20E-06,5.20E-06,1.74E-06,1.74E-06,1.87E-06,1.87E-06,1.57E-06,1.57E-06,1.79E-06,1.79E-06,2.22E-06,2.22E-06,2.24E-06,2.24E-06,1.99E-06,1.99E-06,2.08E-06,2.08E-06,2.38E-05,2.38E-05,3.18E-06,3.18E-06,2.40E-06,2.40E-06,2.37E-06,1
2.37E-06,2.12E-06,2.12E-06,2.00E-06,2.00E-06,1.94E-06,1.94E-06,2.05E-06,2.05E-06,1.55E-06,1.55E-06,2.68E-06,2.68E-06,1.83E-05,1.83E-05,2.52E-06,2.52E-06,1.58E-06,1.58E-06,1.02E-06,1.02E-06,1.02E-06,1.02E-06,1.42E-06,1.42E-06,1.03E-06,1.03E-06,1.31E-06,1.31E-06,1.47E-06,1.47E-06,1.27E-06,1.27E-06,3.41E-05,3.41E-05,2.43E-06,2.43E-06,1.65E-06,1.65E-06,1.64E-06,1.64E-06,1.87E-06,1.87E-06,2.23E-06,2.23E-06,2.81E-06,2.81E-06,2.96E-06,2.96E-06,3.34E-06,3.34E-06,2.15E-05,2.15E-05,6.84E-05,6.84E-05,6.09E-06,6.09E-06,2.55E-06,2.55E-06,2.50E-06,2.50E-06,2.49E-06,2.49E-06,2.68E-06,2.68E-06,2.55E-06,2.55E-06,2.23E-06,2.23E-06,1.54E-06,1.54E-06,1.95E-06,1.95E-06,3.04E-05,3.04E-05,4.84E-06,4.84E-06,3.32E-06,3.32E-06,3.50E-06,3.50E-06,3.03E-06,3.03E-06,2.75E-06,2.75E-06,2.92E-06,2.92E-06,3.10E-06,3.10E-06,2.77E-06,2.77E-06,2.95E-06,2.95E-06,1.94E-05,1.94E-05,2.32E-06,2.32E-06,4.37E-06,4.37E-06,0.000107708,0.000107708,1.73E-05,1.73E-05,4.55E-06,4.55E-06,3.17E-06,3.17E-06,2.21E-06,2.21E-06,1.86E-06,1.86E-06,3.32E-06,3.32E-06,4.54E-05,4.54E-05,5.70E-06,5.70E-06,3.36E-06,3.36E-06,3.39E-06,3.39E-06,2.05E-06,2.05E-06,2.43E-06,2.43E-06,2.82E-06,2.82E-06,3.57E-06,3.57E-06,3.67E-06,3.67E-06,6.72E-06,6.72E-06,7.84E-05,7.84E-05,9.78E-06,9.78E-06,6.84E-06,6.84E-06,6.57E-06,6.57E-06,5.72E-06,5.72E-06,6.69E-06,6.69E-06,7.72E-06,7.72E-06,3.07E-06,3.07E-06,7.34E-06,7.34E-06,3.29E-06,3.29E-06,3.50E-05,3.50E-05,1.26E-05,1.26E-05,2.22E-06,2.22E-06,1.84E-06,1.84E-06,2.04E-06,2.04E-06,2.16E-06,2.16E-06,2.52E-06,2.52E-06,3.38E-06,3.38E-06,3.68E-06,3.68E-06,3.51E-06,3.51E-06,3.44E-05,3.44E-05,7.98E-06,7.98E-06,3.83E-06,3.83E-06,5.10E-06,5.10E-06,5.76E-06,5.76E-06,4.71E-06,4.71E-06,3.47E-06,3.47E-06,2.80E-06,2.80E-06,3.78E-06,3.78E-06,1.22E-05,1.22E-05,9.46E-05,9.46E-05,8.02E-06,8.02E-06,6.43E-06,6.43E-06,5.22E-06,5.22E-06,5.04E-06,5.04E-06,5.52E-06,5.52E-06,1.22E-05,1.22E-05,1.81E-05,1.81E-05,1.28E-05,1.28E-05,8.99E-06,8.99E-06,9.12E-05,9.12E-05,3.04E-05,3.04E-05,1.04E-05,1.04E-05,0.00010546,0.00010546,0.000109556,0.000109556,3.28E-05,3.28E-05,1
1.53E-05,1.53E-05,6.67E-06,6.67E-06,1.25E-05,1.25E-05,1.02E-05,1.02E-05,0.000159144,0.000159144,2.02E-05,2.02E-05,9.09E-06,9.09E-06,4.71E-06,4.71E-06,5.53E-06,5.53E-06,9.39E-06,9.39E-06,7.53E-06,7.53E-06,1.01E-05,1.01E-05,6.66E-06,6.66E-06,7.29E-06,7.29E-06,6.92E-05,6.92E-05,1.33E-05,1.33E-05,8.80E-06,8.80E-06,4.89E-06,4.89E-06,3.41E-06,3.41E-06,4.04E-06,4.04E-06,5.28E-06,5.28E-06,4.93E-06,4.93E-06,2.37E-06,2.37E-06,4.31E-06,4.31E-06,7.64E-05,7.64E-05,1.40E-05,1.40E-05,2.51E-05,2.51E-05,2.10E-05,2.10E-05,1.02E-05,1.02E-05,1.63E-05,1.63E-05,1.11E-05,1.11E-05,1.46E-05,1.46E-05,6.93E-06,6.93E-06,4.35E-06,4.35E-06,8.19E-05,8.19E-05,8.35E-06,8.35E-06,4.82E-06,4.82E-06,4.05E-06,4.05E-06,2.45E-06,2.45E-06,1.72E-06,1.72E-06,2.59E-06,2.59E-06,2.66E-06,2.66E-06,2.14E-06,2.14E-06,2.65E-06,2.65E-06,3.30E-05,3.30E-05,4.47E-06,4.47E-06,1.99E-06,1.99E-06,2.82E-06,2.82E-06,2.92E-06,2.92E-06,4.52E-06,4.52E-06,0.000271912,0.000271912,3.38E-05,3.38E-05,3.64E-06,3.64E-06,3.60E-06,3.60E-06,2.22E-05,2.22E-05,4.19E-06,4.19E-06,1.98E-06,1.98E-06,2.68E-06,2.68E-06,2.00E-06,2.00E-06,3.07E-06,3.07E-06,2.25E-06,2.25E-06,2.10E-06,2.10E-06,3.61E-06,3.61E-06,6.12E-06,6.12E-06,9.97E-05,9.97E-05,1.34E-05,1.34E-05,1.19E-05,1.19E-05,1.29E-05,1.29E-05,9.00E-06,9.00E-06,7.71E-06,7.71E-06,9.67E-06,9.67E-06,1.97E-05,1.97E-05,1.20E-05,1.20E-05,2.04E-05,2.04E-05,0.000137271,0.000137271,2.54E-05,2.54E-05,3.97E-05,3.97E-05,0.000128959,0.000128959,0.000254896,0.000254896,0.000385967,0.000385967,9.29E-05,9.29E-05,0.000184058,0.000184058,0.000197474,0.000197474,0.000223115,0.000223115,0.002555634,0.002555634,0.000646576,0.000646576,0.000298891,0.000298891,0.000171499,0.000171499,0.00012487,0.00012487,3.69E-05,3.69E-05,1.05E-05,1.05E-05,1.18E-05,1.18E-05,5.86E-06,5.86E-06,4.22E-06,4.22E-06,8.90E-05,8.90E-05,1.01E-05,1.01E-05,5.16E-06,5.16E-06,5.83E-06,5.83E-06,4.39E-06,4.39E-06,3.85E-06,3.85E-06,2.83E-06,2.83E-06,3.51E-06,3.51E-06,2.47E-06,2.47E-06,5.15E-06,5.15E-06,0.000294701,0.000294701,1.50E-05,1.50E-05,6.04E-06,6.04E-06,3.58E-06,3.58E-06,2.97E-06,2.97E-06,4.32E-06,4.32E-06,4.16E-06,4.16E-06,5.43E-06,5.43E-06,3.13E-06,1
7.54E-05,7.54E-05,1.12E-05,1.12E-05,1.84E-05,2.98E-05,2.98E-05,5.18E-05,5.18E-05,0.00011886,0.000152809,0.000152809,0.000273304,0.000273304,0.00017672,0.003777974,0.003777974,0.000279011,0.000279011,0.000351414,0.001237476,0.001237476,0.000357816,0.000357816,0.001308303,0.000280623,0.000280623,0.001709691,0.001709691,0.000228113,0.000160253,0.000160253,0.001274949,0.001274949,0.000158906,0.000312644,0.000312644,0.000154868,0.000154868,7.83E-05,0.000123724,0.000123724,0.9713727,0.9713727,0.97555614,0.90766686,0.90766686,0.005025392,0.005025392,0.005541517,0.000187248,0.000187248,4.51E-05,4.51E-05,2.91E-05,1.80E-05,1.80E-05,1.88E-05,1.88E-05,7.99E-06,1.76E-05,1.76E-05,1.64E-05,1.64E-05,1.68E-05,6.85E-05,6.85E-05,3.09E-05,3.09E-05,1.51E-05,2.72E-05,2.72E-05,1.64E-05,1.64E-05,3.12E-05,4.18E-05,4.18E-05,2.33E-05,2.33E-05,4.98E-05,2.69E-05,2.69E-05,0.000311663,0.000311663,1.03E-05,1.59E-05,1.59E-05,5.26E-05,5.26E-05,6.93E-05,7.30E-05,7.30E-05,5.07E-05,5.07E-05,5.87E-05,7.44E-05,7.44E-05,4.95E-05,4.95E-05,0.000231599,0.1866292,0.1866292,0.99788576,0.99788576,0.8462875,2.61E-05,2.61E-05,2.61E-06,2.61E-06,3.64E-06,7.29E-06,7.29E-06,1.04E-05,1.04E-05,5.54E-06,0.00011361,0.00011361,3.12E-05,3.12E-05,3.07E-05,2.88E-05,2.88E-05,2.25E-05,2.25E-05,3.97E-05,1.46E-05,1.46E-05,6.72E-05,6.72E-05,0.99372345,0.99971765,0.99971765,0.97267634,0.97267634,4.25E-05,1.07E-05,1.07E-05,1.05E-05,1.05E-05,6.26E-06,1.89E-06,1.89E-06,3.24E-06,3.24E-06,3.47E-06,5.12E-06,5.12E-06,1.11E-05,1.11E-05,0.000152868,2.52E-05,2.52E-05,1.61E-05,1.61E-05,1.92E-05,1.37E-05,1.37E-05,9.12E-06,9.12E-06,6.87E-06,7.98E-06,7.98E-06,7.81E-05,7.81E-05,1.17E-05,0.000178816,0.000178816,4.98E-05,4.98E-05,0.000103689,1.47E-05,1.47E-05,4.01E-05,4.01E-05,9.73E-05,8.98E-05,8.98E-05,0.000102046,0.000102046,2.99E-05,0.00014258,0.00014258,0.000322507,0.000322507,6.00E-05,0.000133289,0.000133289,1.60E-05,1.60E-05,0.99395883,0.9956031,0.9956031,0.9934681,0.9934681,1.16E-05,1.81E-06,1.81E-06,3.28E-06,3.28E-06,0.00012811,1.62E-05,1.62E-05,5.08E-06,5.08E-06,7.67E-06,1.77E-05,1.77E-05,7.80E-06,7.80E-06,1.94E-05,2.75E-05,2.75E-05,3.26E-05,3.26E-05,2.40E-05,0.000145844,0.000145844,4.10E-05,4.10E-05,1.80E-05,1.92E-05,1.92E-05,1.86E-05,1.86E-05,6.16E-06,1
8.53E-06,8.53E-06,1.78E-05,1.78E-05,1.26E-05,4.66E-06,4.66E-06,9.67E-05,9.67E-05,0.9443066,0.9982816,0.9982816,0.97931004,0.97931004,0.002612818,1.81E-06,1.81E-06,1.17E-06,1.17E-06,7.10E-07,9.22E-07,9.22E-07,1.17E-06,1.17E-06,3.49E-05,4.86E-06,4.86E-06,4.74E-06,4.74E-06,2.61E-06,3.05E-06,3.05E-06,3.56E-06,3.56E-06,3.31E-06,6.23E-06,6.23E-06,3.49E-06,3.49E-06,3.12E-06,3.16E-05,3.16E-05,4.53E-06,4.53E-06,3.85E-06,4.73E-06,4.73E-06,3.39E-06,3.39E-06,2.83E-06,4.17E-06,4.17E-06,6.24E-06,6.24E-06,1.05E-05,4.07E-06,4.07E-06,4.39E-05,4.39E-05,4.98E-06,2.75E-06,2.75E-06,2.62E-06,2.62E-06,2.63E-06,2.02E-06,2.02E-06,2.38E-06,2.38E-06,2.43E-06,1.99E-06,1.99E-06,2.17E-06,2.17E-06,3.32E-05,1.09E-05,1.09E-05,7.04E-06,7.04E-06,6.39E-06,5.46E-06,5.46E-06,0.000384308,0.000384308,0.9406744,0.8721248,0.8721248,8.99E-06,8.99E-06,9.58E-06,3.55E-05,3.55E-05,5.71E-06,5.71E-06,3.64E-06,3.42E-06,3.42E-06,3.12E-06,3.12E-06,3.51E-06,2.98E-06,2.98E-06,3.04E-06,3.04E-06,4.68E-06,7.65E-06,7.65E-06,8.97E-05,8.97E-05,3.00E-05,0.0001413,0.0001413,4.70E-05,4.70E-05,5.55E-05,0.000107441,0.000107441,5.16E-05,5.16E-05,3.48E-05,3.13E-05,3.13E-05,4.06E-05,4.06E-05,0.000509354,4.99E-05,4.99E-05,2.38E-05,2.38E-05,2.31E-05,4.00E-05,4.00E-05,1.77E-05,1.77E-05,1.74E-05,2.07E-05,2.07E-05,1.12E-05,1.12E-05,9.17E-06,0.000113063,0.000113063,2.44E-05,2.44E-05,3.33E-05,1.85E-05,1.85E-05,1.30E-05,1.30E-05,2.46E-05,9.65E-05,9.65E-05,0.6227933,0.6227933,0.00750409,1.26E-05,1.26E-05,6.78E-05,6.78E-05,6.39E-06,3.51E-06,3.51E-06,3.47E-06,3.47E-06,5.43E-06,8.41E-06,8.41E-06,7.03E-06,7.03E-06,9.92E-06,7.02E-06,7.02E-06,1.27E-05,1.27E-05,6.02E-05,1.72E-05,1.72E-05,1.12E-05,1.12E-05,1.95E-05,2.74E-05,2.74E-05,5.19E-05,5.19E-05,3.72E-05,2.76E-05,2.76E-05,1.36E-05,1.36E-05,0.001003061,0.85828114,0.85828114,0.9695218,0.9695218,0.000176584,6.80E-06,6.80E-06,4.14E-06,4.14E-06,2.73E-06,2.23E-06,2.23E-06,1.72E-06,1.72E-06,3.20E-06,9.17E-06,9.17E-06,0.000103423,0.000103423,3.40E-05,1.79E-05,1.79E-05,1.61E-05,1.61E-05,4.37E-05,1.69E-05,1.69E-05,2.39E-05,2.39E-05,1.46E-05,2.73E-05,2.73E-05,3.39E-05,3.39E-05,0.00020079,1
1.37E-05,1.37E-05,4.10E-06,4.10E-06,3.77E-06,3.77E-06,3.09E-06,3.09E-06,2.06E-06,2.06E-06,9.21E-07,9.21E-07,1.16E-06,1.16E-06,4.73E-07,4.73E-07,5.02E-07,5.02E-07,1.42E-05,1.42E-05,1.55E-06,1.55E-06,1.05E-06,1.05E-06,8.63E-07,8.63E-07,8.03E-07,8.03E-07,1.32E-06,1.32E-06,9.41E-07,9.41E-07,1.12E-06,1.12E-06,1.24E-06,1.24E-06,1.23E-06,1.23E-06,1.26E-05,1.26E-05,1.14E-06,1.14E-06,4.30E-07,4.30E-07,2.93E-07,2.93E-07,4.67E-07,4.67E-07,3.27E-07,3.27E-07,7.12E-07,7.12E-07,6.59E-07,6.59E-07,2.94E-07,2.94E-07,5.71E-07,5.71E-07,1.24E-05,1.24E-05,1.52E-06,1.52E-06,8.66E-07,8.66E-07,6.52E-07,6.52E-07,5.10E-07,5.10E-07,5.25E-07,5.25E-07,4.75E-07,4.75E-07,7.53E-07,7.53E-07,7.05E-07,7.05E-07,4.81E-07,4.81E-07,9.92E-06,9.92E-06,1.16E-06,1.16E-06,7.58E-07,7.58E-07,6.03E-07,6.03E-07,6.92E-07,6.92E-07,6.33E-07,6.33E-07,5.54E-07,5.54E-07,8.36E-07,8.36E-07,5.68E-07,5.68E-07,4.43E-07,4.43E-07,1.26E-05,1.26E-05,1.59E-06,1.59E-06,1.13E-06,1.13E-06,9.69E-07,9.69E-07,1.03E-06,1.03E-06,7.82E-07,7.82E-07,7.21E-07,7.21E-07,8.96E-07,8.96E-07,1.03E-06,1.03E-06,2.81E-06,2.81E-06,2.33E-05,2.33E-05,1.91E-06,1.91E-06,1.00E-06,1.00E-06,0.000309203,0.000309203,0.15840223,0.15840223,0.66841173,0.66841173,0.7548823,0.7548823,0.3833129,0.3833129,0.005628229,0.005628229,0.003942506,0.003942506,0.03380725,0.03380725,0.003346067,0.003346067,0.03532936,0.03532936,0.009851973,0.009851973,0.03154725,0.03154725,0.000955345,0.000955345,0.000438025,0.000438025,0.003687809,0.003687809,0.00019527,0.00019527,0.000583593,0.000583593,0.003845844,0.003845844,0.000851277,0.000851277,0.000430916,0.000430916,0.000774365,0.000774365,8.33E-05,8.33E-05,0.000365118,0.000365118,3.64E-05,3.64E-05,0.000620576,0.000620576,0.000282003,0.000282003,0.000259322,0.000259322,0.00326405,0.00326405,0.004965277,0.004965277,0.000255017,0.000255017,7.21E-06,7.21E-06,9.79E-07,9.79E-07,6.20E-07,6.20E-07,5.16E-07,5.16E-07,4.56E-07,4.56E-07,5.91E-07,5.91E-07,2.88E-07,2.88E-07,8.40E-06,8.40E-06,6.20E-05,6.20E-05,0.000596391,0.000596391,0.010844632,0.010844632,0.09029447,0.09029447,0.021964852,0.021964852,0.001021952,0.001021952,0.004927497,0.004927497,0.002730943,0.002730943,0.00078181,0.00078181,0.988967,0.988967,0.9598746,0.9598746,0.23703977,0.23703977,0.002338422,1
0.002338422,0.002824995,0.002824995,0.022822348,0.022822348,0.002182789,0.002182789,0.000602325,0.000602325,0.016093284,0.016093284,0.000808111,0.000808111,0.000665687,0.000665687,0.000415881,0.000415881,7.72E-05,7.72E-05,0.00020758,0.00020758,0.000136709,0.000136709,0.000361936,0.000361936,0.000373781,0.000373781,0.005452902,0.005452902,0.003748742,0.003748742,0.001957371,0.001957371,0.003683034,0.003683034,0.004375078,0.004375078,0.009813662,0.009813662,0.001330539,0.001330539,0.007376272,0.007376272,0.010771755,0.010771755,0.008019315,0.008019315,0.001265558,0.001265558,0.000284369,0.000284369,1.12E-06,1.12E-06,2.16E-05,2.16E-05,6.52E-06,6.52E-06,3.02E-06,3.02E-06,1.23E-06,1.23E-06,6.98E-07,6.98E-07,6.51E-07,6.51E-07,7.40E-07,7.40E-07,5.06E-07,5.06E-07,4.11E-07,4.11E-07,5.27E-07,5.27E-07,7.86E-06,7.86E-06,1.00E-06,1.00E-06,9.47E-07,9.47E-07,8.28E-07,8.28E-07,1.34E-06,1.34E-06,0.028647114,0.028647114,0.025616316,0.025616316,0.39292324,0.39292324,0.37740055,0.37740055,0.031013804,0.031013804,0.09416768,0.09416768,5.31E-06,5.31E-06,8.11E-07,8.11E-07,5.39E-07,5.39E-07,5.35E-07,5.35E-07,3.67E-07,3.67E-07,2.92E-07,2.92E-07,2.84E-07,2.84E-07,3.74E-07,3.74E-07,2.95E-07,2.95E-07,9.00E-06,9.00E-06,1.11E-06,1.11E-06,5.14E-07,5.14E-07,5.53E-07,5.53E-07,4.58E-07,4.58E-07,5.48E-07,5.48E-07,4.96E-07,4.96E-07,4.60E-07,4.60E-07,3.98E-07,3.98E-07,4.74E-07,4.74E-07,7.73E-06,7.73E-06,9.06E-07,9.06E-07,3.79E-06,3.79E-06,7.05E-06,7.05E-06,6.58E-06,6.58E-06,5.31E-06,5.31E-06,8.46E-05,8.46E-05,0.003589033,0.003589033,4.32E-05,4.32E-05,5.54E-06,5.54E-06,1.95E-05,1.95E-05,2.58E-06,2.58E-06,2.34E-06,2.34E-06,1.46E-06,1.46E-06,8.99E-07,8.99E-07,7.03E-07,7.03E-07,4.61E-07,4.61E-07,3.75E-07,3.75E-07,3.62E-07,3.62E-07,3.04E-07,3.04E-07,6.46E-06,6.46E-06,8.07E-07,8.07E-07,4.76E-07,4.76E-07,4.24E-07,4.24E-07,4.97E-07,4.97E-07,4.54E-07,4.54E-07,5.35E-07,5.35E-07,3.87E-07,3.87E-07,4.49E-07,4.49E-07,4.82E-07,4.82E-07,7.52E-06,7.52E-06,9.30E-07,9.30E-07,6.76E-07,6.76E-07,4.63E-07,4.63E-07,3.75E-07,3.75E-07,3.99E-07,3.99E-07,6.87E-07,6.87E-07,4.97E-07,4.97E-07,5.78E-07,5.78E-07,4.41E-07,4.41E-07,1.07E-05,1.07E-05,1.24E-06,1.24E-06,8.14E-07,8.14E-07,5.29E-07,5.29E-07,7.13E-07,7.13E-07,2.29E-06,2.29E-06,1
2.60E-05,2.60E-05,1.63E-06,1.63E-06,1.18E-06,1.18E-06,1.21E-06,1.21E-06,1.07E-05,1.07E-05,1.24E-06,1.24E-06,6.83E-07,6.83E-07,7.75E-07,7.75E-07,7.81E-07,7.81E-07,5.81E-07,5.81E-07,4.81E-07,4.81E-07,6.57E-07,6.57E-07,5.23E-07,5.23E-07,3.88E-07,3.88E-07,1.00E-05,1.00E-05,1.10E-06,1.10E-06,6.50E-07,6.50E-07,4.67E-07,4.67E-07,3.88E-07,3.88E-07,4.36E-07,4.36E-07,4.48E-07,4.48E-07,4.31E-07,4.31E-07,4.21E-07,4.21E-07,5.46E-07,5.46E-07,1.27E-05,1.27E-05,1.36E-06,1.36E-06,1.17E-06,1.17E-06,8.18E-07,8.18E-07,1.54E-06,1.54E-06,9.46E-07,9.46E-07,1.08E-06,1.08E-06,6.33E-06,6.33E-06,1.53E-05,1.53E-05,8.57E-06,8.57E-06,1.77E-05,1.77E-05,2.29E-06,2.29E-06,1.37E-06,1.37E-06,7.67E-07,7.67E-07,6.94E-07,6.94E-07,7.92E-07,7.92E-07,9.67E-07,9.67E-07,3.59E-05,3.59E-05,2.97E-05,2.97E-05,0.000295738,0.000295738,0.000343122,0.000343122,0.000169899,0.000169899,2.02E-05,2.02E-05,5.53E-06,5.53E-06,2.67E-05,2.67E-05,2.54E-06,2.54E-06,2.56E-06,2.56E-06,2.06E-06,2.06E-06,1.60E-06,1.60E-06,1.43E-06,1.43E-06,2.12E-05,2.12E-05,5.73E-05,5.73E-05,0.000476103,0.000476103,4.59E-06,4.59E-06,1.67E-06,1.67E-06,2.07E-06,2.07E-06,1.84E-06,1.84E-06,1.64E-06,1.64E-06,8.90E-07,8.90E-07,6.74E-07,6.74E-07,8.97E-06,8.97E-06,1.24E-06,1.24E-06,4.49E-07,4.49E-07,5.56E-07,5.56E-07,7.85E-07,7.85E-07,9.17E-07,9.17E-07,7.86E-07,7.86E-07,8.77E-07,8.77E-07,6.66E-07,6.66E-07,6.28E-07,6.28E-07,9.74E-06,9.74E-06,7.44E-07,7.44E-07,4.37E-07,4.37E-07,4.07E-07,4.07E-07,3.87E-07,3.87E-07,3.71E-07,3.71E-07,5.41E-07,5.41E-07,4.77E-07,4.77E-07,4.42E-07,4.42E-07,5.18E-07,5.18E-07,1.00E-05,1.00E-05,1.64E-06,1.64E-06,9.43E-07,9.43E-07,8.44E-07,8.44E-07,5.41E-07,5.41E-07,3.58E-07,3.58E-07,5.78E-07,5.78E-07,5.26E-07,5.26E-07,5.72E-07,5.72E-07,5.98E-07,5.98E-07,9.12E-06,9.12E-06,7.61E-07,7.61E-07,5.71E-07,5.71E-07,4.29E-07,4.29E-07,4.87E-07,4.87E-07,4.09E-07,4.09E-07,4.92E-07,4.92E-07,6.39E-07,6.39E-07,6.05E-07,6.05E-07,4.39E-07,4.39E-07,1.02E-05,1.02E-05,1.24E-06,1.24E-06,7.64E-07,7.64E-07,5.41E-07,5.41E-07,7.82E-07,7.82E-07,5.39E-07,5.39E-07,8.42E-07,8.42E-07,4.74E-07,4.74E-07,3.95E-07,1
0.002169681,0.002169681,0.004252891,0.004252891,1.55E-05,1.55E-05,1.59E-05,1.59E-05,2.36E-05,2.36E-05,4.11E-06,4.11E-06,7.75E-06,7.75E-06,1.43E-05,1.43E-05,5.44E-05,5.44E-05,0.000851134,0.000851134,5.99E-05,5.99E-05,9.42E-06,9.42E-06,0.000586061,0.000586061,1.32E-05,1.32E-05,6.72E-05,6.72E-05,8.56E-05,8.56E-05,3.83E-05,3.83E-05,7.94E-05,7.94E-05,0.000149537,0.000149537,0.000549541,0.000549541,0.000387417,0.000387417,4.33E-05,4.33E-05,0.000164458,0.000164458,0.000132373,0.000132373,1.20E-05,1.20E-05,6.46E-05,6.46E-05,0.000105168,0.000105168,2.49E-05,2.49E-05,5.23E-05,5.23E-05,0.000178386,0.000178386,1.25E-05,1.25E-05,1.40E-05,1.40E-05,6.44E-06,6.44E-06,5.63E-06,5.63E-06,1.18E-05,1.18E-05,6.55E-06,6.55E-06,4.90E-06,4.90E-06,7.04E-06,7.04E-06,1.04E-05,1.04E-05,9.16E-05,9.16E-05,3.33E-05,3.33E-05,1.76E-05,1.76E-05,3.00E-05,3.00E-05,7.85E-06,7.85E-06,1.54E-05,1.54E-05,4.44E-05,4.44E-05,1.67E-05,1.67E-05,1.05E-05,1.05E-05,1.99E-05,1.99E-05,0.000102024,0.000102024,2.21E-05,2.21E-05,9.87E-06,9.87E-06,2.68E-05,2.68E-05,7.55E-06,7.55E-06,3.31E-05,3.31E-05,1.02E-05,1.02E-05,2.22E-05,2.22E-05,4.05E-06,4.05E-06,4.73E-06,4.73E-06,6.65E-05,6.65E-05,9.70E-06,9.70E-06,9.98E-06,9.98E-06,1.45E-05,1.45E-05,1.57E-05,1.57E-05,2.31E-05,2.31E-05,1.57E-05,1.57E-05,1.04E-05,1.04E-05,1.65E-05,1.65E-05,1.48E-05,1.48E-05,0.000126947,0.000126947,7.62E-06,7.62E-06,1.04E-05,1.04E-05,2.37E-05,2.37E-05,5.60E-06,5.60E-06,4.24E-06,4.24E-06,8.63E-06,8.63E-06,1.40E-05,1.40E-05,8.95E-06,8.95E-06,4.51E-06,4.51E-06,6.52E-05,6.52E-05,1.26E-05,1.26E-05,7.32E-06,7.32E-06,6.94E-05,6.94E-05,1.28E-05,1.28E-05,2.07E-05,2.07E-05,3.54E-06,3.54E-06,1.89E-05,1.89E-05,1.16E-05,1.16E-05,6.93E-06,6.93E-06,0.000204545,0.000204545,1.79E-05,1.79E-05,5.83E-06,5.83E-06,3.21E-06,3.21E-06,6.81E-06,6.81E-06,8.40E-06,8.40E-06,4.43E-06,4.43E-06,1.51E-05,1.51E-05,1.16E-05,1.16E-05,7.25E-06,7.25E-06,3.77E-05,3.77E-05,8.80E-06,8.80E-06,1.11E-05,1.11E-05,7.21E-06,7.21E-06,3.59E-06,3.59E-06,2.52E-06,2.52E-06,3.71E-06,3.71E-06,1.96E-06,1.96E-06,1.95E-06,1.95E-06,2.76E-06,2.76E-06,5.37E-05,5.37E-05,1.03E-05,1.03E-05,4.47E-06,4.47E-06,0.35156065,1
0.35156065,0.5373491,0.5373491,0.6712693,0.6712693,0.000189434,0.000189434,0.000468288,0.000468288,3.37E-06,3.37E-06,0.000194428,0.000194428,0.000119206,0.000119206,0.001036348,0.001036348,2.69E-05,2.69E-05,2.82E-05,2.82E-05,3.88E-06,3.88E-06,1.76E-05,1.76E-05,1.24E-06,1.24E-06,5.95E-06,5.95E-06,1.17E-05,1.17E-05,2.77E-06,2.77E-06,6.83E-05,6.83E-05,4.56E-06,4.56E-06,9.80E-06,9.80E-06,2.88E-06,2.88E-06,2.22E-06,2.22E-06,1.91E-05,1.91E-05,4.32E-05,4.32E-05,1.49E-06,1.49E-06,3.10E-06,3.10E-06,6.05E-06,6.05E-06,0.000118716,0.000118716,2.35E-05,2.35E-05,1.18E-05,1.18E-05,3.39E-06,3.39E-06,1.57E-06,1.57E-06,5.44E-06,5.44E-06,1.29E-05,1.29E-05,1.30E-05,1.30E-05,1.24E-05,1.24E-05,1.18E-05,1.18E-05,0.001157124,0.001157124,9.58E-05,9.58E-05,1.36E-05,1.36E-05,1.81E-05,1.81E-05,0.000232475,0.000232475,8.56E-05,8.56E-05,1.10E-05,1.10E-05,1.49E-05,1.49E-05,8.68E-06,8.68E-06,7.23E-06,7.23E-06,0.000121199,0.000121199,1.84E-05,1.84E-05,7.86E-06,7.86E-06,3.74E-06,3.74E-06,4.76E-06,4.76E-06,3.65E-06,3.65E-06,5.17E-05,5.17E-05,7.57E-06,7.57E-06,7.26E-06,7.26E-06,6.26E-06,6.26E-06,0.000922813,0.000922813,0.000137677,0.000137677,7.39E-05,7.39E-05,3.60E-05,3.60E-05,5.35E-05,5.35E-05,2.94E-05,2.94E-05,1.88E-05,1.88E-05,0.000483884,0.000483884,1.34E-05,1.34E-05,1.13E-05,1.13E-05,0.000177684,0.000177684,1.17E-05,1.17E-05,6.03E-05,6.03E-05,2.93E-05,2.93E-05,1.63E-05,1.63E-05,5.71E-05,5.71E-05,3.70E-05,3.70E-05,8.68E-06,8.68E-06,5.74E-06,5.74E-06,1.46E-05,1.46E-05,5.04E-05,5.04E-05,8.83E-06,8.83E-06,2.10E-05,2.10E-05,3.71E-06,3.71E-06,5.50E-06,5.50E-06,7.60E-06,7.60E-06,7.57E-06,7.57E-06,8.35E-06,8.35E-06,1.13E-05,1.13E-05,1.54E-05,1.54E-05,0.00013904,0.00013904,0.000132148,0.000132148,2.57E-05,2.57E-05,1.80E-05,1.80E-05,3.03E-06,3.03E-06,2.74E-05,2.74E-05,6.29E-06,6.29E-06,3.80E-05,3.80E-05,1.32E-05,1.32E-05,1.73E-05,1.73E-05,0.000101815,0.000101815,0.00011471,0.00011471,5.90E-05,5.90E-05,0.000450719,0.000450719,1.32E-05,1.32E-05,3.03E-05,3.03E-05,4.23E-05,4.23E-05,0.000102432,0.000102432,3.01E-05,3.01E-05,5.82E-05,5.82E-05,0.000472848,0.000472848,3.89E-05,3.89E-05,0.000908874,0.000908874,2.93E-05,2.93E-05,6.31E-05,6.31E-05,0.004589391,0.004589391,1
0.002066473,0.002066473,7.78E-05,7.78E-05,0.002011312,0.002011312,0.002486387,0.002486387,0.000263814,0.000263814,0.000142387,0.000142387,1.90E-05,1.90E-05,3.23E-05,3.23E-05,0.000287327,0.000287327,2.31E-05,2.31E-05,6.06E-05,6.06E-05,0.000141415,0.000141415,3.72E-05,3.72E-05,4.63E-05,4.63E-05,0.000283124,0.000283124,3.80E-05,3.80E-05,2.69E-05,2.69E-05,0.000289553,0.000289553,5.81E-05,5.81E-05,1.79E-05,1.79E-05,8.89E-05,8.89E-05,1.06E-05,1.06E-05,5.54E-05,5.54E-05,1.76E-05,1.76E-05,0.00014235,0.00014235,1.18E-05,1.18E-05,4.55E-06,4.55E-06,1.03E-05,1.03E-05,9.01E-06,9.01E-06,3.56E-06,3.56E-06,0.000109774,0.000109774,4.79E-06,4.79E-06,5.08E-05,5.08E-05,9.64E-06,9.64E-06,0.00019246,0.00019246,5.92E-05,5.92E-05,4.26E-05,4.26E-05,9.09E-05,9.09E-05,3.00E-05,3.00E-05,6.48E-05,6.48E-05,8.91E-05,8.91E-05,2.81E-05,2.81E-05,0.000177985,0.000177985,6.49E-05,6.49E-05,0.000293565,0.000293565,0.000140037,0.000140037,1.73E-05,1.73E-05,3.49E-05,3.49E-05,0.000198069,0.000198069,0.000136241,0.000136241,0.000116551,0.000116551,7.08E-05,7.08E-05,3.28E-05,3.28E-05,0.000128589,0.000128589,0.000875115,0.000875115,7.40E-05,7.40E-05,0.000348844,0.000348844,6.60E-05,6.60E-05,3.58E-05,3.58E-05,0.2805481,0.2805481,0.040487714,0.040487714,0.010387858,0.010387858,0.009570349,0.009570349,1.07E-05,1.07E-05,0.000148227,0.000148227,2.26E-05,2.26E-05,1.84E-05,1.84E-05,1.38E-05,1.38E-05,3.94E-06,3.94E-06,1.09E-05,1.09E-05,1.77E-05,1.77E-05,7.44E-06,7.44E-06,6.33E-06,6.33E-06,1.30E-05,1.30E-05,6.18E-05,6.18E-05,2.06E-05,2.06E-05,2.82E-06,2.82E-06,4.01E-06,4.01E-06,1.93E-06,1.93E-06,3.47E-06,3.47E-06,2.13E-06,2.13E-06,3.98E-06,3.98E-06,2.91E-06,2.91E-06,3.48E-06,3.48E-06,5.68E-05,5.68E-05,6.89E-06,6.89E-06,4.42E-06,4.42E-06,3.72E-06,3.72E-06,2.20E-06,2.20E-06,3.11E-06,3.11E-06,5.12E-06,5.12E-06,2.82E-06,2.82E-06,0.000270256,0.000270256,0.031449925,0.031449925,0.08259307,0.08259307,0.000719891,0.000719891,7.73E-05,7.73E-05,4.87E-06,4.87E-06,3.16E-06,3.16E-06,1.20E-05,1.20E-05,8.84E-06,8.84E-06,3.92E-06,3.92E-06,2.34E-06,2.34E-06,2.34E-06,2.34E-06,6.31E-05,6.31E-05,9.77E-06,9.77E-06,3.12E-06,3.12E-06,3.08E-06,3.08E-06,2.17E-06,2.17E-06,1.55E-06,1.55E-06,4.45E-06,4.45E-06,4.48E-06,4.48E-06,2.81E-05,1
2.81E-05,3.55E-06,3.55E-06,5.71E-05,5.71E-05,5.35E-06,5.35E-06,2.74E-06,2.74E-06,1.92E-05,1.92E-05,3.36E-06,3.36E-06,3.60E-06,3.60E-06,1.67E-06,1.67E-06,2.51E-06,2.51E-06,1.93E-06,1.93E-06,7.31E-06,7.31E-06,0.000173689,0.000173689,8.69E-06,8.69E-06,1.42E-05,1.42E-05,3.56E-06,3.56E-06,5.28E-06,5.28E-06,3.75E-06,3.75E-06,2.05E-06,2.05E-06,2.08E-06,2.08E-06,4.17E-06,4.17E-06,1.73E-06,1.73E-06,6.56E-05,6.56E-05,9.90E-06,9.90E-06,3.86E-06,3.86E-06,3.99E-06,3.99E-06,3.24E-06,3.24E-06,5.77E-06,5.77E-06,4.39E-06,4.39E-06,0.95769054,0.95769054,0.9181951,0.9181951,0.01309609,0.01309609,0.003790896,0.003790896,5.92E-05,5.92E-05,3.76E-05,3.76E-05,7.28E-06,7.28E-06,1.51E-05,1.51E-05,1.80E-05,1.80E-05,1.60E-05,1.60E-05,4.26E-05,4.26E-05,4.30E-05,4.30E-05,1.48E-05,1.48E-05,0.00015552,0.00015552,2.59E-05,2.59E-05,1.55E-05,1.55E-05,5.51E-05,5.51E-05,2.62E-06,2.62E-06,3.23E-06,3.23E-06,3.66E-06,3.66E-06,3.89E-06,3.89E-06,3.27E-06,3.27E-06,4.31E-06,4.31E-06,6.41E-05,6.41E-05,7.17E-06,7.17E-06,4.26E-06,4.26E-06,7.86E-06,7.86E-06,3.85E-06,3.85E-06,4.28E-06,4.28E-06,3.68E-06,3.68E-06,9.85E-06,9.85E-06,5.58E-06,5.58E-06,2.37E-05,2.37E-05,0.000118374,0.000118374,1.17E-05,1.17E-05,5.83E-06,5.83E-06,3.40E-06,3.40E-06,3.06E-06,3.06E-06,1.61E-06,1.61E-06,2.22E-06,2.22E-06,2.81E-06,2.81E-06,2.07E-06,2.07E-06,5.42E-06,5.42E-06,4.11E-05,4.11E-05,4.41E-06,4.41E-06,2.26E-06,2.26E-06,5.07E-06,5.07E-06,3.87E-06,3.87E-06,3.35E-06,3.35E-06,7.06E-06,7.06E-06,2.09E-06,2.09E-06,3.41E-06,3.41E-06,2.66E-06,2.66E-06,0.000128205,0.000128205,9.89E-06,9.89E-06,3.71E-06,3.71E-06,1.49E-05,1.49E-05,4.21E-05,4.21E-05,5.17E-06,5.17E-06,3.29E-05,3.29E-05,5.48E-06,5.48E-06,7.46E-06,7.46E-06,2.92E-06,2.92E-06,0.000158204,0.000158204,2.01E-05,2.01E-05,2.56E-05,2.56E-05,2.96E-05,2.96E-05,0.000155009,0.000155009,0.000138796,0.000138796,2.11E-05,2.11E-05,2.87E-05,2.87E-05,5.73E-05,5.73E-05,1.14E-05,1.14E-05,0.000289857,0.000289857,7.11E-05,7.11E-05,7.21E-05,7.21E-05,3.71E-05,3.71E-05,1.73E-05,1.73E-05,2.84E-05,2.84E-05,1.77E-05,1.77E-05,1.79E-05,1.79E-05,2.95E-05,2.95E-05,1.74E-05,1.74E-05,0.000186613,0.000186613,1
3.71E-06,3.71E-06,2.24E-06,2.24E-06,3.49E-06,3.83E-06,3.83E-06,3.05E-06,3.05E-06,5.20E-06,9.76E-06,9.76E-06,1.93E-05,1.93E-05,0.93125325,0.81234133,0.81234133,9.88E-05,9.88E-05,8.83E-06,3.21E-06,3.21E-06,3.43E-06,3.43E-06,4.19E-06,3.56E-06,3.56E-06,6.86E-06,6.86E-06,4.95E-06,4.20E-06,4.20E-06,8.29E-05,8.29E-05,9.91E-06,1.21E-05,1.21E-05,5.68E-06,5.68E-06,1.08E-05,3.78E-06,3.78E-06,5.37E-06,5.37E-06,4.88E-06,4.07E-06,4.07E-06,3.06E-06,3.06E-06,4.56E-05,4.69E-06,4.69E-06,2.75E-06,2.75E-06,2.69E-06,1.72E-06,1.72E-06,2.00E-06,2.00E-06,2.16E-06,6.02E-06,6.02E-06,2.50E-06,2.50E-06,2.12E-06,3.06E-05,3.06E-05,1.08E-05,1.08E-05,4.33E-06,3.14E-06,3.14E-06,5.69E-06,5.69E-06,5.61E-06,2.93E-06,2.93E-06,4.15E-06,4.15E-06,1.54E-05,0.017086448,0.017086448,0.58890766,0.58890766,0.4350425,1.44E-05,1.44E-05,9.56E-06,9.56E-06,2.26E-06,1.59E-06,1.59E-06,2.40E-06,2.40E-06,2.18E-06,2.14E-06,2.14E-06,1.48E-06,1.48E-06,0.00016953,1.28E-05,1.28E-05,7.33E-06,7.33E-06,3.97E-06,4.98E-06,4.98E-06,3.10E-06,3.10E-06,3.19E-06,3.30E-06,3.30E-06,2.27E-06,2.27E-06,4.86E-06,4.29E-05,4.29E-05,6.81E-06,6.81E-06,1.07E-05,5.23E-06,5.23E-06,9.76E-06,9.76E-06,5.84E-06,4.68E-06,4.68E-06,5.12E-06,5.12E-06,3.89E-06,3.45E-06,3.45E-06,4.22E-05,4.22E-05,3.37E-06,1.33E-06,1.33E-06,2.50E-06,2.50E-06,2.36E-05,0.000122227,0.000122227,0.000154858,0.000154858,0.000242114,0.000149733,0.000149733,0.000136777,0.000136777,0.000588863,0.000105441,0.000105441,0.00010646,0.00010646,0.000120052,5.08E-05,5.08E-05,8.87E-05,8.87E-05,6.36E-05,0.000156279,0.000156279,0.000617962,0.000617962,0.000102995,0.000735986,0.000735986,0.00028251,0.00028251,0.000242961,0.00171187,0.00171187,0.002389519,0.002389519,0.001678934,0.003720122,0.003720122,0.17659935,0.17659935,0.42325926,0.088753365,0.088753365,0.000301316,0.000301316,1.33E-05,2.00E-05,2.00E-05,6.87E-06,6.87E-06,6.56E-06,3.92E-06,3.92E-06,5.94E-06,5.94E-06,5.49E-06,6.80E-06,6.80E-06,3.96E-06,3.96E-06,3.85E-05,5.73E-06,5.73E-06,3.68E-06,3.68E-06,6.28E-06,2.98E-06,2.98E-06,3.34E-06,3.34E-06,2.20E-06,2.42E-06,2.42E-06,9.36E-06,9.36E-06,2.40E-06,3.38E-05,3.38E-05,5.40E-06,5.40E-06,1.03E-05,5.59E-06,5.59E-06,6.49E-06,6.49E-06,3.86E-06,1
2.75E-06,2.75E-06,3.56E-06,3.56E-06,3.71E-06,2.83E-06,2.83E-06,2.85E-05,2.85E-05,4.11E-06,2.43E-06,2.43E-06,2.81E-06,2.81E-06,4.89E-06,1.94E-06,1.94E-06,7.72E-06,7.72E-06,2.59E-06,2.89E-06,2.89E-06,3.40E-06,3.40E-06,8.96E-05,2.16E-05,2.16E-05,7.65E-06,7.65E-06,7.86E-06,4.65E-06,4.65E-06,1.15E-05,1.15E-05,6.18E-06,5.77E-06,5.77E-06,3.77E-06,3.77E-06,4.37E-06,5.74E-05,5.74E-05,7.91E-06,7.91E-06,6.13E-06,3.90E-06,3.90E-06,4.67E-06,4.67E-06,5.58E-06,3.91E-06,3.91E-06,2.70E-06,2.70E-06,5.62E-06,4.37E-06,4.37E-06,0.000114251,0.000114251,6.79E-06,7.87E-06,7.87E-06,2.90E-06,2.90E-06,3.94E-06,2.74E-06,2.74E-06,3.90E-06,3.90E-06,7.65E-06,5.18E-06,5.18E-06,4.84E-06,4.84E-06,3.37E-05,7.35E-06,7.35E-06,5.41E-06,5.41E-06,3.25E-06,2.58E-06,2.58E-06,5.28E-06,5.28E-06,6.13E-06,2.68E-06,2.68E-06,1.85E-06,1.85E-06,1.17E-06,4.58E-05,4.58E-05,1.04E-05,1.04E-05,7.12E-06,3.01E-06,3.01E-06,1.09E-05,1.09E-05,0.8097012,0.8982952,0.8982952,6.78E-05,6.78E-05,7.49E-06,8.68E-06,8.68E-06,9.07E-05,9.07E-05,1.63E-05,8.64E-06,8.64E-06,6.50E-06,6.50E-06,4.86E-06,4.96E-06,4.96E-06,4.36E-06,4.36E-06,4.60E-06,7.95E-06,7.95E-06,5.71E-06,5.71E-06,3.51E-05,4.21E-05,4.21E-05,1.97E-05,1.97E-05,5.13E-06,6.71E-06,6.71E-06,6.78E-06,6.78E-06,5.04E-06,8.37E-06,8.37E-06,7.10E-06,7.10E-06,7.54E-06,0.000165549,0.000165549,7.86E-06,7.86E-06,1.05E-05,1.23E-05,1.23E-05,1.95E-05,1.95E-05,3.33E-05,4.35E-05,4.35E-05,2.52E-05,2.52E-05,1.42E-05,2.39E-05,2.39E-05,9.99E-05,9.99E-05,1.76E-05,8.49E-06,8.49E-06,1.51E-05,1.51E-05,1.05E-05,8.65E-06,8.65E-06,6.42E-06,6.42E-06,8.90E-06,2.24E-05,2.24E-05,2.43E-05,2.43E-05,0.000166896,1.28E-05,1.28E-05,1.40E-05,1.40E-05,5.79E-06,9.71E-06,9.71E-06,9.72E-06,9.72E-06,1.76E-05,9.78E-06,9.78E-06,1.71E-05,1.71E-05,2.30E-05,5.65E-05,5.65E-05,2.33E-05,2.33E-05,2.63E-05,4.38E-05,4.38E-05,2.92E-05,2.92E-05,2.68E-05,2.68E-05,2.68E-05,1.50E-05,1.50E-05,1.06E-05,1.94E-05,1.94E-05,0.000134172,0.000134172,1.26E-05,4.81E-06,4.81E-06,1.30E-05,1.30E-05,8.14E-06,1.07E-05,1.07E-05,1.15E-05,1.15E-05,4.42E-06,4.62E-06,4.62E-06,7.24E-06,7.24E-06,3.03E-05,1
5.30E-06,5.30E-06,6.36E-06,6.36E-06,4.90E-06,9.72E-06,9.72E-06,4.32E-05,4.32E-05,1.55E-05,1.32E-05,1.32E-05,8.56E-06,8.56E-06,1.05E-05,4.43E-05,4.43E-05,8.73E-06,8.73E-06,4.31E-06,7.68E-06,7.68E-06,6.39E-06,6.39E-06,6.95E-06,7.82E-06,7.82E-06,1.41E-05,1.41E-05,1.20E-05,6.00E-06,6.00E-06,0.000135264,0.000135264,3.21E-05,3.29E-05,3.29E-05,7.20E-06,7.20E-06,6.12E-06,1.15E-05,1.15E-05,6.87E-06,6.87E-06,6.42E-06,9.29E-06,9.29E-06,7.61E-06,7.61E-06,6.11E-05,7.50E-06,7.50E-06,1.49E-05,1.49E-05,1.43E-05,7.17E-06,7.17E-06,5.15E-06,5.15E-06,2.72E-05,1.83E-05,1.83E-05,4.25E-06,4.25E-06,3.45E-06,0.000112345,0.000112345,2.36E-05,2.36E-05,8.28E-06,4.79E-06,4.79E-06,1.04E-05,1.04E-05,8.80E-06,1.47E-05,1.47E-05,9.82E-06,9.82E-06,1.09E-05,5.70E-06,5.70E-06,4.75E-05,4.75E-05,8.17E-06,1.13E-05,1.13E-05,8.22E-06,8.22E-06,9.43E-06,9.69E-06,9.69E-06,1.00E-05,1.00E-05,1.83E-05,1.70E-05,1.70E-05,2.39E-05,2.39E-05,0.000152065,2.56E-05,2.56E-05,1.83E-05,1.83E-05,1.51E-05,1.11E-05,1.11E-05,1.15E-05,1.15E-05,3.93E-06,3.15E-06,3.15E-06,5.95E-06,5.95E-06,1.07E-05,9.11E-05,9.11E-05,1.43E-05,1.43E-05,8.87E-06,2.16E-05,2.16E-05,7.73E-06,7.73E-06,6.16E-06,6.40E-06,6.40E-06,2.14E-06,2.14E-06,6.26E-06,6.16E-06,6.16E-06,4.47E-05,4.47E-05,2.76E-05,2.98E-05,2.98E-05,1.75E-05,1.75E-05,2.99E-05,7.94E-05,7.94E-05,3.13E-05,3.13E-05,1.84E-05,1.50E-05,1.50E-05,1.27E-05,1.27E-05,5.05E-05,3.47E-05,3.47E-05,1.95E-05,1.95E-05,4.81E-06,7.70E-06,7.70E-06,7.79E-06,7.79E-06,4.98E-06,8.21E-06,8.21E-06,4.44E-06,4.44E-06,1.33E-05,0.000172024,0.000172024,5.29E-06,5.29E-06,7.57E-06,9.28E-06,9.28E-06,8.57E-06,8.57E-06,9.85E-06,6.53E-06,6.53E-06,4.03E-06,4.03E-06,4.67E-06,6.50E-06,6.50E-06,6.62E-05,6.62E-05,2.00E-05,2.26E-05,2.26E-05,1.59E-05,1.59E-05,0.000722687,0.70587164,0.70587164,0.97948873,0.97948873,7.68E-06,4.36E-06,4.36E-06,6.51E-06,6.51E-06,5.26E-05,9.02E-06,9.02E-06,5.14E-06,5.14E-06,2.45E-06,5.55E-06,5.55E-06,4.14E-06,4.14E-06,2.10E-06,1.72E-06,1.72E-06,3.17E-06,3.17E-06,2.16E-06,3.01E-05,3.01E-05,3.72E-06,3.72E-06,2.21E-06,6.20E-06,6.20E-06,8.48E-06,8.48E-06,3.90E-06,1
3.53E-06,3.53E-06,2.44E-06,2.44E-06,1.35E-06,1.53E-06,1.53E-06,3.43E-05,3.43E-05,9.66E-06,1.20E-05,1.20E-05,1.33E-05,1.33E-05,9.25E-06,6.33E-06,6.33E-06,5.51E-06,5.51E-06,5.34E-06,1.34E-05,1.34E-05,6.63E-06,6.63E-06,3.05E-05,5.58E-06,5.58E-06,5.24E-06,5.24E-06,3.92E-06,7.02E-06,7.02E-06,5.62E-06,5.62E-06,7.47E-06,5.07E-06,5.07E-06,6.53E-06,6.53E-06,4.26E-06,8.47E-05,8.47E-05,1.03E-05,1.03E-05,1.92E-05,1.56E-05,1.56E-05,3.65E-06,3.65E-06,1.02E-05,2.38E-06,2.38E-06,4.29E-06,4.29E-06,2.93E-06,2.22E-06,2.22E-06,5.00E-05,5.00E-05,3.66E-06,1.76E-06,1.76E-06,2.74E-06,2.74E-06,2.14E-06,1.70E-06,1.70E-06,3.61E-06,3.61E-06,3.11E-06,3.65E-06,3.65E-06,3.36E-06,3.36E-06,3.16E-05,3.47E-06,3.47E-06,6.37E-06,6.37E-06,2.23E-06,2.46E-06,2.46E-06,2.16E-06,2.16E-06,2.37E-06,3.23E-06,3.23E-06,3.07E-06,3.07E-06,4.27E-06,5.71E-05,5.71E-05,5.86E-06,5.86E-06,4.54E-06,5.21E-06,5.21E-06,5.84E-06,5.84E-06,5.64E-06,4.00E-06,4.00E-06,4.83E-06,4.83E-06,6.49E-06,8.78E-06,8.78E-06,9.52E-05,9.52E-05,3.11E-05,0.08656139,0.08656139,0.43134287,0.43134287,0.11536425,0.00010758,0.00010758,0.000983689,0.000983689,0.000286408,0.000956042,0.000956042,0.000205996,0.000205996,0.003456369,0.000396516,0.000396516,7.31E-05,7.31E-05,0.000136034,0.000157239,0.000157239,0.00044508,0.00044508,0.000175683,9.11E-05,9.11E-05,0.000122579,0.000122579,0.00014618,0.000646371,0.000646371,0.000112841,0.000112841,0.000213655,7.48E-05,7.48E-05,0.000206585,0.000206585,0.000129443,7.91E-05,7.91E-05,2.33E-05,2.33E-05,3.18E-06,1.93E-06,1.93E-06,2.78E-05,2.78E-05,5.17E-06,1.65E-06,1.65E-06,2.27E-06,2.27E-06,2.72E-06,3.26E-06,3.26E-06,3.16E-06,3.16E-06,4.02E-06,1.82E-06,1.82E-06,4.69E-06,4.69E-06,3.74E-05,8.42E-06,8.42E-06,1.71E-05,1.71E-05,3.68E-06,8.10E-06,8.10E-06,1.71E-05,1.71E-05,1.01E-05,2.28E-05,2.28E-05,1.34E-05,1.34E-05,1.23E-05,9.96E-05,9.96E-05,1.75E-05,1.75E-05,3.78E-06,4.35E-06,4.35E-06,3.18E-06,3.18E-06,3.12E-06,2.27E-06,2.27E-06,2.12E-06,2.12E-06,8.91E-06,1.07E-05,1.07E-05,0.7607393,0.7607393,0.5320698,0.00080934,0.00080934,7.04E-06,7.04E-06,1.64E-06,5.55E-06,5.55E-06,1.72E-06,1.72E-06,2.10E-06,5.31E-06,5.31E-06,2.46E-06,2.46E-06,5.82E-05,1
1.40E-05,1.40E-05,3.27E-06,3.27E-06,3.29E-06,2.61E-06,2.61E-06,5.55E-06,5.55E-06,2.44E-06,2.09E-06,2.09E-06,2.17E-06,2.17E-06,1.55E-06,2.52E-05,2.52E-05,3.87E-06,3.87E-06,2.68E-06,3.15E-06,3.15E-06,2.78E-06,2.78E-06,3.62E-06,3.53E-06,3.53E-06,3.76E-06,3.76E-06,1.49E-05,4.05E-06,4.05E-06,6.72E-05,6.72E-05,8.30E-06,3.79E-06,3.79E-06,8.39E-06,8.39E-06,4.26E-06,5.55E-06,5.55E-06,5.57E-06,5.57E-06,6.71E-06,7.28E-06,7.28E-06,1.31E-05,1.31E-05,0.000279583,0.6765411,0.6765411,0.59500086,0.59500086,5.32E-06,3.06E-06,3.06E-06,2.58E-06,2.58E-06,6.49E-06,2.29E-06,2.29E-06,1.87E-06,1.87E-06,4.58E-06,7.19E-05,7.19E-05,2.06E-05,2.06E-05,8.47E-06,4.99E-06,4.99E-06,7.06E-06,7.06E-06,1.12E-05,6.17E-06,6.17E-06,1.02E-05,1.02E-05,9.59E-06,1.26E-05,1.26E-05,0.29604143,0.29604143,0.5652165,5.33E-05,5.33E-05,7.71E-06,7.71E-06,4.82E-06,4.01E-06,4.01E-06,4.46E-06,4.46E-06,3.58E-06,3.12E-06,3.12E-06,4.84E-06,4.84E-06,5.02E-05,1.43E-05,1.43E-05,7.30E-06,7.30E-06,7.65E-06,4.96E-06,4.96E-06,8.43E-06,8.43E-06,3.63E-06,5.38E-06,5.38E-06,4.30E-06,4.30E-06,4.78E-06,4.01E-05,4.01E-05,4.36E-06,4.36E-06,2.35E-06,1.58E-06,1.58E-06,1.87E-06,1.87E-06,4.15E-06,3.27E-06,3.27E-06,3.56E-06,3.56E-06,6.02E-06,5.01E-06,5.01E-06,2.72E-05,2.72E-05,3.91E-06,6.87E-06,6.87E-06,2.58E-06,2.58E-06,6.57E-06,5.18E-06,5.18E-06,2.21E-06,2.21E-06,1.12E-06,1.56E-06,1.56E-06,8.02E-06,8.02E-06,0.03529258,0.8341998,0.8341998,0.1507846,0.1507846,7.63E-06,2.64E-06,2.64E-06,1.66E-06,1.66E-06,2.77E-06,2.79E-06,2.79E-06,1.70E-06,1.70E-06,4.16E-06,5.54E-05,5.54E-05,2.01E-05,2.01E-05,4.36E-06,4.10E-06,4.10E-06,5.32E-06,5.32E-06,3.56E-06,3.71E-06,3.71E-06,6.41E-06,6.41E-06,4.64E-06,1.20E-06,1.20E-06,7.65E-05,7.65E-05,8.39E-06,2.41E-06,2.41E-06,4.18E-06,4.18E-06,3.06E-06,3.93E-06,3.93E-06,3.41E-06,3.41E-06,2.72E-06,2.47E-06,2.47E-06,2.72E-06,2.72E-06,2.72E-05,3.31E-06,3.31E-06,2.46E-06,2.46E-06,2.35E-06,2.11E-06,2.11E-06,1.33E-05,1.33E-05,7.32E-05,7.99E-05,7.99E-05,0.000132375,0.000132375,4.09E-05,0.001445236,0.001445236,0.000535383,0.000535383,0.000111221,0.00049318,0.00049318,0.000118982,0.000118982,6.78E-05,1
6.55E-05,6.55E-05,6.32E-05,6.32E-05,0.000101493,0.000174495,0.000174495,0.001625943,0.001625943,0.00056804,0.001124435,0.001124435,0.000297864,0.000297864,0.001275819,0.001576521,0.001576521,0.000326978,0.000326978,0.000361689,0.020933386,0.020933386,0.27928254,0.27928254,0.14046124,5.23E-05,5.23E-05,7.78E-06,7.78E-06,6.08E-06,5.31E-06,5.31E-06,3.62E-06,3.62E-06,4.09E-06,4.29E-06,4.29E-06,4.50E-06,4.50E-06,9.36E-06,5.71E-05,5.71E-05,1.17E-05,1.17E-05,7.32E-06,4.75E-06,4.75E-06,7.51E-06,7.51E-06,3.57E-06,6.87E-06,6.87E-06,2.81E-06,2.81E-06,3.15E-06,2.42E-06,2.42E-06,5.13E-05,5.13E-05,8.79E-06,3.50E-06,3.50E-06,8.10E-06,8.10E-06,1.15E-05,3.68E-06,3.68E-06,2.47E-06,2.47E-06,5.67E-06,2.48E-06,2.48E-06,4.04E-06,4.04E-06,4.08E-05,9.89E-06,9.89E-06,4.92E-06,4.92E-06,1.97E-06,2.09E-06,2.09E-06,6.80E-06,6.80E-06,4.62E-06,3.03E-06,3.03E-06,1.97E-06,1.97E-06,2.33E-06,5.89E-05,5.89E-05,2.02E-05,2.02E-05,1.50E-05,9.19E-06,9.19E-06,7.88E-06,7.88E-06,5.27E-06,1.00E-05,1.00E-05,7.35E-06,7.35E-06,7.86E-06,4.04E-06,4.04E-06,5.43E-05,5.43E-05,7.39E-06,3.91E-06,3.91E-06,5.73E-06,5.73E-06,1.70E-05,4.48E-06,4.48E-06,3.01E-06,3.01E-06,4.06E-06,2.36E-06,2.36E-06,4.92E-06,4.92E-06,4.63E-05,5.17E-06,5.17E-06,7.96E-06,7.96E-06,7.84E-06,2.16E-06,2.16E-06,5.34E-06,5.34E-06,6.10E-06,9.01E-06,9.01E-06,4.94E-06,4.94E-06,1.08E-05,2.96E-05,2.96E-05,4.32E-06,4.32E-06,2.58E-06,2.37E-06,2.37E-06,3.53E-06,3.53E-06,2.49E-06,2.58E-06,2.58E-06,4.40E-06,4.40E-06,5.53E-06,6.59E-06,6.59E-06,5.38E-05,5.38E-05,1.61E-05,9.37E-06,9.37E-06,6.98E-06,6.98E-06,8.95E-06,4.62E-06,4.62E-06,0.84521025,0.84521025,0.93644303,0.000247544,0.000247544,1.21E-05,1.21E-05,8.37E-05,1.22E-05,1.22E-05,8.98E-06,8.98E-06,4.59E-06,5.29E-06,5.29E-06,4.09E-06,4.09E-06,5.42E-06,5.03E-06,5.03E-06,5.16E-06,5.16E-06,1.88E-05,7.73E-05,7.73E-05,4.63E-06,4.63E-06,9.31E-06,5.74E-06,5.74E-06,3.98E-06,3.98E-06,4.92E-06,3.89E-06,3.89E-06,6.82E-06,6.82E-06,7.89E-06,4.69E-06,4.69E-06,9.12E-05,9.12E-05,9.94E-06,8.18E-06,8.18E-06,6.17E-06,6.17E-06,5.36E-06,1.15E-05,1.15E-05,1.81E-05,1.81E-05,2.36E-05,1.62E-05,1.62E-05,1.14E-05,1.14E-05,0.000247076,1
3.83E-06,3.83E-06,3.15E-06,3.15E-06,2.56E-06,2.49E-06,2.49E-06,2.73E-06,2.73E-06,3.84E-06,4.13E-06,4.13E-06,2.97E-06,2.97E-06,3.70E-06,6.19E-05,6.19E-05,6.66E-06,6.66E-06,5.77E-06,3.10E-06,3.10E-06,4.53E-06,4.53E-06,4.39E-06,6.82E-06,6.82E-06,2.93E-06,2.93E-06,3.37E-06,2.36E-06,2.36E-06,4.17E-05,4.17E-05,6.88E-06,2.66E-06,2.66E-06,2.04E-06,2.04E-06,3.72E-06,3.36E-06,3.36E-06,4.88E-06,4.88E-06,4.08E-06,4.14E-06,4.14E-06,3.45E-06,3.45E-06,2.47E-05,3.63E-06,3.63E-06,3.49E-06,3.49E-06,2.41E-06,3.33E-06,3.33E-06,4.38E-06,4.38E-06,3.21E-06,4.11E-06,4.11E-06,5.66E-06,5.66E-06,6.50E-06,6.11E-05,6.11E-05,1.37E-05,1.37E-05,7.02E-06,4.23E-06,4.23E-06,6.29E-06,6.29E-06,6.01E-06,3.96E-06,3.96E-06,4.08E-06,4.08E-06,6.57E-06,6.47E-06,6.47E-06,4.40E-05,4.40E-05,1.07E-05,4.34E-06,4.34E-06,6.62E-06,6.62E-06,3.10E-06,5.82E-06,5.82E-06,5.36E-06,5.36E-06,6.18E-06,3.12E-06,3.12E-06,4.52E-06,4.52E-06,3.43E-05,4.07E-06,4.07E-06,3.19E-06,3.19E-06,2.49E-06,3.74E-06,3.74E-06,2.74E-06,2.74E-06,2.17E-06,2.46E-06,2.46E-06,2.37E-06,2.37E-06,2.84E-06,3.95E-05,3.95E-05,6.73E-06,6.73E-06,4.70E-06,3.95E-06,3.95E-06,3.91E-06,3.91E-06,3.33E-06,4.85E-06,4.85E-06,6.09E-06,6.09E-06,5.50E-06,6.74E-06,6.74E-06,5.36E-05,5.36E-05,8.61E-06,4.25E-06,4.25E-06,5.59E-06,5.59E-06,8.11E-06,5.29E-06,5.29E-06,8.44E-06,8.44E-06,3.89E-06,6.05E-06,6.05E-06,1.31E-05,1.31E-05,9.58E-05,1.13E-05,1.13E-05,5.68E-06,5.68E-06,6.26E-06,3.21E-06,3.21E-06,4.03E-06,4.03E-06,8.10E-06,4.20E-06,4.20E-06,4.82E-06,4.82E-06,2.97E-06,4.76E-05,4.76E-05,4.81E-06,4.81E-06,2.22E-06,2.88E-06,2.88E-06,2.46E-06,2.46E-06,3.06E-06,5.09E-06,5.09E-06,3.64E-06,3.64E-06,3.44E-06,3.15E-06,3.15E-06,4.06E-05,4.06E-05,7.66E-06,4.62E-06,4.62E-06,3.44E-06,3.44E-06,2.52E-06,3.22E-06,3.22E-06,3.75E-06,3.75E-06,3.53E-06,3.21E-06,3.21E-06,2.52E-06,2.52E-06,5.15E-05,6.30E-06,6.30E-06,5.07E-06,5.07E-06,3.19E-06,3.34E-06,3.34E-06,3.96E-06,3.96E-06,3.89E-06,3.11E-06,3.11E-06,3.85E-06,3.85E-06,5.04E-06,4.65E-05,4.65E-05,5.13E-06,5.13E-06,2.20E-06,1.68E-06,1.68E-06,2.36E-06,2.36E-06,2.67E-06,1
2.54E-06,2.54E-06,2.42E-06,2.42E-06,2.59E-06,4.17E-06,4.17E-06,5.47E-05,5.47E-05,7.63E-06,4.60E-06,4.60E-06,4.84E-06,4.84E-06,5.23E-06,4.41E-06,4.41E-06,4.58E-06,4.58E-06,3.70E-06,5.09E-06,5.09E-06,9.57E-06,9.57E-06,5.43E-05,9.63E-06,9.63E-06,8.71E-06,8.71E-06,8.66E-06,6.76E-06,6.76E-06,6.12E-06,6.12E-06,4.77E-06,5.39E-06,5.39E-06,3.94E-06,3.94E-06,3.54E-06,4.76E-05,4.76E-05,8.00E-06,8.00E-06,4.95E-06,4.00E-06,4.00E-06,3.94E-06,3.94E-06,4.67E-06,4.91E-06,4.91E-06,9.70E-06,9.70E-06,7.46E-06,5.48E-06,5.48E-06,8.77E-05,8.77E-05,1.25E-05,5.89E-06,5.89E-06,4.93E-06,4.93E-06,5.04E-06,3.62E-06,3.62E-06,4.62E-06,4.62E-06,4.34E-06,3.24E-06,3.24E-06,5.67E-06,5.67E-06,7.63E-05,8.92E-06,8.92E-06,4.58E-06,4.58E-06,4.88E-06,4.18E-06,4.18E-06,4.80E-06,4.80E-06,6.43E-06,4.25E-06,4.25E-06,3.83E-06,3.83E-06,4.20E-06,5.26E-05,5.26E-05,8.31E-06,8.31E-06,3.79E-06,3.19E-06,3.19E-06,3.38E-06,3.38E-06,2.65E-06,2.76E-06,2.76E-06,4.39E-06,4.39E-06,5.95E-06,2.71E-06,2.71E-06,3.68E-05,3.68E-05,4.14E-06,4.87E-06,4.87E-06,3.81E-06,3.81E-06,4.59E-06,3.32E-06,3.32E-06,3.46E-06,3.46E-06,5.83E-06,3.45E-06,3.45E-06,1.04E-05,1.04E-05,5.80E-05,1.28E-05,1.28E-05,4.82E-06,4.82E-06,6.28E-06,2.68E-06,2.68E-06,4.74E-06,4.74E-06,3.12E-06,2.95E-06,2.95E-06,4.52E-06,4.52E-06,5.97E-06,3.83E-05,3.83E-05,6.33E-06,6.33E-06,7.13E-06,5.72E-06,5.72E-06,4.42E-06,4.42E-06,6.34E-06,5.06E-06,5.06E-06,9.66E-06,9.66E-06,5.48E-06,3.37E-06,3.37E-06,3.66E-05,3.66E-05,5.27E-06,6.03E-06,6.03E-06,6.67E-06,6.67E-06,5.18E-05,0.9994073,0.9994073,0.99982077,0.99982077,0.42421725,0.000130936,0.000130936,3.13E-05,3.13E-05,0.000120822,1.05E-05,1.05E-05,3.86E-06,3.86E-06,3.56E-06,2.17E-06,2.17E-06,1.96E-06,1.96E-06,2.70E-06,2.04E-06,2.04E-06,2.17E-06,2.17E-06,2.77E-06,5.62E-05,5.62E-05,9.82E-06,9.82E-06,6.47E-06,1.13E-05,1.13E-05,1.11E-05,1.11E-05,2.36E-05,4.32E-05,4.32E-05,1.65E-05,1.65E-05,1.41E-05,9.61E-06,9.61E-06,7.12E-05,7.12E-05,2.09E-05,8.77E-06,8.77E-06,7.42E-06,7.42E-06,2.62E-05,3.62E-05,3.62E-05,5.51E-06,5.51E-06,1.04E-05,5.77E-05,5.77E-05,3.96E-05,3.96E-05,0.00010225,1
1.90E-05,1.90E-05,6.04E-06,6.04E-06,5.46E-06,4.43E-06,4.43E-06,7.19E-06,7.19E-06,2.43E-06,6.31E-06,6.31E-06,5.12E-06,5.12E-06,4.79E-06,4.56E-05,4.56E-05,8.57E-06,8.57E-06,1.12E-05,3.97E-06,3.97E-06,4.23E-06,4.23E-06,2.45E-06,4.02E-06,4.02E-06,2.45E-06,2.45E-06,2.20E-06,1.22E-05,1.22E-05,0.000111221,0.000111221,1.04E-05,1.37E-05,1.37E-05,6.87E-06,6.87E-06,7.69E-06,7.85E-06,7.85E-06,4.05E-06,4.05E-06,5.10E-06,9.11E-06,9.11E-06,9.81E-06,9.81E-06,9.02E-05,1.91E-05,1.91E-05,5.84E-06,5.84E-06,6.72E-06,5.46E-06,5.46E-06,7.80E-06,7.80E-06,9.33E-06,5.91E-06,5.91E-06,6.00E-06,6.00E-06,6.50E-06,4.87E-05,4.87E-05,1.15E-05,1.15E-05,6.14E-06,5.61E-06,5.61E-06,3.60E-06,3.60E-06,8.89E-06,6.67E-06,6.67E-06,8.99E-06,8.99E-06,8.99E-06,4.53E-06,4.53E-06,6.78E-05,6.78E-05,6.44E-06,5.31E-06,5.31E-06,3.91E-06,3.91E-06,6.88E-06,2.49E-06,2.49E-06,2.98E-06,2.98E-06,5.96E-06,5.03E-06,5.03E-06,7.77E-06,7.77E-06,6.49E-05,8.50E-06,8.50E-06,6.86E-06,6.86E-06,7.41E-06,6.58E-06,6.58E-06,6.52E-06,6.52E-06,1.04E-05,6.15E-06,6.15E-06,6.74E-06,6.74E-06,3.97E-06,4.79E-05,4.79E-05,7.63E-06,7.63E-06,5.58E-06,5.37E-06,5.37E-06,4.20E-06,4.20E-06,5.26E-06,4.68E-06,4.68E-06,7.11E-06,7.11E-06,8.70E-06,6.31E-06,6.31E-06,5.84E-05,5.84E-05,7.22E-06,7.81E-06,7.81E-06,5.91E-06,5.91E-06,8.64E-06,4.43E-06,4.43E-06,6.23E-06,6.23E-06,3.29E-05,0.9991486,0.9991486,0.9868722,0.9868722,0.72195727,0.003052282,0.003052282,0.000203143,0.000203143,1.68E-05,8.85E-06,8.85E-06,5.07E-06,5.07E-06,5.19E-06,4.31E-06,4.31E-06,5.04E-06,5.04E-06,3.24E-06,7.56E-05,7.56E-05,1.04E-05,1.04E-05,7.27E-06,6.53E-06,6.53E-06,6.51E-06,6.51E-06,7.90E-06,3.90E-06,3.90E-06,4.34E-06,4.34E-06,3.45E-06,4.67E-06,4.67E-06,3.70E-05,3.70E-05,4.13E-06,2.59E-06,2.59E-06,1.85E-06,1.85E-06,1.76E-06,2.04E-06,2.04E-06,1.58E-06,1.58E-06,2.50E-06,2.74E-06,2.74E-06,3.19E-06,3.19E-06,3.52E-05,5.11E-06,5.11E-06,3.23E-06,3.23E-06,2.22E-06,1.81E-06,1.81E-06,1.47E-06,1.47E-06,2.24E-06,1.61E-06,1.61E-06,1.68E-06,1.68E-06,1.89E-06,3.33E-05,3.33E-05,3.40E-06,3.40E-06,2.82E-06,1.87E-06,1.87E-06,1.87E-06,1.87E-06,2.55E-06,1
0.001332493,0.001332493,0.001540711,0.001540711,0.000332107,0.000521211,0.000521211,0.001218524,0.001218524,0.000386251,0.07285605,0.07285605,0.99603903,0.99603903,0.990533,0.9390328,0.9390328,0.07192277,0.07192277,6.97E-05,1.34E-05,1.34E-05,2.31E-05,2.31E-05,3.37E-05,1.88E-05,1.88E-05,2.39E-05,2.39E-05,4.60E-05,3.23E-05,3.23E-05,0.000432697,0.000432697,0.000135551,0.000100783,0.000100783,6.23E-05,6.23E-05,6.21E-05,0.000121392,0.000121392,6.16E-05,6.16E-05,7.06E-05,6.44E-05,6.44E-05,0.000122105,0.000122105,0.00099497,0.000158227,0.000158227,0.000264856,0.000264856,0.000208527,0.000289813,0.000289813,7.73E-05,7.73E-05,7.69E-05,6.97E-05,6.97E-05,5.55E-05,5.55E-05,5.78E-05,0.000601514,0.000601514,0.98641586,0.98641586,0.9949768,0.9927367,0.9927367,0.894462,0.894462,0.001682034,0.000154442,0.000154442,1.17E-05,1.17E-05,8.74E-06,4.66E-06,4.66E-06,0.00052777,0.00052777,0.000116246,6.17E-05,6.17E-05,7.05E-05,7.05E-05,5.54E-05,5.43E-05,5.43E-05,5.51E-05,5.51E-05,4.71E-05,7.26E-05,7.26E-05,4.00E-05,4.00E-05,0.000787004,5.16E-05,5.16E-05,4.26E-05,4.26E-05,1.91E-05,2.45E-05,2.45E-05,2.57E-05,2.57E-05,1.26E-05,1.12E-05,1.12E-05,1.75E-05,1.75E-05,1.07E-05,0.000154677,0.000154677,1.94E-05,1.94E-05,1.80E-05,2.08E-05,2.08E-05,1.88E-05,1.88E-05,1.18E-05,1.64E-05,1.64E-05,1.93E-05,1.93E-05,2.37E-05,2.48E-05,2.48E-05,0.000227493,0.000227493,4.39E-05,2.97E-05,2.97E-05,1.80E-05,1.80E-05,2.67E-05,2.15E-05,2.15E-05,2.74E-05,2.74E-05,1.76E-05,1.63E-05,1.63E-05,2.56E-05,2.56E-05,0.000179171,2.25E-05,2.25E-05,7.47E-06,7.47E-06,1.66E-05,1.98E-05,1.98E-05,1.55E-05,1.55E-05,8.93E-06,1.60E-05,1.60E-05,1.61E-05,1.61E-05,7.85E-06,0.000120299,0.000120299,1.18E-05,1.18E-05,1.03E-05,7.94E-06,7.94E-06,8.43E-06,8.43E-06,9.88E-06,1.23E-05,1.23E-05,1.35E-05,1.35E-05,2.14E-05,2.67E-05,2.67E-05,0.000285611,0.000285611,2.50E-05,2.84E-05,2.84E-05,1.50E-05,1.50E-05,1.60E-05,1.53E-05,1.53E-05,1.19E-05,1.19E-05,2.19E-05,2.72E-05,2.72E-05,1.99E-05,1.99E-05,0.00022051,3.24E-05,3.24E-05,4.07E-05,4.07E-05,6.59E-05,0.000104555,0.000104555,0.000252489,0.000252489,0.000158511,9.31E-05,9.31E-05,6.59E-05,6.59E-05,9.71E-05,0.000620267,0.000620267,9.33E-05,9.33E-05,0.000119392,0.93071634,0.93071634,0.9985293,0.9985293,0.9977174,1
0.8330265,0.8330265,4.65E-05,4.65E-05,9.93E-06,8.31E-06,8.31E-06,0.000416746,0.000416746,4.42E-05,4.00E-05,4.00E-05,3.81E-05,3.81E-05,4.41E-05,4.08E-05,4.08E-05,4.34E-05,4.34E-05,3.43E-05,5.12E-05,5.12E-05,3.36E-05,3.36E-05,0.000194668,2.81E-05,2.81E-05,2.32E-05,2.32E-05,2.13E-05,3.06E-05,3.06E-05,1.43E-05,1.43E-05,1.37E-05,1.84E-05,1.84E-05,2.59E-05,2.59E-05,1.92E-05,0.000197845,0.000197845,5.32E-05,5.32E-05,2.37E-05,2.48E-05,2.48E-05,2.38E-05,2.38E-05,1.12E-05,1.16E-05,1.16E-05,1.01E-05,1.01E-05,1.42E-05,2.32E-05,2.32E-05,0.000184167,0.000184167,4.44E-05,3.21E-05,3.21E-05,3.03E-05,3.03E-05,2.55E-05,2.09E-05,2.09E-05,1.80E-05,1.80E-05,1.18E-05,1.03E-05,1.03E-05,7.20E-06,7.20E-06,8.56E-05,1.30E-05,1.30E-05,8.35E-06,8.35E-06,7.76E-06,1.07E-05,1.07E-05,6.56E-06,6.56E-06,9.94E-06,7.76E-06,7.76E-06,1.72E-05,1.72E-05,3.16E-05,0.000319861,0.000319861,4.18E-05,4.18E-05,2.03E-05,1.40E-05,1.40E-05,1.18E-05,1.18E-05,1.16E-05,1.26E-05,1.26E-05,1.62E-05,1.62E-05,1.96E-05,2.19E-05,2.19E-05,0.9614629,0.9614629,0.99507695,0.9957034,0.9957034,0.92761016,0.92761016,0.44483656,0.000306364,0.000306364,4.31E-05,4.31E-05,3.00E-05,3.13E-05,3.13E-05,3.75E-05,3.75E-05,0.002353414,0.000246495,0.000246495,0.000160931,0.000160931,9.61E-05,0.000131815,0.000131815,0.000101584,0.000101584,0.000376412,0.000570254,0.000570254,0.001054602,0.001054602,0.000486687,0.003477406,0.003477406,0.000429134,0.000429134,0.000630579,0.000209923,0.000209923,0.00027265,0.00027265,0.000381249,0.000384303,0.000384303,0.000346826,0.000346826,0.000145249,0.000156811,0.000156811,0.001538285,0.001538285,0.000801522,0.00035636,0.00035636,0.000361367,0.000361367,0.000241674,0.00024257,0.00024257,0.000523317,0.000523317,0.000377692,0.000532623,0.000532623,0.000409911,0.000409911,0.001304582,0.000547119,0.000547119,0.000290598,0.000290598,0.000253448,0.000175199,0.000175199,0.000243718,0.000243718,0.000162922,0.000163288,0.000163288,0.000320546,0.000320546,0.000167319,0.002940435,0.002940435,0.000259437,0.000259437,0.000362125,0.000288863,0.000288863,0.00037382,0.00037382,0.00061913,0.000870054,0.000870054,0.000924514,0.000924514,0.000331197,0.000243308,0.000243308,0.00108736,0.00108736,0.000199409,0.000122183,0.000122183,0.000123933,0.000123933,0.000117014,0.000106845,0.000106845,0.000146259,0.000146259,8.05E-05,8.98E-05,8.98E-05,8.11E-05,8.11E-05,0.001401859,1
2.77E-06,2.77E-06,2.20E-06,2.20E-06,1.82E-06,1.48E-06,1.48E-06,1.65E-06,1.65E-06,1.15E-06,1.49E-06,1.49E-06,1.24E-06,1.24E-06,1.30E-06,1.97E-05,1.97E-05,4.55E-06,4.55E-06,3.20E-06,2.70E-06,2.70E-06,2.63E-06,2.63E-06,2.70E-06,2.33E-06,2.33E-06,2.01E-06,2.01E-06,2.45E-06,2.44E-06,2.44E-06,2.37E-05,2.37E-05,4.29E-06,2.46E-06,2.46E-06,2.58E-06,2.58E-06,2.33E-06,1.89E-06,1.89E-06,1.79E-06,1.79E-06,2.57E-06,3.16E-06,3.16E-06,3.09E-06,3.09E-06,2.12E-05,2.77E-06,2.77E-06,2.55E-06,2.55E-06,1.92E-06,2.60E-06,2.60E-06,2.31E-06,2.31E-06,1.86E-06,1.62E-06,1.62E-06,2.21E-06,2.21E-06,1.92E-06,1.67E-05,1.67E-05,2.23E-06,2.23E-06,1.26E-06,1.31E-06,1.31E-06,1.61E-06,1.61E-06,1.61E-06,1.69E-06,1.69E-06,1.96E-06,1.96E-06,2.31E-06,1.98E-06,1.98E-06,2.68E-05,2.68E-05,3.88E-06,2.51E-06,2.51E-06,2.23E-06,2.23E-06,2.24E-06,2.18E-06,2.18E-06,2.22E-06,2.22E-06,2.53E-06,2.51E-06,2.51E-06,2.63E-06,2.63E-06,2.69E-05,4.41E-06,4.41E-06,3.13E-06,3.13E-06,3.36E-06,2.47E-06,2.47E-06,1.99E-06,1.99E-06,2.92E-06,3.21E-06,3.21E-06,2.29E-06,2.29E-06,2.71E-06,2.59E-05,2.59E-05,4.48E-06,4.48E-06,2.98E-06,2.14E-06,2.14E-06,2.17E-06,2.17E-06,2.57E-06,2.16E-06,2.16E-06,1.12E-06,1.12E-06,1.37E-06,1.24E-06,1.24E-06,1.94E-05,1.94E-05,1.98E-06,1.27E-06,1.27E-06,1.65E-06,1.65E-06,2.15E-06,1.40E-06,1.40E-06,1.32E-06,1.32E-06,1.03E-06,1.59E-06,1.59E-06,1.34E-06,1.34E-06,2.51E-05,2.81E-06,2.81E-06,1.63E-06,1.63E-06,1.78E-06,1.51E-06,1.51E-06,1.13E-06,1.13E-06,1.30E-06,1.26E-06,1.26E-06,1.20E-06,1.20E-06,1.09E-06,1.91E-05,1.91E-05,3.42E-06,3.42E-06,1.16E-06,9.96E-07,9.96E-07,1.09E-06,1.09E-06,8.32E-07,9.36E-07,9.36E-07,8.32E-07,8.32E-07,1.06E-06,1.25E-06,1.25E-06,1.89E-05,1.89E-05,2.49E-06,1.75E-06,1.75E-06,1.44E-06,1.44E-06,1.81E-06,1.72E-06,1.72E-06,1.64E-06,1.64E-06,1.33E-06,0.757155,0.757155,0.76316255,0.76316255,0.00209802,1.05E-05,1.05E-05,1.95E-06,1.95E-06,1.65E-06,9.10E-07,9.10E-07,1.18E-06,1.18E-06,1.52E-06,1.51E-06,1.51E-06,1.62E-06,1.62E-06,1.73E-06,2.73E-05,2.73E-05,5.19E-06,5.19E-06,3.20E-06,3.70E-06,3.70E-06,3.81E-06,3.81E-06,2.99E-06,1
3.15E-06,3.15E-06,3.10E-06,3.10E-06,2.76E-06,2.49E-06,2.49E-06,2.08E-05,2.08E-05,2.89E-06,2.22E-06,2.22E-06,2.36E-06,2.36E-06,3.22E-06,4.22E-06,4.22E-06,3.02E-06,3.02E-06,2.90E-06,2.74E-06,2.74E-06,2.98E-06,2.98E-06,2.57E-05,3.00E-06,3.00E-06,2.52E-06,2.52E-06,1.98E-06,1.89E-06,1.89E-06,1.77E-06,1.77E-06,1.63E-06,2.32E-06,2.32E-06,2.29E-06,2.29E-06,2.54E-06,1.75E-05,1.75E-05,1.93E-06,1.93E-06,1.38E-06,1.33E-06,1.33E-06,1.62E-06,1.62E-06,2.62E-06,5.10E-06,5.10E-06,5.94E-06,5.94E-06,5.17E-06,2.22E-06,2.22E-06,3.34E-05,3.34E-05,6.46E-06,5.32E-06,5.32E-06,4.32E-06,4.32E-06,5.00E-06,2.97E-06,2.97E-06,5.75E-06,5.75E-06,3.97E-06,4.79E-06,4.79E-06,4.57E-06,4.57E-06,3.06E-05,3.48E-06,3.48E-06,2.35E-06,2.35E-06,1.90E-06,1.89E-06,1.89E-06,0.109239064,0.109239064,0.6008719,0.000153007,0.000153007,7.16E-06,7.16E-06,2.17E-06,3.86E-05,3.86E-05,2.67E-06,2.67E-06,2.12E-06,1.76E-06,1.76E-06,2.40E-06,2.40E-06,2.66E-06,2.55E-06,2.55E-06,3.38E-06,3.38E-06,3.36E-06,2.06E-06,2.06E-06,3.44E-05,3.44E-05,5.17E-06,2.85E-06,2.85E-06,2.13E-06,2.13E-06,2.06E-06,2.28E-06,2.28E-06,1.67E-06,1.67E-06,1.78E-06,1.95E-06,1.95E-06,3.43E-06,3.43E-06,2.83E-05,5.30E-06,5.30E-06,2.60E-06,2.60E-06,3.01E-06,2.70E-06,2.70E-06,2.74E-06,2.74E-06,2.42E-06,2.98E-06,2.98E-06,2.10E-06,2.10E-06,2.16E-06,2.16E-05,2.16E-05,3.14E-06,3.14E-06,2.16E-06,1.94E-06,1.94E-06,1.68E-06,1.68E-06,1.93E-06,1.92E-06,1.92E-06,1.91E-06,1.91E-06,1.43E-06,1.33E-06,1.33E-06,1.83E-05,1.83E-05,2.43E-06,1.71E-06,1.71E-06,1.77E-06,1.77E-06,1.41E-06,1.69E-06,1.69E-06,1.56E-06,1.56E-06,1.57E-06,1.36E-06,1.36E-06,1.19E-06,1.19E-06,1.74E-05,3.08E-06,3.08E-06,1.72E-06,1.72E-06,1.64E-06,1.52E-06,1.52E-06,1.75E-06,1.75E-06,1.78E-06,1.93E-06,1.93E-06,2.30E-06,2.30E-06,2.49E-06,4.94E-05,4.94E-05,7.09E-06,7.09E-06,4.95E-06,4.91E-06,4.91E-06,5.00E-06,5.00E-06,6.13E-06,4.77E-06,4.77E-06,3.67E-06,3.67E-06,2.86E-06,3.00E-06,3.00E-06,4.80E-05,4.80E-05,6.83E-06,6.20E-06,6.20E-06,3.33E-06,3.33E-06,2.61E-06,2.49E-06,2.49E-06,2.21E-06,2.21E-06,2.01E-06,2.36E-06,2.36E-06,2.01E-06,2.01E-06,3.44E-05,1
4.95E-06,4.95E-06,3.13E-06,3.13E-06,2.41E-06,1.87E-06,1.87E-06,2.02E-06,2.02E-06,0.000749508,0.68607664,0.68607664,0.001588835,0.001588835,8.54E-06,3.94E-05,3.94E-05,2.97E-06,2.97E-06,2.46E-06,2.51E-06,2.51E-06,1.26E-06,1.26E-06,1.53E-06,1.61E-06,1.61E-06,1.37E-06,1.37E-06,1.33E-06,1.33E-06,1.33E-06,2.09E-05,2.09E-05,3.38E-06,1.80E-06,1.80E-06,2.80E-06,2.80E-06,1.63E-06,1.36E-06,1.36E-06,1.06E-06,1.06E-06,1.04E-06,2.32E-06,2.32E-06,0.98789793,0.98789793,0.87022847,0.7247095,0.7247095,0.000235505,0.000235505,1.40E-05,2.12E-06,2.12E-06,8.77E-07,8.77E-07,9.63E-07,8.89E-07,8.89E-07,9.75E-07,9.75E-07,8.36E-07,2.03E-05,2.03E-05,3.02E-06,3.02E-06,2.09E-06,2.16E-06,2.16E-06,1.84E-06,1.84E-06,2.58E-06,2.31E-06,2.31E-06,2.56E-06,2.56E-06,2.74E-06,2.12E-06,2.12E-06,2.43E-05,2.43E-05,4.15E-06,2.07E-06,2.07E-06,1.89E-06,1.89E-06,1.90E-06,1.74E-06,1.74E-06,1.95E-06,1.95E-06,2.36E-06,2.66E-06,2.66E-06,2.53E-06,2.53E-06,4.95E-05,0.078378424,0.078378424,0.08617439,0.08617439,0.002409854,1.88E-05,1.88E-05,1.33E-06,1.33E-06,5.88E-07,6.20E-07,6.20E-07,7.58E-07,7.58E-07,7.93E-07,1.77E-05,1.77E-05,1.84E-06,1.84E-06,1.34E-06,1.17E-06,1.17E-06,1.16E-06,1.16E-06,1.23E-06,1.04E-06,1.04E-06,1.23E-06,1.23E-06,9.79E-07,9.65E-07,9.65E-07,1.74E-05,1.74E-05,2.09E-06,8.29E-07,8.29E-07,9.86E-07,9.86E-07,9.35E-07,8.47E-07,8.47E-07,1.01E-06,1.01E-06,8.28E-07,7.34E-07,7.34E-07,1.02E-06,1.02E-06,1.73E-05,1.98E-06,1.98E-06,1.65E-06,1.65E-06,2.36E-06,0.03141405,0.03141405,0.13871025,0.13871025,0.25177076,0.6757303,0.6757303,0.832976,0.832976,0.7470617,0.8747848,0.8747848,0.06939873,0.06939873,0.000188185,9.19E-06,9.19E-06,4.12E-06,4.12E-06,3.40E-06,1.48E-06,1.48E-06,1.31E-06,1.31E-06,1.20E-06,1.22E-06,1.22E-06,2.28E-05,2.28E-05,2.66E-06,2.20E-06,2.20E-06,1.50E-06,1.50E-06,1.57E-06,1.58E-06,1.58E-06,1.94E-06,1.94E-06,1.24E-06,1.92E-06,1.92E-06,3.37E-06,3.37E-06,2.41E-05,3.86E-06,3.86E-06,2.67E-06,2.67E-06,2.10E-06,2.88E-06,2.88E-06,2.12E-06,2.12E-06,1.67E-06,2.14E-06,2.14E-06,2.54E-06,2.54E-06,2.17E-06,3.32E-05,3.32E-05,5.68E-06,5.68E-06,4.44E-06,3.39E-06,3.39E-06,2.90E-06,2.90E-06,2.73E-06,1
2.74E-06,2.74E-06,1.37E-06,1.37E-06,1.36E-06,1.36E-06,1.28E-06,1.28E-06,1.28E-06,1.28E-06,1.35E-06,1.35E-06,6.66E-07,6.66E-07,7.25E-07,7.25E-07,7.92E-07,7.92E-07,1.40E-05,1.40E-05,1.55E-06,1.55E-06,9.61E-07,9.61E-07,7.56E-07,7.56E-07,1.32E-06,1.32E-06,1.66E-06,1.66E-06,8.18E-07,8.18E-07,1.09E-06,1.09E-06,8.04E-07,8.04E-07,9.53E-07,9.53E-07,2.72E-05,2.72E-05,2.18E-06,2.18E-06,2.50E-06,2.50E-06,3.22E-06,3.22E-06,1.07E-06,1.07E-06,1.30E-06,1.30E-06,1.73E-06,1.73E-06,1.11E-06,1.11E-06,1.49E-06,1.49E-06,1.58E-06,1.58E-06,2.53E-05,2.53E-05,3.60E-06,3.60E-06,1.83E-06,1.83E-06,1.32E-06,1.32E-06,1.35E-06,1.35E-06,1.51E-06,1.51E-06,1.88E-06,1.88E-06,2.49E-06,2.49E-06,5.44E-06,5.44E-06,0.97976935,0.97976935,0.9779098,0.9779098,0.973663,0.973663,0.23116615,0.23116615,0.000119733,0.000119733,8.63E-06,8.63E-06,6.85E-06,6.85E-06,4.79E-06,4.79E-06,3.12E-06,3.12E-06,3.45E-06,3.45E-06,3.80E-06,3.80E-06,4.75E-05,4.75E-05,9.76E-06,9.76E-06,6.51E-06,6.51E-06,3.48E-06,3.48E-06,7.31E-06,7.31E-06,0.8399762,0.8399762,0.8086605,0.8086605,0.025577648,0.025577648,0.000146615,0.000146615,3.85E-05,3.85E-05,0.000100299,0.000100299,1.62E-05,1.62E-05,8.91E-06,8.91E-06,1.09E-05,1.09E-05,8.11E-06,8.11E-06,4.12E-06,4.12E-06,3.60E-06,3.60E-06,3.98E-06,3.98E-06,4.90E-06,4.90E-06,4.14E-06,4.14E-06,4.82E-05,4.82E-05,5.66E-06,5.66E-06,3.02E-06,3.02E-06,2.92E-06,2.92E-06,2.66E-06,2.66E-06,1.90E-06,1.90E-06,1.81E-06,1.81E-06,1.44E-06,1.44E-06,2.47E-06,2.47E-06,0.61449647,0.61449647,0.9639574,0.9639574,0.028725298,0.028725298,7.79E-05,7.79E-05,7.52E-06,7.52E-06,3.53E-06,3.53E-06,2.79E-06,2.79E-06,3.22E-06,3.22E-06,3.98E-06,3.98E-06,2.18E-06,2.18E-06,1.49E-06,1.49E-06,2.11E-05,2.11E-05,3.15E-06,3.15E-06,3.38E-06,3.38E-06,2.66E-06,2.66E-06,2.00E-06,2.00E-06,2.93E-06,2.93E-06,2.64E-06,2.64E-06,0.4753495,0.4753495,0.9878308,0.9878308,0.7670291,0.7670291,0.00068224,0.00068224,2.51E-05,2.51E-05,1.52E-05,1.52E-05,1.09E-05,1.09E-05,5.57E-06,5.57E-06,4.96E-06,4.96E-06,3.00E-06,3.00E-06,2.85E-06,2.85E-06,2.86E-06,2.86E-06,2.28E-06,2.28E-06,1.85E-05,1.85E-05,2.23E-06,2.23E-06,1.48E-06,1.48E-06,1.38E-06,1
1.38E-06,1.52E-06,1.52E-06,1.88E-06,1.88E-06,1.77E-06,1.77E-06,2.16E-06,2.16E-06,1.93E-06,1.93E-06,1.71E-06,1.71E-06,2.14E-05,2.14E-05,2.94E-06,2.94E-06,2.66E-06,2.66E-06,1.58E-06,1.58E-06,1.65E-06,1.65E-06,1.57E-06,1.57E-06,1.75E-06,1.75E-06,1.64E-06,1.64E-06,1.67E-06,1.67E-06,1.28E-06,1.28E-06,2.28E-05,2.28E-05,2.77E-06,2.77E-06,1.55E-06,1.55E-06,1.64E-06,1.64E-06,1.91E-06,1.91E-06,1.64E-06,1.64E-06,1.44E-06,1.44E-06,1.41E-06,1.41E-06,4.54E-06,4.54E-06,0.7628815,0.7628815,0.22022276,0.22022276,7.85E-05,7.85E-05,3.66E-06,3.66E-06,2.41E-06,2.41E-06,2.65E-06,2.65E-06,1.03E-06,1.03E-06,8.45E-07,8.45E-07,9.76E-07,9.76E-07,8.75E-07,8.75E-07,8.79E-07,8.79E-07,1.24E-05,1.24E-05,1.56E-06,1.56E-06,1.22E-06,1.22E-06,1.32E-06,1.32E-06,1.36E-06,1.36E-06,1.40E-06,1.40E-06,1.18E-06,1.18E-06,1.29E-06,1.29E-06,1.22E-06,1.22E-06,1.28E-06,1.28E-06,1.52E-05,1.52E-05,2.39E-06,2.39E-06,0.014166165,0.014166165,0.9917808,0.9917808,0.78428465,0.78428465,0.16503604,0.16503604,0.000133608,0.000133608,4.09E-06,4.09E-06,3.38E-06,3.38E-06,2.08E-06,2.08E-06,5.09E-05,5.09E-05,6.58E-06,6.58E-06,3.88E-06,3.88E-06,2.85E-06,2.85E-06,1.75E-06,1.75E-06,1.19E-06,1.19E-06,8.67E-07,8.67E-07,7.12E-07,7.12E-07,6.61E-07,6.61E-07,5.81E-07,5.81E-07,2.06E-05,2.06E-05,2.67E-06,2.67E-06,1.70E-06,1.70E-06,2.84E-06,2.84E-06,2.22E-06,2.22E-06,1.69E-06,1.69E-06,2.30E-06,2.30E-06,3.19E-06,3.19E-06,2.67E-06,2.67E-06,2.75E-06,2.75E-06,3.75E-05,3.75E-05,3.17E-06,3.17E-06,1.41E-06,1.41E-06,1.24E-06,1.24E-06,1.03E-06,1.03E-06,9.04E-07,9.04E-07,8.01E-07,8.01E-07,7.26E-07,7.26E-07,7.56E-07,7.56E-07,7.65E-07,7.65E-07,1.69E-05,1.69E-05,2.31E-06,2.31E-06,1.59E-06,1.59E-06,1.53E-06,1.53E-06,1.41E-06,1.41E-06,1.32E-06,1.32E-06,1.23E-06,1.23E-06,1.52E-06,1.52E-06,1.65E-06,1.65E-06,1.87E-06,1.87E-06,1.66E-05,1.66E-05,1.92E-06,1.92E-06,1.53E-06,1.53E-06,1.71E-06,1.71E-06,1.77E-06,1.77E-06,1.91E-06,1.91E-06,1.27E-06,1.27E-06,1.84E-06,1.84E-06,1.93E-06,1.93E-06,1.73E-06,1.73E-06,2.73E-05,2.73E-05,2.58E-06,2.58E-06,7.96E-06,7.96E-06,0.81128234,0.81128234,0.86926085,0.86926085,3.63E-05,3.63E-05,1
6.58E-06,6.58E-06,6.58E-06,8.64E-05,8.64E-05,9.59E-06,9.59E-06,7.43E-06,7.43E-06,6.68E-06,6.68E-06,6.87E-06,6.87E-06,8.05E-06,8.05E-06,8.04E-06,8.04E-06,8.21E-06,8.21E-06,7.53E-06,7.53E-06,8.23E-06,8.23E-06,7.41E-05,7.41E-05,1.49E-05,1.49E-05,1.49E-05,8.51E-06,8.51E-06,9.95E-06,9.95E-06,7.82E-06,7.82E-06,8.97E-06,8.97E-06,8.83E-06,8.83E-06,8.75E-06,8.75E-06,7.74E-06,7.74E-06,7.98E-06,7.98E-06,8.48E-05,8.48E-05,1.17E-05,1.17E-05,8.23E-06,8.23E-06,7.23E-06,7.23E-06,7.23E-06,9.06E-06,9.06E-06,8.06E-06,8.06E-06,8.61E-06,8.61E-06,6.68E-06,6.68E-06,9.32E-06,9.32E-06,1.32E-05,1.32E-05,9.74E-05,9.74E-05,1.58E-05,1.58E-05,2.09E-05,2.09E-05,1.96E-05,1.96E-05,1.62E-05,1.62E-05,2.30E-05,2.30E-05,2.30E-05,1.99E-05,1.99E-05,2.01E-05,2.01E-05,2.03E-05,2.03E-05,1.93E-05,1.93E-05,0.000483257,0.000483257,3.71E-05,3.71E-05,4.31E-05,4.31E-05,3.52E-05,3.52E-05,7.10E-05,7.10E-05,4.78E-05,4.78E-05,2.13E-05,2.13E-05,2.36E-05,2.36E-05,2.36E-05,4.36E-05,4.36E-05,9.39E-05,9.39E-05,0.000196025,0.000196025,8.40E-06,8.40E-06,6.46E-06,6.46E-06,5.53E-06,5.53E-06,5.14E-06,5.14E-06,5.25E-06,5.25E-06,5.96E-06,5.96E-06,5.55E-06,5.55E-06,6.14E-06,6.14E-06,6.53E-06,6.53E-06,6.53E-06,6.49E-05,6.49E-05,7.65E-06,7.65E-06,5.95E-06,5.95E-06,5.98E-06,5.98E-06,6.90E-06,6.90E-06,4.87E-06,4.87E-06,5.85E-06,5.85E-06,6.37E-06,6.37E-06,7.40E-06,7.40E-06,9.10E-06,9.10E-06,0.000113904,0.000113904,1.11E-05,1.11E-05,1.11E-05,8.21E-06,8.21E-06,7.05E-06,7.05E-06,7.81E-06,7.81E-06,8.20E-06,8.20E-06,7.42E-06,7.42E-06,1.08E-05,1.08E-05,1.23E-05,1.23E-05,2.18E-05,2.18E-05,0.000115966,0.000115966,1.65E-05,1.65E-05,1.65E-05,1.65E-05,1.00E-05,1.00E-05,1.00E-05,8.06E-06,8.06E-06,9.10E-06,9.10E-06,9.43E-06,9.43E-06,1.22E-05,1.22E-05,1.11E-05,1.11E-05,2.44E-05,2.44E-05,0.00012747,0.00012747,2.72E-05,2.72E-05,1.75E-05,1.75E-05,8.64E-06,8.64E-06,1.18E-05,1.18E-05,5.70E-05,5.70E-05,5.70E-05,0.06407872,0.06407872,0.006114593,0.006114593,0.000106187,0.000106187,1.27E-05,1.27E-05,7.39E-05,7.39E-05,1.26E-05,1.26E-05,8.66E-06,8.66E-06,1.22E-05,1.22E-05,1.23E-05,1.23E-05,9.00E-06,9.00E-06,1.72E-05,1.72E-05,1
